economy,YR1960,YR1961,YR1962,YR1963,YR1964,YR1965,YR1966,YR1967,YR1968,YR1969,YR1970,YR1971,YR1972,YR1973,YR1974,YR1975,YR1976,YR1977,YR1978,YR1979,YR1980,YR1981,YR1982,YR1983,YR1984,YR1985,YR1986,YR1987,YR1988,YR1989,YR1990,YR1991,YR1992,YR1993,YR1994,YR1995,YR1996,YR1997,YR1998,YR1999,YR2000,YR2001,YR2002,YR2003,YR2004,YR2005,YR2006,YR2007,YR2008,YR2009,YR2010,YR2011,YR2012,YR2013,YR2014,YR2015,YR2016,YR2017,YR2018,YR2019,YR2020,YR2021,YR2022,YR2023
ABW,-788.0,-566.0,-601.0,-650.0,-682.0,-727.0,-762.0,-1066.0,-1128.0,-1165.0,-1189.0,-1205.0,-548.0,-308.0,-240.0,-287.0,-701.0,-728.0,-745.0,-758.0,-756.0,-547.0,-413.0,-405.0,-535.0,-751.0,-954.0,-1052.0,-905.0,-185.0,879.0,1949.0,1294.0,1660.0,1664.0,1782.0,1813.0,1867.0,1958.0,2010.0,1226.0,566.0,349.0,329.0,326.0,594.0,634.0,672.0,703.0,743.0,501.0,333.0,317.0,315.0,333.0,373.0,405.0,434.0,431.0,420.0,0.0,503.0,152.0,147.0
AFE,-102704.0,-38646.0,-56414.0,-42809.0,22280.0,7627.0,5881.0,28506.0,37258.0,-18615.0,-12781.0,-91106.0,-120416.0,208461.0,54059.0,33607.0,-60672.0,-432016.0,609149.0,109460.0,-72573.0,514791.0,514670.0,468187.0,400951.0,344728.0,187193.0,208800.0,-230030.0,-143960.0,47976.0,-539801.0,-208254.0,250990.0,-153050.0,-283365.0,-719150.0,-760003.0,-225429.0,-471938.0,-688533.0,-592931.0,-531528.0,-517323.0,-472255.0,-568306.0,-581942.0,-530023.0,-438568.0,-479929.0,-413050.0,-712363.0,-174216.0,-91530.0,-414158.0,151528.0,-799850.0,340934.0,327087.0,100706.0,340127.0,187508.0,-220428.0,-989975.0
AFG,2606.0,6109.0,7016.0,6681.0,7079.0,10695.0,3563.0,6824.0,3333.0,2029.0,4458.0,-12801.0,-4050.0,-3030.0,-20009.0,-44418.0,-85430.0,-83115.0,-117186.0,-525413.0,-1174239.0,-1998086.0,-500998.0,-172797.0,248224.0,-208685.0,-343397.0,-345535.0,-56263.0,18296.0,-458737.0,32782.0,1197329.0,1149684.0,315206.0,52505.0,4072.0,-21215.0,7380.0,-32400.0,-1025973.0,-212872.0,860349.0,247317.0,-269194.0,250971.0,57673.0,-851298.0,215753.0,-60602.0,-167460.0,384486.0,68628.0,18119.0,233913.0,-286314.0,-143049.0,-71491.0,-36753.0,9159.0,143634.0,-548784.0,-647402.0,-48958.0
AFW,-759.0,-36991.0,-31675.0,-32310.0,-40403.0,-11060.0,-16542.0,14318.0,2490.0,-11263.0,6280.0,-86862.0,-56095.0,-51583.0,-1121.0,-2052.0,-141841.0,-65322.0,-56459.0,-40641.0,-94343.0,-18826.0,74723.0,-626026.0,-251393.0,-187629.0,-143659.0,-125058.0,-68540.0,-28470.0,-482233.0,-43861.0,39360.0,-271392.0,-117487.0,96446.0,-99789.0,147489.0,146647.0,-104687.0,29309.0,1062.0,4172.0,-72858.0,-15775.0,-127048.0,-213837.0,-217242.0,-252742.0,-245845.0,-310519.0,-223577.0,-509144.0,-373991.0,-181414.0,-247654.0,50874.0,-72945.0,-178068.0,-270812.0,-39974.0,-149585.0,-81809.0,327673.0
AGO,-40935.0,-74774.0,-77265.0,-78700.0,-79977.0,-81111.0,-82767.0,-85173.0,-87730.0,-90395.0,-36456.0,4386.0,47611.0,54650.0,53232.0,52662.0,47927.0,61110.0,61200.0,64158.0,72192.0,70910.0,75921.0,82958.0,78529.0,74738.0,64974.0,62820.0,65028.0,63586.0,64821.0,46143.0,53310.0,52879.0,61569.0,55568.0,61681.0,67944.0,70527.0,70301.0,72793.0,77458.0,82292.0,80828.0,90553.0,87050.0,95431.0,100563.0,100370.0,105077.0,122418.0,128800.0,130643.0,124478.0,84535.0,74171.0,91614.0,77731.0,61632.0,58984.0,7556.0,29094.0,-995.0,-995.0
ALB,13734.0,829.0,2325.0,4091.0,6604.0,9617.0,11858.0,12252.0,10490.0,2665.0,92.0,-911.0,-1588.0,-1419.0,-1880.0,-2610.0,-1684.0,-1417.0,3230.0,-1871.0,-601.0,-374.0,-225.0,66.0,64.0,-183.0,-2309.0,-3250.0,658.0,-38835.0,-60173.0,-63689.0,-66538.0,-68445.0,-70165.0,-69785.0,-68076.0,-66188.0,-66087.0,-63093.0,-60531.0,-48070.0,-45178.0,-48517.0,-48654.0,-48893.0,-48882.0,-49770.0,-50619.0,-51657.0,-51907.0,-18630.0,-19845.0,-20681.0,-21706.0,-20500.0,-9347.0,-14901.0,-15032.0,-23094.0,-16680.0,-32848.0,-16426.0,-25357.0
AND,639.0,655.0,665.0,672.0,665.0,663.0,873.0,1068.0,1094.0,1124.0,1145.0,1166.0,1177.0,1203.0,1222.0,1264.0,1286.0,1285.0,1247.0,1162.0,1010.0,927.0,1421.0,1377.0,1291.0,1079.0,2005.0,1094.0,1697.0,-38.0,3243.0,4121.0,2061.0,3137.0,-1402.0,-956.0,154.0,343.0,94.0,-365.0,-503.0,155.0,528.0,4924.0,4248.0,1317.0,2293.0,1566.0,947.0,-885.0,-6194.0,-363.0,-2201.0,-1642.0,-1734.0,-1873.0,1415.0,1357.0,1143.0,1245.0,572.0,1514.0,1102.0,1061.0
ARB,-78553.0,-145513.0,-120111.0,-162496.0,-160755.0,-184588.0,-50731.0,-31282.0,6095.0,7998.0,-44956.0,-74130.0,-58693.0,142378.0,-4921.0,391471.0,331843.0,186915.0,720749.0,844834.0,554470.0,-11074.0,246342.0,197650.0,286793.0,37797.0,218394.0,29819.0,-429193.0,-197544.0,-1433172.0,-277703.0,-49421.0,830289.0,-98479.0,52606.0,-157055.0,135363.0,184835.0,130302.0,468890.0,349835.0,426252.0,183300.0,453391.0,548882.0,705074.0,1108146.0,872244.0,504368.0,156222.0,223817.0,577194.0,735533.0,575497.0,364082.0,132220.0,-994068.0,-591361.0,-51896.0,-280925.0,471864.0,2684826.0,482824.0
ARE,3102.0,3141.0,3212.0,3264.0,3126.0,2598.0,1516.0,-283.0,28866.0,39902.0,40792.0,41425.0,41888.0,42243.0,42474.0,42380.0,78903.0,81111.0,82359.0,82238.0,78148.0,37600.0,38276.0,38536.0,38124.0,37605.0,69655.0,69493.0,68991.0,68132.0,67118.0,66943.0,65739.0,65545.0,62352.0,68938.0,180296.0,183310.0,183329.0,180469.0,178469.0,178779.0,178988.0,177237.0,176319.0,174926.0,399306.0,722380.0,523207.0,163643.0,161842.0,215183.0,225921.0,279269.0,360174.0,342468.0,195317.0,34155.0,14611.0,-125186.0,92541.0,421663.0,322773.0,300004.0
ARG,20387.0,26322.0,31449.0,32866.0,34530.0,36083.0,37752.0,39711.0,42014.0,42688.0,38355.0,35442.0,36050.0,38589.0,33134.0,-5293.0,-10235.0,-14675.0,-14665.0,-10213.0,1932.0,16569.0,29616.0,46438.0,47659.0,46889.0,38586.0,40859.0,37594.0,26555.0,15719.0,-8537.0,-13201.0,-16455.0,-18723.0,-19815.0,-20486.0,-20651.0,-20326.0,-20220.0,-22775.0,-23687.0,-22674.0,-22450.0,-22381.0,-22068.0,-20109.0,-18099.0,-12517.0,-7882.0,-5003.0,-1117.0,2978.0,5275.0,5794.0,5464.0,5215.0,4931.0,5742.0,5397.0,292.0,314.0,5589.0,4133.0
ARM,11827.0,12102.0,13898.0,16252.0,19028.0,20809.0,22131.0,22014.0,20855.0,17128.0,12700.0,14094.0,15836.0,17425.0,17995.0,17829.0,49014.0,53042.0,53277.0,-22659.0,-26099.0,-28487.0,-30862.0,-31993.0,-25143.0,-27710.0,-27727.0,-26879.0,-13325.0,98517.0,2122.0,5422.0,-196270.0,-126963.0,-112569.0,-50223.0,-51023.0,-51640.0,-55171.0,-51871.0,-52780.0,-51303.0,-27792.0,-29616.0,-30103.0,-29921.0,-29921.0,-29980.0,-29732.0,-30357.0,-30009.0,-17296.0,-16782.0,-16265.0,-15745.0,-15225.0,-14697.0,-14180.0,-13129.0,-14330.0,-13046.0,-19457.0,38001.0,75000.0
ASM,-257.0,-93.0,-94.0,-97.0,-100.0,-93.0,-22.0,-110.0,-68.0,-83.0,-295.0,-382.0,-381.0,-408.0,-393.0,-272.0,-291.0,-320.0,-355.0,-390.0,129.0,344.0,354.0,365.0,344.0,319.0,289.0,263.0,217.0,152.0,-219.0,-420.0,-491.0,-568.0,-523.0,-449.0,-407.0,-412.0,-459.0,-536.0,-1068.0,-1332.0,-1412.0,-1488.0,-1544.0,-1529.0,-1460.0,-1388.0,-1342.0,-1281.0,-1261.0,-1298.0,-1332.0,-1354.0,-1367.0,-1366.0,-1349.0,-1305.0,-1256.0,-1212.0,-653.0,-1333.0,-1305.0,-1159.0
ATG,-351.0,-685.0,-712.0,-738.0,-590.0,-601.0,-563.0,-481.0,-382.0,-271.0,-861.0,-1203.0,-1428.0,-1436.0,-1335.0,-1203.0,-1058.0,-942.0,-889.0,-854.0,-824.0,-810.0,-798.0,-761.0,-1182.0,-1261.0,-1175.0,-1174.0,-1168.0,-1124.0,-1085.0,225.0,424.0,507.0,535.0,555.0,505.0,489.0,456.0,386.0,263.0,139.0,40.0,32.0,93.0,196.0,315.0,371.0,369.0,338.0,291.0,243.0,196.0,145.0,97.0,44.0,0.0,0.0,0.0,0.0,0.0,0.0,0.0,0.0
AUS,85707.0,64495.0,58315.0,73237.0,91588.0,118891.0,110864.0,80904.0,100963.0,108770.0,256295.0,223991.0,54895.0,62928.0,56167.0,25336.0,32792.0,44946.0,45832.0,52137.0,89189.0,121921.0,111722.0,73251.0,79617.0,98327.0,113061.0,136421.0,153330.0,144042.0,100093.0,68847.0,40767.0,23833.0,51941.0,80456.0,82965.0,67661.0,81310.0,92900.0,111186.0,117552.0,108852.0,104437.0,110072.0,131371.0,191985.0,249873.0,275773.0,235628.0,166752.0,197657.0,235776.0,215823.0,200177.0,212350.0,254648.0,255023.0,226412.0,207142.0,44447.0,116768.0,140972.0,140232.0
AUT,-1732.0,-2760.0,1509.0,4774.0,3646.0,10719.0,18656.0,21285.0,-6880.0,5896.0,10601.0,32392.0,36703.0,34856.0,-16276.0,-24253.0,8336.0,13245.0,-8131.0,-1785.0,9811.0,29590.0,-22711.0,-1474.0,2906.0,5940.0,6630.0,1434.0,13807.0,46232.0,59873.0,77417.0,71451.0,33688.0,3113.0,1890.0,4077.0,1589.0,8702.0,19949.0,17631.0,39866.0,37508.0,44362.0,55007.0,50676.0,25787.0,24616.0,25405.0,18222.0,22570.0,31887.0,45014.0,56726.0,74375.0,115175.0,65976.0,45478.0,35296.0,41090.0,39601.0,52150.0,157365.0,4819.0
AZE,-148.0,-171.0,-183.0,-192.0,-1629.0,-3848.0,-3848.0,-3847.0,-3847.0,-3847.0,-3847.0,-3847.0,-3847.0,-3847.0,-3847.0,-3847.0,40241.0,39074.0,14836.0,-24019.0,-27778.0,-28276.0,-28467.0,-28573.0,-50685.0,-57247.0,-60841.0,-69061.0,-25290.0,-101986.0,-63324.0,-49814.0,-23984.0,-12224.0,21376.0,32139.0,42667.0,24475.0,13101.0,5300.0,15938.0,16252.0,15068.0,13153.0,13486.0,16431.0,16909.0,17112.0,15047.0,883.0,1373.0,1686.0,1986.0,2291.0,1073.0,1073.0,4671.0,-11324.0,-37559.0,384.0,1073.0,1073.0,9086.0,-84122.0
BDI,-14620.0,15094.0,-15378.0,-11502.0,29639.0,-13947.0,5262.0,-9821.0,-5917.0,-25292.0,-6346.0,-7569.0,-118457.0,2843.0,10065.0,-20693.0,-12848.0,1884.0,8247.0,-40126.0,149361.0,-58723.0,-3844.0,-41756.0,-29534.0,-66574.0,-55742.0,-21179.0,-46464.0,-43561.0,-39926.0,-39236.0,35769.0,-684261.0,516373.0,-84697.0,-226317.0,-84126.0,13840.0,-34465.0,-40032.0,9967.0,-16871.0,36719.0,47091.0,17905.0,15322.0,22129.0,79319.0,184359.0,11845.0,-19513.0,22617.0,-2285.0,-6856.0,-236207.0,-109296.0,-68349.0,68141.0,14253.0,-10189.0,-14415.0,1995.0,1995.0
BEL,9893.0,10566.0,14829.0,16355.0,17687.0,18243.0,18985.0,19492.0,19809.0,20072.0,19393.0,7992.0,8384.0,8684.0,8924.0,9652.0,10360.0,10460.0,10828.0,11277.0,11482.0,2826.0,1100.0,1252.0,1697.0,2165.0,2964.0,3525.0,3929.0,7301.0,8299.0,27038.0,25941.0,18542.0,17636.0,1937.0,15684.0,10262.0,12517.0,16849.0,13952.0,34924.0,39404.0,34472.0,35143.0,50576.0,53574.0,59911.0,66470.0,97175.0,105232.0,52464.0,45001.0,28066.0,37472.0,63536.0,28090.0,37981.0,50604.0,58469.0,43777.0,24017.0,118615.0,41679.0
BEN,-4722.0,-4791.0,-4844.0,-4847.0,-4839.0,-4793.0,-4764.0,-4756.0,-4756.0,-4792.0,-4851.0,-4921.0,-4970.0,-4960.0,-4814.0,-4607.0,-4308.0,-4022.0,-3731.0,-3365.0,-2946.0,-2543.0,-2253.0,-2090.0,-2018.0,-1953.0,-1899.0,-1792.0,-1867.0,-315.0,-333.0,0.0,-138.0,156223.0,-85128.0,-45469.0,-16490.0,-1322.0,2051.0,3177.0,3335.0,3732.0,3572.0,4283.0,4173.0,30495.0,-15135.0,241.0,3198.0,4279.0,3947.0,4283.0,1260.0,-887.0,3667.0,3369.0,3837.0,3716.0,3372.0,3366.0,1729.0,1729.0,-192.0,-192.0
BFA,-23220.0,-24687.0,-26040.0,-26382.0,-26307.0,-25398.0,-27301.0,-26444.0,-27461.0,-28406.0,-28832.0,-34524.0,-33679.0,-34452.0,-30599.0,-30484.0,-25786.0,-18914.0,-19274.0,-18559.0,-15345.0,-17797.0,-15879.0,-11618.0,-12445.0,-16623.0,-25051.0,-29081.0,-30068.0,-31843.0,-32970.0,-50451.0,-45003.0,-43784.0,-37554.0,-38943.0,-44314.0,-37200.0,-5367.0,-1922.0,3877.0,10654.0,16076.0,15359.0,17570.0,9795.0,-4218.0,-28202.0,-40725.0,-40148.0,-42055.0,-33391.0,-20930.0,-33212.0,-17984.0,-19726.0,-7598.0,-14780.0,-23938.0,-25240.0,-5661.0,-13079.0,-24960.0,-24957.0
BGD,13580.0,26503.0,26533.0,23215.0,25426.0,47610.0,3758.0,23164.0,-7970.0,-125010.0,-73719.0,224369.0,-269033.0,-77324.0,-277545.0,-390212.0,-424970.0,-458491.0,-486721.0,-507354.0,-515918.0,-184884.0,-156729.0,-201909.0,-245693.0,-287872.0,-331992.0,-367475.0,-395408.0,-406910.0,-404105.0,-230852.0,-246914.0,-271677.0,-206958.0,-231304.0,-254239.0,-273442.0,-286966.0,-286256.0,-512422.0,-737740.0,-819909.0,-896335.0,-970264.0,-1036635.0,-1091865.0,-1133553.0,-1158420.0,-1150194.0,-1113727.0,-848910.0,-829875.0,-862944.0,-889222.0,-909223.0,-918770.0,-1037176.0,-1029069.0,-1016796.0,-1002522.0,-994722.0,-549990.0,-549918.0
BGR,-1112.0,378.0,499.0,500.0,505.0,-1406.0,-144.0,-420.0,-132.0,-3204.0,-11315.0,-7654.0,-11296.0,-5409.0,-1402.0,-38071.0,-2522.0,-11955.0,-62769.0,-872.0,-2045.0,-1830.0,-1860.0,-1872.0,-1032.0,-19230.0,1104.0,357.0,215.0,-114705.0,-116817.0,-119356.0,-120552.0,-19973.0,-20984.0,-22020.0,-21520.0,-22963.0,-23262.0,-23846.0,-26211.0,-30726.0,-12735.0,-13183.0,-13604.0,-14435.0,-15184.0,-16366.0,-17595.0,-19060.0,-21668.0,-23360.0,-26334.0,-1324.0,-2180.0,-4227.0,-9482.0,-6109.0,-3873.0,-2156.0,30167.0,11756.0,26498.0,5173.0
BHR,1266.0,1076.0,810.0,714.0,491.0,-415.0,-718.0,-829.0,-3952.0,-4638.0,-4939.0,3159.0,6190.0,6450.0,6711.0,6900.0,6993.0,7017.0,6974.0,6908.0,6741.0,4523.0,3980.0,4252.0,4557.0,4657.0,4822.0,5152.0,5294.0,5220.0,5090.0,4562.0,2768.0,2850.0,3387.0,3842.0,4162.0,4036.0,3733.0,3130.0,2886.0,34371.0,45952.0,45571.0,45413.0,45682.0,46615.0,47500.0,47674.0,46467.0,-19329.0,-26107.0,12801.0,35574.0,40815.0,36809.0,46833.0,21958.0,-25978.0,-31967.0,-5048.0,11882.0,18975.0,20002.0
BHS,2290.0,2547.0,2729.0,2814.0,2129.0,2488.0,2816.0,3123.0,3405.0,3068.0,1517.0,825.0,296.0,125.0,164.0,323.0,490.0,586.0,563.0,484.0,367.0,125.0,160.0,243.0,302.0,469.0,389.0,326.0,413.0,523.0,241.0,412.0,433.0,445.0,454.0,460.0,454.0,445.0,437.0,418.0,845.0,290.0,636.0,949.0,1030.0,804.0,1735.0,1727.0,1474.0,1613.0,1898.0,1381.0,1047.0,1002.0,1002.0,1002.0,1002.0,1002.0,1002.0,1002.0,0.0,481.0,1001.0,1001.0
BIH,-6481.0,-14655.0,-21531.0,-22611.0,-23922.0,-24330.0,-23196.0,-21195.0,-20704.0,-21229.0,-20714.0,-15829.0,-14807.0,-14043.0,-14345.0,-14348.0,-13778.0,-11834.0,-9382.0,-7454.0,-7368.0,-9384.0,-9298.0,-9599.0,-10321.0,-11429.0,-12941.0,-14853.0,-17058.0,-19634.0,-22829.0,-26483.0,-436814.0,-178416.0,-157427.0,126914.0,173193.0,80133.0,24335.0,25495.0,8138.0,9055.0,-13312.0,-27396.0,-68008.0,-37086.0,-38622.0,-65335.0,-68140.0,-68182.0,-67228.0,-64875.0,-66378.0,-37002.0,-35683.0,-33948.0,-32173.0,-30650.0,-29147.0,-27841.0,-26840.0,-25865.0,-485.0,-485.0
BLR,-27382.0,-26780.0,-32996.0,-28653.0,-17837.0,-17979.0,-14544.0,-13409.0,-7511.0,-12833.0,-8643.0,-5818.0,-7966.0,-7357.0,-5157.0,-6302.0,-5350.0,-4925.0,-11143.0,395.0,16616.0,14998.0,3339.0,-2938.0,-3051.0,-784.0,-11499.0,-12462.0,-5424.0,5639.0,-26497.0,-5876.0,29477.0,19652.0,-12570.0,481.0,5205.0,-235.0,13192.0,2028.0,1812.0,-4469.0,-11945.0,-10795.0,-10424.0,-15451.0,-8303.0,-4013.0,-495.0,13610.0,10300.0,5686.0,10903.0,10550.0,14979.0,18088.0,8272.0,3337.0,8615.0,-33954.0,-33954.0,-33954.0,-8000.0,-3034.0
BLZ,-577.0,-347.0,-450.0,-170.0,-25.0,112.0,214.0,265.0,214.0,-148.0,-1297.0,-1693.0,-2029.0,-2227.0,-2399.0,-1624.0,-1731.0,-1843.0,-1960.0,-1844.0,-1350.0,-1354.0,-1410.0,-1414.0,-1381.0,-1402.0,-1475.0,-1527.0,-1579.0,-1654.0,-1763.0,-1699.0,-1634.0,-1521.0,-798.0,273.0,1365.0,2072.0,2153.0,1968.0,1675.0,1640.0,1739.0,1870.0,1980.0,2073.0,2321.0,2521.0,2627.0,2728.0,1639.0,1582.0,1524.0,1505.0,1456.0,1596.0,3313.0,1705.0,187.0,-606.0,64.0,-173.0,5936.0,595.0
BMU,-57.0,392.0,360.0,345.0,346.0,398.0,494.0,338.0,381.0,389.0,222.0,-291.0,-341.0,-359.0,-352.0,-335.0,-263.0,-218.0,-293.0,-300.0,-145.0,41.0,23.0,-45.0,0.0,-33.0,-50.0,76.0,36.0,24.0,34.0,-23.0,23.0,0.0,0.0,-51.0,-79.0,118.0,89.0,101.0,-50.0,-138.0,-114.0,-114.0,-182.0,-69.0,-171.0,27.0,32.0,-2.0,-201.0,-196.0,-237.0,-125.0,-99.0,-117.0,0.0,221.0,302.0,286.0,286.0,286.0,0.0,0.0
BOL,-3144.0,-3642.0,-4026.0,-4233.0,-4352.0,-4444.0,-4507.0,-4586.0,-4679.0,-4784.0,-4915.0,-5057.0,-5224.0,-5457.0,-5873.0,-6424.0,-7063.0,-7714.0,-8462.0,-9923.0,-11762.0,-13476.0,-14580.0,-15432.0,-16625.0,-17558.0,-18297.0,-18948.0,-19568.0,-20720.0,-21917.0,-23982.0,-25005.0,-26856.0,-27621.0,-28204.0,-28685.0,-28566.0,-28378.0,-28074.0,-26940.0,-24405.0,-22188.0,-19621.0,-17385.0,-15594.0,-14107.0,-13669.0,-13418.0,-13055.0,-12590.0,-12106.0,-11689.0,-11369.0,-10971.0,-10525.0,-10071.0,-9669.0,-9344.0,-8981.0,-4663.0,-4663.0,-3008.0,-3008.0
BRA,4066.0,75.0,-7171.0,-8136.0,-8146.0,-8824.0,-9317.0,-10033.0,-8856.0,-7763.0,-18779.0,-23421.0,-23584.0,-24071.0,-24093.0,-25499.0,-20612.0,-19478.0,-23416.0,-32503.0,-38918.0,-65971.0,-90766.0,-76322.0,-70035.0,-60879.0,-90973.0,-77800.0,-72825.0,-60023.0,-30555.0,-66600.0,14394.0,-69070.0,-68961.0,-69963.0,-71943.0,-72392.0,21666.0,-23497.0,-45800.0,-51600.0,-42008.0,-55350.0,-76661.0,-88868.0,-90634.0,-107481.0,-141056.0,-220207.0,-261539.0,-235860.0,-179707.0,-157228.0,-145732.0,-173611.0,-92989.0,-156296.0,-230334.0,-129216.0,-78437.0,-208581.0,-253639.0,-240059.0
BRB,-3315.0,-3323.0,-3327.0,-3303.0,-3277.0,-3251.0,-3201.0,-3436.0,-3693.0,-4236.0,-4852.0,-4396.0,-3665.0,-3508.0,-3222.0,-2939.0,-2836.0,-2778.0,-2725.0,-2691.0,-1687.0,-1821.0,-1794.0,-1733.0,-1447.0,-1487.0,-1377.0,-1262.0,-1301.0,-1400.0,-1474.0,-1108.0,-1076.0,-1080.0,-1096.0,-1141.0,-1164.0,-1122.0,-1068.0,-1215.0,-2628.0,199.0,308.0,248.0,273.0,330.0,317.0,308.0,526.0,296.0,-36.0,-54.0,-64.0,-65.0,-65.0,-65.0,-65.0,-65.0,-65.0,-65.0,0.0,-28.0,-80.0,-80.0
BRN,982.0,1014.0,1088.0,1469.0,1595.0,1655.0,1697.0,1703.0,1677.0,1608.0,-1538.0,-476.0,1053.0,1007.0,1011.0,1047.0,1080.0,1157.0,791.0,899.0,995.0,1124.0,1475.0,1602.0,1722.0,1808.0,1897.0,994.0,962.0,1002.0,992.0,1087.0,969.0,1082.0,1206.0,1348.0,1464.0,1533.0,1566.0,1639.0,1660.0,1569.0,1499.0,1383.0,1261.0,1163.0,1030.0,2291.0,2409.0,2489.0,2479.0,1399.0,346.0,285.0,303.0,356.0,415.0,440.0,450.0,456.0,462.0,0.0,0.0,0.0
BTN,1481.0,1586.0,2096.0,2096.0,2196.0,2307.0,2407.0,2493.0,2593.0,2700.0,2700.0,2700.0,2700.0,2700.0,2700.0,2700.0,2700.0,2700.0,2700.0,2493.0,2307.0,2096.0,1897.0,1897.0,1779.0,1694.0,1586.0,1481.0,1286.0,1180.0,-1000.0,-9522.0,-65900.0,-9800.0,-17997.0,-21501.0,-1998.0,-1994.0,486.0,3542.0,3940.0,3874.0,3996.0,3921.0,3642.0,848.0,-1283.0,-1553.0,-1538.0,-1305.0,-922.0,-464.0,20.0,309.0,452.0,450.0,1116.0,287.0,287.0,287.0,287.0,287.0,291.0,291.0
BWA,-4331.0,-4168.0,-4028.0,-4000.0,-4126.0,-14753.0,-15140.0,-15438.0,-15681.0,-15870.0,-16054.0,-3016.0,5937.0,10615.0,8854.0,11086.0,11914.0,13708.0,26015.0,15918.0,-10849.0,7610.0,1751.0,1980.0,2393.0,2683.0,2558.0,2624.0,-215.0,1495.0,2580.0,4311.0,8026.0,8441.0,9023.0,9464.0,9368.0,9597.0,9685.0,9762.0,9798.0,7991.0,4747.0,4488.0,4314.0,4283.0,4270.0,3926.0,4343.0,4960.0,5151.0,-1019.0,-6636.0,-7836.0,-8893.0,-9599.0,-10286.0,-10916.0,-11623.0,-11770.0,-11330.0,-4083.0,-7306.0,-6487.0
CAF,474.0,474.0,474.0,474.0,474.0,474.0,474.0,474.0,474.0,-80.0,-3693.0,-7259.0,-9634.0,-9800.0,-9838.0,-9895.0,-33645.0,-35782.0,-37874.0,-39850.0,-41539.0,-42872.0,-43908.0,-44780.0,-45591.0,-46427.0,-47332.0,-47428.0,-31016.0,409.0,1995.0,4381.0,9269.0,9930.0,9496.0,-12986.0,2697.0,2034.0,4479.0,6284.0,8079.0,-33006.0,5992.0,-18097.0,-16510.0,-13604.0,-41282.0,-30352.0,-28983.0,-28899.0,-43126.0,-86281.0,-111764.0,-112382.0,-174051.0,-63045.0,-52607.0,-58584.0,-52954.0,-36849.0,-24745.0,-85646.0,-17430.0,-14682.0
CAN,49694.0,34721.0,35373.0,51831.0,68003.0,112401.0,144641.0,132856.0,108864.0,93600.0,304627.0,210244.0,89880.0,125401.0,155596.0,139797.0,106894.0,70339.0,52781.0,86719.0,122743.0,113461.0,89544.0,66172.0,55982.0,69776.0,121928.0,171308.0,238003.0,258094.0,181461.0,134463.0,138121.0,133426.0,134863.0,141818.0,154553.0,144678.0,142346.0,158342.0,201727.0,222100.0,208060.0,185643.0,194611.0,204526.0,202175.0,213801.0,238083.0,244463.0,225369.0,227075.0,243748.0,239813.0,192884.0,224332.0,329455.0,372685.0,420224.0,387685.0,256592.0,198867.0,459988.0,433842.0
CEB,-58018.0,-60353.0,-82854.0,-63792.0,-74612.0,-80692.0,-41319.0,18789.0,31277.0,51875.0,2460.0,49990.0,49682.0,39568.0,3913.0,-46208.0,2098.0,-56839.0,-145581.0,-42249.0,-69940.0,-42984.0,-45311.0,-18260.0,-36311.0,-62241.0,-26749.0,-53525.0,-110371.0,-250743.0,-215793.0,-256676.0,-377048.0,-256064.0,-231755.0,-228410.0,-216086.0,-224598.0,-208220.0,-200276.0,-196924.0,-130075.0,-119846.0,-122185.0,-161032.0,-195739.0,-193602.0,-169376.0,-190262.0,-173417.0,-103905.0,-141804.0,-78436.0,-53400.0,-50434.0,-70563.0,-112017.0,-105389.0,-5347.0,36399.0,79111.0,36967.0,1701818.0,83236.0
CHE,22313.0,101278.0,82798.0,58415.0,21455.0,-1351.0,14979.0,27697.0,25828.0,20754.0,-18326.0,2636.0,19991.0,8158.0,2008.0,-58187.0,-54255.0,-22516.0,-6552.0,4262.0,17841.0,24229.0,21929.0,5663.0,12532.0,14402.0,23242.0,27081.0,34602.0,34432.0,58428.0,69738.0,42014.0,40267.0,30274.0,25343.0,-131.0,-1939.0,11325.0,25599.0,24463.0,35420.0,49650.0,42567.0,39484.0,33203.0,37308.0,72475.0,94430.0,69324.0,76388.0,67194.0,67840.0,83823.0,78122.0,71876.0,71009.0,45658.0,41253.0,44517.0,55523.0,50665.0,96424.0,45098.0
CHI,385.0,685.0,709.0,683.0,734.0,793.0,841.0,928.0,934.0,944.0,1034.0,1073.0,1067.0,986.0,931.0,810.0,456.0,254.0,249.0,241.0,249.0,1012.0,1357.0,1175.0,1264.0,1245.0,1185.0,1116.0,1081.0,1096.0,1392.0,311.0,-109.0,-39.0,-184.0,-291.0,236.0,296.0,267.0,207.0,169.0,679.0,802.0,774.0,768.0,810.0,805.0,765.0,745.0,764.0,742.0,705.0,741.0,696.0,721.0,432.0,307.0,666.0,890.0,900.0,858.0,933.0,820.0,860.0
CHL,-27184.0,-27159.0,-28023.0,-29082.0,-31261.0,-33988.0,-36446.0,-38159.0,-38224.0,-36976.0,-36079.0,-34147.0,-32584.0,-31878.0,-31211.0,-30524.0,-29967.0,-29651.0,-29644.0,-29873.0,-28060.0,-28096.0,-26646.0,-23386.0,-21188.0,-18047.0,-17148.0,-11958.0,-9131.0,-6186.0,-1274.0,-2207.0,0.0,1164.0,1930.0,2454.0,2942.0,3504.0,10984.0,8226.0,7067.0,6346.0,7824.0,9225.0,11495.0,14289.0,17285.0,20170.0,22488.0,24324.0,26048.0,28086.0,30870.0,36529.0,52702.0,55689.0,135864.0,220621.0,237807.0,181339.0,26042.0,65480.0,59374.0,62679.0
CHN,-16927.0,-25578.0,-31305.0,-31383.0,-1250441.0,-130900.0,4165.0,1246654.0,-37290.0,-72836.0,-126510.0,-180153.0,-215650.0,-214997.0,-175239.0,-115173.0,-55109.0,-15323.0,-9916.0,-13704.0,-20129.0,-28016.0,-36181.0,-43756.0,-51961.0,-60929.0,-79190.0,-169170.0,-282194.0,-313476.0,-11187.0,-544650.0,-142985.0,-373316.0,-723641.0,-365986.0,-250750.0,-279251.0,-40472.0,-96102.0,-62622.0,-176419.0,-761291.0,-613223.0,-770977.0,-103701.0,-759559.0,-1042019.0,-764370.0,-177135.0,-184144.0,-416189.0,-58864.0,-188951.0,-371108.0,-646941.0,-153056.0,-94625.0,-198206.0,-656091.0,-91577.0,-379749.0,-293846.0,-567724.0
CIV,31307.0,36410.0,39670.0,40125.0,40125.0,40125.0,40125.0,40125.0,41198.0,48192.0,58883.0,69728.0,77213.0,78963.0,79445.0,79766.0,12735.0,22452.0,31822.0,40355.0,47031.0,51354.0,53384.0,53646.0,52594.0,50872.0,48233.0,45028.0,53187.0,67324.0,79979.0,92228.0,104006.0,113215.0,120247.0,124501.0,125556.0,124443.0,109961.0,-42777.0,-63843.0,-76679.0,-90503.0,-99880.0,-108869.0,-117342.0,-124651.0,-130079.0,-150037.0,-168027.0,-182689.0,-200010.0,-232712.0,-250964.0,-23011.0,522.0,18568.0,-796.0,5395.0,2043.0,-12390.0,1322.0,26777.0,6002.0
CMR,0.0,0.0,0.0,0.0,0.0,-39.0,-96.0,-148.0,-204.0,-286.0,-367.0,-439.0,-473.0,-466.0,-377.0,-237.0,-19994.0,-20622.0,-1282.0,-12108.0,70589.0,27845.0,-139974.0,-37346.0,-3512.0,-3604.0,-3671.0,-3829.0,-16016.0,-11244.0,-8163.0,-14520.0,-13702.0,-9601.0,-12028.0,-12661.0,-12738.0,-13842.0,-12446.0,-17398.0,-21221.0,-19203.0,-10766.0,-18568.0,-19444.0,-27775.0,-28528.0,-10807.0,-10720.0,-10203.0,-9366.0,-12669.0,-7523.0,-6900.0,96599.0,42008.0,13255.0,-37912.0,-9184.0,-12255.0,-9888.0,-9888.0,-4798.0,-4798.0
COD,27673.0,35654.0,39431.0,41960.0,48207.0,61397.0,54443.0,64307.0,57274.0,46778.0,39116.0,-5497.0,2840.0,7414.0,3216.0,-972.0,-25965.0,-26355.0,268974.0,181028.0,51685.0,54656.0,97495.0,146095.0,190045.0,118791.0,70988.0,111220.0,101314.0,84415.0,219270.0,86721.0,252666.0,240176.0,1232105.0,-273434.0,-777833.0,-527356.0,295560.0,109761.0,79340.0,26523.0,-17358.0,-106731.0,4260.0,20384.0,-29715.0,-99742.0,-82339.0,-46009.0,8823.0,40891.0,53668.0,121097.0,36966.0,-17711.0,440748.0,176290.0,-124246.0,-144920.0,-1633.0,-64639.0,-14991.0,-14992.0
COG,0.0,0.0,0.0,0.0,0.0,0.0,0.0,0.0,0.0,0.0,0.0,0.0,0.0,-22.0,-312.0,-10944.0,-11971.0,-12673.0,-13356.0,-14378.0,-14972.0,-15630.0,-16664.0,-18720.0,0.0,182.0,367.0,525.0,22.0,1214.0,-395.0,1966.0,0.0,10218.0,1850.0,3747.0,1085.0,-20704.0,10500.0,2470.0,79780.0,-764.0,-16140.0,26280.0,25412.0,38337.0,35475.0,31239.0,1774.0,86014.0,12318.0,5262.0,-26643.0,-24605.0,-21598.0,-18207.0,-14783.0,-11601.0,-8856.0,-6268.0,-4472.0,-4476.0,-995.0,-995.0
COL,-49115.0,-47849.0,-50108.0,-52631.0,-53972.0,-51855.0,-59395.0,-57256.0,-61442.0,-64238.0,-66065.0,-84712.0,-77708.0,-75630.0,-80816.0,-84462.0,-98057.0,-67638.0,-67870.0,-63657.0,-44203.0,-50351.0,-37090.0,-13329.0,-18692.0,-21408.0,-42368.0,-36040.0,-25064.0,-21329.0,-7590.0,-48458.0,-15147.0,-30103.0,-16023.0,-33097.0,-28251.0,-23600.0,-8186.0,-22698.0,-27878.0,-28582.0,-24387.0,-33114.0,-25949.0,-41465.0,-39303.0,-49634.0,-63313.0,-46901.0,-34220.0,-46385.0,-56070.0,-64789.0,-67522.0,-41123.0,104373.0,431072.0,495524.0,396826.0,227130.0,199070.0,183180.0,154521.0
COM,-1406.0,-1518.0,-1667.0,-1764.0,-1924.0,-2261.0,-1408.0,465.0,592.0,769.0,966.0,1216.0,1461.0,1684.0,1840.0,1986.0,1585.0,1377.0,909.0,468.0,-344.0,-999.0,-1065.0,-1122.0,-1259.0,-1339.0,-1502.0,-1687.0,-1832.0,-1860.0,-2141.0,-3323.0,-5198.0,-5196.0,-5024.0,-4951.0,-4805.0,-4508.0,-4194.0,-3490.0,-2557.0,-2029.0,-1925.0,-4112.0,-2455.0,-2760.0,-3020.0,-3147.0,-3294.0,-3553.0,-3832.0,-3897.0,-3835.0,-2365.0,-2667.0,-2815.0,-2938.0,-2920.0,-2917.0,-2916.0,-1766.0,-1766.0,-2002.0,-2002.0
CPV,-2267.0,49.0,904.0,945.0,1006.0,1093.0,1230.0,1376.0,1521.0,1608.0,172.0,-4085.0,-6316.0,-6410.0,-6512.0,-5829.0,-6389.0,-6730.0,-6833.0,-6875.0,-5980.0,-5684.0,-5629.0,-5834.0,-6035.0,-6192.0,-6314.0,-6418.0,-6474.0,-5704.0,-2398.0,-2924.0,-3231.0,-3393.0,-3299.0,-3125.0,-3297.0,-3211.0,-3332.0,-3371.0,-2772.0,-2528.0,-2751.0,-2898.0,-2993.0,-2768.0,-2408.0,-2200.0,-2340.0,-2618.0,-5069.0,-7226.0,-6779.0,-6622.0,-6578.0,-6226.0,-6004.0,-5550.0,-4679.0,-4001.0,-3362.0,0.0,-1253.0,-1226.0
CRI,910.0,924.0,934.0,938.0,934.0,932.0,930.0,926.0,939.0,1017.0,1137.0,1296.0,1366.0,1468.0,1839.0,1992.0,2129.0,2228.0,2296.0,2349.0,2387.0,2431.0,2453.0,2449.0,2402.0,2357.0,2302.0,2267.0,2414.0,3758.0,7949.0,10757.0,13069.0,14431.0,15587.0,16609.0,17393.0,16954.0,15556.0,13253.0,8826.0,7119.0,5812.0,5216.0,4856.0,4567.0,4321.0,4080.0,3794.0,3432.0,2357.0,1695.0,1587.0,1579.0,1589.0,1617.0,1649.0,1671.0,1673.0,1653.0,1029.0,1018.0,1006.0,995.0
CSS,-19498.0,-24316.0,-21343.0,-21929.0,-25030.0,-24803.0,-23748.0,-22343.0,-20891.0,-21181.0,-27501.0,-28646.0,-42902.0,-43938.0,-44267.0,-43283.0,-43286.0,-43617.0,-44274.0,-45475.0,-43209.0,-46337.0,-47563.0,-48100.0,-47448.0,-42614.0,-43598.0,-45643.0,-42602.0,-43630.0,-46122.0,-35417.0,-31271.0,-32863.0,-27678.0,-22740.0,-22034.0,-21260.0,-20367.0,-19769.0,-20051.0,-17513.0,-14717.0,-12372.0,-16581.0,-16904.0,-15868.0,-15915.0,-15915.0,-15529.0,-16092.0,-14685.0,-8556.0,-6395.0,-8043.0,-6976.0,-6612.0,-4667.0,64330.0,-40925.0,-2468.0,3618.0,2737.0,-4680.0
CUB,-25396.0,-33163.0,-39116.0,-41979.0,-44406.0,-46683.0,-48509.0,-49556.0,-49387.0,-47446.0,-44466.0,-43056.0,-50031.0,-52073.0,-52697.0,-46268.0,-41042.0,-36811.0,-29839.0,-35473.0,-37114.0,-22159.0,-21055.0,-19994.0,-18994.0,-18048.0,-17146.0,-16290.0,-15474.0,-14705.0,-15438.0,-20665.0,-21867.0,-24358.0,-27501.0,-29235.0,-26105.0,-35712.0,-33863.0,-31456.0,-24980.0,-23442.0,-25535.0,-24916.0,-16776.0,-16561.0,-12619.0,-19050.0,-29427.0,-35063.0,-34121.0,-35313.0,-36101.0,-37619.0,-39426.0,-24910.0,-24146.0,-23394.0,-23779.0,-23955.0,-11976.0,-11976.0,-23149.0,-22797.0
CUW,-1530.0,-1306.0,-1381.0,-1431.0,-1454.0,-1477.0,-1460.0,-1446.0,-1405.0,-1384.0,-1392.0,-1401.0,-1553.0,-1841.0,-1870.0,-1901.0,-1928.0,-1949.0,-1972.0,-2001.0,-2026.0,-2116.0,-2248.0,-2295.0,-2327.0,-2351.0,-2364.0,-2381.0,-2391.0,-2405.0,-2419.0,-2428.0,-2574.0,-2776.0,-2829.0,-2847.0,-2872.0,-2900.0,-2931.0,-2963.0,-2995.0,-982.0,1035.0,1014.0,1006.0,438.0,489.0,533.0,541.0,484.0,242.0,1516.0,1469.0,1283.0,1063.0,842.0,645.0,537.0,25592.0,-9595.0,992.0,503.0,518.0,518.0
CYM,-24.0,-7.0,-6.0,1.0,16.0,28.0,37.0,41.0,39.0,43.0,294.0,500.0,375.0,460.0,493.0,492.0,484.0,456.0,413.0,425.0,588.0,578.0,629.0,648.0,649.0,646.0,649.0,663.0,646.0,700.0,998.0,982.0,1020.0,1040.0,1042.0,1039.0,1026.0,1004.0,974.0,960.0,1021.0,1026.0,1019.0,1003.0,1004.0,1002.0,997.0,990.0,975.0,951.0,978.0,1024.0,1060.0,1077.0,1105.0,1107.0,1094.0,1065.0,1011.0,859.0,810.0,965.0,942.0,921.0
CYP,3766.0,-3695.0,-3441.0,-3005.0,-3347.0,-4184.0,-3623.0,-3451.0,-3207.0,-2744.0,-2001.0,-1586.0,-1037.0,-2877.0,-8220.0,-4820.0,-1496.0,-521.0,-735.0,-1232.0,-2284.0,-1171.0,-46.0,2899.0,2485.0,2647.0,2362.0,2465.0,1727.0,1903.0,1371.0,1294.0,2562.0,10520.0,10305.0,10549.0,10506.0,10696.0,10942.0,11023.0,10753.0,11283.0,12814.0,12786.0,12583.0,12616.0,12110.0,12332.0,11887.0,11555.0,11793.0,12566.0,12237.0,11914.0,11599.0,11277.0,10951.0,10632.0,10311.0,9983.0,9653.0,9341.0,9014.0,8697.0
CZE,2748.0,-5712.0,-6886.0,-5753.0,-6122.0,-7545.0,-8675.0,-8137.0,-8111.0,-8133.0,-9353.0,-2598.0,-2755.0,-2625.0,-2919.0,-3057.0,-2727.0,-1968.0,-795.0,-13.0,1738.0,-372.0,-1018.0,-1971.0,-1481.0,-1173.0,-771.0,-1514.0,-1359.0,-2175.0,-3529.0,5568.0,6718.0,7197.0,6401.0,6459.0,6539.0,6664.0,6374.0,5965.0,4420.0,21749.0,26089.0,25997.0,26030.0,26203.0,26259.0,27887.0,29813.0,31270.0,34927.0,16841.0,5347.0,5427.0,6303.0,5037.0,5465.0,5747.0,5849.0,5553.0,4336.0,4111.0,329739.0,-14638.0
DEU,212666.0,27534.0,276505.0,205976.0,69825.0,338258.0,134107.0,-174155.0,293307.0,584017.0,-273498.0,450328.0,336015.0,386881.0,-15126.0,-207740.0,-79761.0,33881.0,117167.0,237705.0,324203.0,130713.0,-58121.0,-81349.0,-150771.0,103556.0,212822.0,174272.0,515962.0,761002.0,679702.0,602638.0,811606.0,462096.0,315585.0,398077.0,281280.0,93281.0,-754469.0,219280.0,174594.0,272875.0,218795.0,142009.0,81735.0,81351.0,-489056.0,-24772.0,-23341.0,46533.0,130116.0,295282.0,199143.0,462384.0,592338.0,1175283.0,517480.0,452988.0,403908.0,319082.0,203468.0,310264.0,981552.0,609553.0
DJI,886.0,1136.0,1695.0,2257.0,2846.0,3023.0,3014.0,3001.0,3001.0,4995.0,5004.0,6184.0,6690.0,7583.0,9910.0,13029.0,16028.0,17961.0,17788.0,14726.0,10121.0,5502.0,2450.0,2441.0,5452.0,9997.0,14543.0,17545.0,17242.0,33465.0,49970.0,21510.0,-65203.0,8896.0,-15756.0,-3163.0,2652.0,13625.0,10352.0,7046.0,5632.0,7629.0,5022.0,-5636.0,-5249.0,-3779.0,2719.0,1253.0,2148.0,2770.0,2129.0,2090.0,2104.0,2033.0,1900.0,1723.0,1623.0,1535.0,1435.0,1322.0,1300.0,1300.0,500.0,500.0
DMA,-759.0,-1044.0,-1028.0,-978.0,-911.0,-816.0,-715.0,-605.0,-488.0,-406.0,-847.0,-1022.0,-971.0,-882.0,-770.0,-678.0,-627.0,-634.0,-705.0,-802.0,-1035.0,-1420.0,-1588.0,-1615.0,-1614.0,-1617.0,-1642.0,-1661.0,-1653.0,-1651.0,-1722.0,-1183.0,-969.0,-1061.0,-984.0,-885.0,-838.0,-803.0,-805.0,-947.0,-973.0,-585.0,-248.0,-252.0,-254.0,-259.0,-316.0,-297.0,-264.0,-198.0,-206.0,307.0,-461.0,1376.0,-431.0,92.0,-2032.0,-234.0,-231.0,-228.0,-225.0,-224.0,-202.0,-199.0
DNK,-4047.0,3012.0,3900.0,594.0,1333.0,-2098.0,2011.0,1623.0,-3557.0,6687.0,20947.0,-1159.0,7053.0,7107.0,-437.0,-10672.0,3182.0,5548.0,5678.0,5808.0,803.0,-1741.0,235.0,1952.0,4325.0,9957.0,11463.0,6338.0,677.0,3720.0,8667.0,10827.0,11937.0,11411.0,10766.0,28958.0,17534.0,12269.0,11098.0,9520.0,10441.0,12192.0,9629.0,7228.0,5166.0,6887.0,10491.0,20560.0,25775.0,15551.0,17533.0,13495.0,16871.0,21359.0,27242.0,42284.0,33391.0,24561.0,18919.0,9488.0,10851.0,26887.0,60219.0,31006.0
DOM,-13344.0,-14511.0,-15389.0,-15889.0,-16059.0,-15978.0,-15701.0,-15324.0,-14901.0,-14531.0,-14255.0,-14156.0,-14262.0,-14594.0,-15402.0,-16425.0,-16866.0,-17077.0,-16909.0,-16296.0,-17485.0,-19809.0,-20886.0,-21582.0,-22239.0,-23388.0,-24772.0,-25850.0,-26552.0,-26984.0,-27397.0,-29351.0,-30262.0,-30719.0,-29610.0,-29873.0,-30018.0,-30034.0,-30108.0,-30228.0,-33256.0,-36441.0,-36575.0,-36657.0,-36851.0,-37063.0,-37170.0,-37076.0,-36723.0,-36561.0,-36587.0,-36687.0,-36737.0,-36673.0,-36543.0,-36375.0,-36219.0,-36069.0,-35934.0,-35797.0,-17957.0,-17957.0,-35153.0,-34915.0
DZA,-55212.0,-123928.0,-112676.0,-124175.0,-108798.0,-142810.0,-29832.0,-23983.0,-23870.0,-28535.0,-37058.0,-35141.0,-32832.0,-29938.0,-27605.0,300482.0,302662.0,5360.0,19317.0,24311.0,32879.0,39043.0,48660.0,61292.0,68774.0,75729.0,64381.0,24933.0,24376.0,-234.0,1962.0,-6945.0,44102.0,14289.0,430.0,37817.0,71139.0,87582.0,-13991.0,-5657.0,-16454.0,-26539.0,-36255.0,-39421.0,-38648.0,-51345.0,-44138.0,-25046.0,-2101.0,-4458.0,-10788.0,-20108.0,-26763.0,-30052.0,-30064.0,-27638.0,-6438.0,-14403.0,-27146.0,-27786.0,-10798.0,-10803.0,-14684.0,-25963.0
EAP,-102382.0,-91793.0,-99033.0,-117879.0,-1307774.0,-378976.0,-275180.0,966792.0,-184423.0,-189659.0,-527102.0,-416037.0,-471824.0,-557682.0,-576145.0,-366755.0,-253698.0,-109587.0,-213628.0,-366545.0,-282759.0,-188456.0,-73720.0,157476.0,30151.0,-87018.0,-186311.0,-86717.0,-297012.0,-421736.0,148408.0,-841889.0,144582.0,-456650.0,-489036.0,-58220.0,231802.0,281314.0,398779.0,-316682.0,-180196.0,-555874.0,-1199125.0,-1130524.0,-1296139.0,-644475.0,-844152.0,-763351.0,-719190.0,-375018.0,-193531.0,-655632.0,87349.0,-351854.0,-528520.0,-1000530.0,-123501.0,-126551.0,-255673.0,-645228.0,-105012.0,-369368.0,-517633.0,-746222.0
EAR,46031.0,137395.0,-182048.0,-114089.0,-251670.0,-601687.0,-851063.0,-336316.0,-1203615.0,-1219889.0,-564509.0,-1476833.0,-1055721.0,-1227973.0,-732902.0,-428134.0,-630949.0,-996916.0,-1649672.0,-599820.0,-238420.0,1918790.0,209750.0,257376.0,-419187.0,-283409.0,-519191.0,-209474.0,-466682.0,-582510.0,970041.0,-562975.0,-1587026.0,-2672434.0,-4220330.0,-859564.0,167717.0,-668291.0,-1382724.0,-1974316.0,-1662886.0,-2270822.0,-4416227.0,-2529975.0,-2045629.0,-3054076.0,-1654859.0,-2261490.0,-4140674.0,-2549650.0,-2324365.0,-3435478.0,-3905532.0,-4477911.0,-3657459.0,-3634629.0,-5251285.0,-5100703.0,-5097600.0,-3682277.0,-2085062.0,-1734630.0,-2358411.0,-2806208.0
EAS,-40790.0,-345103.0,-418395.0,-435635.0,-134097.0,-245021.0,-104386.0,-195209.0,211383.0,234885.0,13533.0,-173644.0,-357865.0,-459620.0,-422547.0,-372704.0,-297939.0,-153066.0,-261839.0,-474468.0,-366067.0,-233412.0,-140213.0,106912.0,-45360.0,-51031.0,114101.0,261004.0,80767.0,-61486.0,508029.0,-737242.0,231993.0,-353094.0,-343989.0,75959.0,405997.0,454195.0,550618.0,-183876.0,-65727.0,-309339.0,-1009626.0,-958969.0,-1067145.0,-319362.0,-348736.0,-163075.0,-83945.0,163850.0,268353.0,41658.0,812582.0,343334.0,169408.0,-211377.0,661801.0,638078.0,495816.0,87628.0,-27575.0,-509583.0,98599.0,-326194.0
ECA,207619.0,185063.0,167970.0,201260.0,216815.0,180176.0,290403.0,288977.0,282314.0,137436.0,-104690.0,50048.0,-6933.0,-74418.0,-80199.0,-135967.0,83962.0,75089.0,-6948.0,-322600.0,-230166.0,-338316.0,-173382.0,-164024.0,-255139.0,-284245.0,-272449.0,-300064.0,-137267.0,-382289.0,-562278.0,-485732.0,-1046164.0,-1126234.0,-1390793.0,-943167.0,-986186.0,-1177326.0,-1535851.0,-951345.0,-657772.0,-596927.0,-461874.0,-406473.0,-499111.0,-635706.0,-429284.0,-588331.0,-389071.0,-317840.0,-292154.0,-202066.0,29785.0,186549.0,697221.0,794379.0,159523.0,478993.0,-43852.0,-192835.0,-72867.0,-142173.0,-5779610.0,-700818.0
ECS,-148155.0,-119142.0,250566.0,176860.0,-15000.0,114143.0,232610.0,-174401.0,383678.0,508554.0,-773702.0,650478.0,568530.0,461232.0,41340.0,-171551.0,351469.0,364661.0,289186.0,129313.0,560593.0,-123133.0,-162755.0,74582.0,-958.0,260169.0,356133.0,240030.0,709495.0,479788.0,533566.0,490542.0,-1152430.0,80587.0,885171.0,-115098.0,91031.0,-316289.0,-1326106.0,294627.0,755617.0,784227.0,2691772.0,1705322.0,1526958.0,1213762.0,847456.0,1687859.0,1397409.0,1013530.0,1059732.0,1061485.0,1015653.0,1397555.0,2153574.0,3131478.0,2054153.0,2358700.0,1964911.0,1850271.0,1538379.0,1733764.0,-157949.0,1176758.0
ECU,-1746.0,-1317.0,-1315.0,-1254.0,-1130.0,-957.0,-710.0,-623.0,-582.0,-518.0,-1091.0,-1096.0,-1078.0,-1090.0,-1133.0,-1189.0,-1264.0,-1377.0,-1518.0,-1749.0,-517.0,-1605.0,-1282.0,578.0,249.0,-494.0,-3345.0,-4886.0,-10977.0,-16240.0,-21164.0,-32064.0,-29958.0,-41867.0,-44399.0,-45201.0,-46082.0,-47287.0,-42550.0,-43813.0,-40859.0,-35275.0,-28090.0,-22641.0,-20940.0,-16855.0,-12679.0,-9644.0,-8799.0,-8491.0,-8330.0,-8167.0,-7883.0,-6182.0,2273.0,14724.0,35461.0,53707.0,95482.0,54921.0,-10320.0,-28503.0,-23090.0,-21948.0
EGY,-2954.0,23184.0,25696.0,25109.0,20596.0,17605.0,10089.0,6286.0,-764.0,-6703.0,-35064.0,-56503.0,-55282.0,-55702.0,-60174.0,-62368.0,-115544.0,-73705.0,-73664.0,-64757.0,738.0,4140.0,51229.0,129242.0,122791.0,112411.0,31299.0,58678.0,66147.0,52648.0,406994.0,-33952.0,74950.0,-35669.0,-36738.0,-38920.0,-44272.0,-45599.0,78858.0,22026.0,27873.0,556.0,11205.0,9854.0,-3044.0,-37129.0,-118055.0,-173021.0,-192199.0,-175191.0,-194100.0,126170.0,-2626.0,130305.0,-92801.0,-193298.0,-71604.0,-80000.0,20788.0,7050.0,6016.0,6161.0,13707.0,305006.0
EMU,-103429.0,-197978.0,173898.0,135338.0,-22533.0,154196.0,84945.0,-361330.0,173073.0,377521.0,-426527.0,689771.0,630467.0,643419.0,234293.0,32456.0,207813.0,248487.0,321112.0,465360.0,847205.0,283294.0,-12265.0,36875.0,-34880.0,227359.0,331282.0,276037.0,649463.0,858006.0,823539.0,894517.0,1128286.0,693657.0,980927.0,101200.0,523013.0,367895.0,-368195.0,789930.0,755183.0,967566.0,1589466.0,1646907.0,1525801.0,1331335.0,718595.0,1565021.0,1097036.0,664668.0,566966.0,611467.0,383020.0,483665.0,686958.0,1404881.0,915891.0,1052782.0,1245870.0,1315824.0,984118.0,924167.0,2632553.0,1213745.0
ERI,1045.0,1235.0,1364.0,1368.0,1300.0,1188.0,1063.0,1004.0,1013.0,1199.0,1480.0,1758.0,1953.0,1985.0,1985.0,1985.0,1985.0,1985.0,1985.0,1985.0,1985.0,1985.0,1985.0,1853.0,772.0,-1073.0,-1073.0,-3613.0,-3612.0,-7330.0,-12425.0,-328546.0,-22293.0,33688.0,-25841.0,136105.0,-52421.0,-30768.0,-31951.0,-3769.0,-33133.0,41760.0,-6574.0,76703.0,-6374.0,-12835.0,-49998.0,-18131.0,17855.0,-24348.0,-13361.0,-32949.0,-43269.0,-33974.0,-75696.0,-52965.0,-55431.0,-38579.0,-21403.0,-29818.0,-14967.0,-14966.0,-17134.0,-15284.0
ESP,-154869.0,-46517.0,-45211.0,-44446.0,-41461.0,-42476.0,-41467.0,-42344.0,-46088.0,-49956.0,-60580.0,7363.0,7935.0,8624.0,105838.0,-218.0,2804.0,-1332.0,-2504.0,-5929.0,20166.0,2563.0,-7384.0,1241.0,2754.0,-589.0,-13540.0,-12681.0,-17663.0,-25892.0,-30684.0,122841.0,177544.0,160907.0,160407.0,162434.0,162704.0,165345.0,182926.0,178559.0,176269.0,181307.0,737880.0,658428.0,661158.0,629803.0,659720.0,772317.0,434135.0,129557.0,69406.0,60761.0,-153486.0,-250741.0,-97870.0,-1979.0,106474.0,201135.0,337467.0,464783.0,236854.0,144385.0,299779.0,119099.0
EST,7762.0,7991.0,8248.0,8410.0,8734.0,8851.0,8998.0,9115.0,9403.0,8650.0,6158.0,6392.0,6432.0,6488.0,6594.0,6737.0,6942.0,7189.0,7234.0,4521.0,4619.0,4789.0,4832.0,4986.0,5006.0,5097.0,5260.0,5389.0,5256.0,-368.0,-2660.0,-9712.0,-38391.0,-25501.0,-17984.0,-12655.0,-10540.0,-4066.0,-3296.0,1419.0,-3083.0,-3280.0,-2889.0,-3705.0,-3681.0,-5208.0,-5351.0,-2941.0,-2034.0,-2089.0,-3781.0,-3941.0,-3674.0,-2688.0,-674.0,4261.0,1081.0,5202.0,7089.0,5386.0,3694.0,7043.0,39754.0,5717.0
ETH,1696.0,6938.0,8960.0,9418.0,10749.0,16348.0,9160.0,14437.0,9992.0,7258.0,8589.0,-14510.0,-3375.0,347.0,-4232.0,-42540.0,-36125.0,-527133.0,-210991.0,-711455.0,-903529.0,628135.0,66702.0,68022.0,137632.0,157476.0,186227.0,251387.0,379966.0,242614.0,296014.0,859737.0,160106.0,141545.0,140715.0,91727.0,41456.0,-9119.0,-3011.0,29142.0,-49891.0,-19063.0,-12925.0,-13744.0,-25430.0,-44421.0,-30512.0,-381.0,-20780.0,16315.0,80213.0,116793.0,119517.0,80955.0,103122.0,62785.0,115823.0,71766.0,9302.0,-10807.0,38866.0,-1377.0,-11996.0,-11996.0
EUU,-167571.0,-261762.0,92127.0,69020.0,-86748.0,92966.0,59715.0,-345800.0,191190.0,469469.0,-374042.0,723385.0,656858.0,660745.0,227336.0,-25336.0,218630.0,201955.0,182960.0,436045.0,780858.0,228666.0,-68620.0,-2589.0,-83647.0,157102.0,268980.0,211200.0,512426.0,689362.0,676023.0,741577.0,953041.0,618277.0,925723.0,14377.0,429796.0,251134.0,-469967.0,672703.0,673775.0,902221.0,1523588.0,1583811.0,1430224.0,1220827.0,610067.0,1481382.0,1020991.0,627112.0,656784.0,609533.0,414115.0,559014.0,777635.0,1510501.0,1025819.0,1145236.0,1355231.0,1415454.0,1066639.0,1023760.0,4206655.0,1304104.0
FCS,-21927.0,44412.0,13015.0,19741.0,34094.0,-2957.0,-22964.0,-8657.0,-7705.0,-100424.0,-184105.0,-199540.0,-221472.0,22189.0,-69505.0,-104293.0,-295612.0,-667138.0,347640.0,-477700.0,-1446654.0,-1749051.0,-524930.0,-967771.0,127825.0,-638267.0,-574846.0,-937217.0,-817375.0,-612646.0,-1274322.0,-324746.0,1382550.0,1373551.0,2587101.0,-183492.0,-1574665.0,-1064736.0,103372.0,-536658.0,-1403590.0,-724246.0,430030.0,-304859.0,-579407.0,-336437.0,-947814.0,-1462972.0,-308392.0,-323885.0,-616623.0,-902130.0,-553930.0,-1250234.0,-1856001.0,-2441878.0,-1292918.0,-1903385.0,-1407500.0,-1442679.0,-406304.0,-1268250.0,-6161479.0,-524166.0
FIN,-9489.0,-11828.0,-6852.0,-7624.0,-20414.0,-21731.0,-12059.0,-5353.0,-15561.0,-42207.0,-36579.0,12286.0,12613.0,11558.0,5891.0,-3807.0,-11843.0,-5697.0,-9348.0,-6612.0,-2212.0,5287.0,7109.0,6925.0,3972.0,2416.0,1491.0,831.0,1765.0,5775.0,8920.0,14515.0,9356.0,9036.0,3834.0,4325.0,3757.0,4925.0,4417.0,3604.0,2497.0,6241.0,5255.0,5929.0,6956.0,9251.0,10820.0,14027.0,15626.0,14877.0,14080.0,16798.0,17894.0,18164.0,15915.0,12655.0,17321.0,13356.0,11822.0,15671.0,17504.0,22484.0,60353.0,38156.0
FJI,-981.0,-943.0,-889.0,-838.0,-812.0,-832.0,-1623.0,-3576.0,-3857.0,-4050.0,-4371.0,-4624.0,-4848.0,-4989.0,-5414.0,-5577.0,-4370.0,-1550.0,-1609.0,-1502.0,-1632.0,-1558.0,-1509.0,-1565.0,-1421.0,-1452.0,-3943.0,-9602.0,-10138.0,-10685.0,-11081.0,-11603.0,-11802.0,-12071.0,-12300.0,-12448.0,-9902.0,-5318.0,-5654.0,-5892.0,-5909.0,-6167.0,-6106.0,-6411.0,-6484.0,-6523.0,-6562.0,-7406.0,-9812.0,-10052.0,-10354.0,-10396.0,-10114.0,-10703.0,-10493.0,-10401.0,-10441.0,-11607.0,-11738.0,-11873.0,-6008.0,-6008.0,-3557.0,-3289.0
FRA,143032.0,128618.0,141634.0,190925.0,163039.0,82879.0,96097.0,63018.0,113115.0,160403.0,182941.0,144321.0,101223.0,103910.0,26203.0,16139.0,59515.0,44918.0,18692.0,34295.0,54718.0,69365.0,81084.0,88166.0,76175.0,66149.0,51642.0,59890.0,69935.0,82052.0,43323.0,35201.0,61964.0,16892.0,-4232.0,-17128.0,-21463.0,-15255.0,20216.0,169448.0,171637.0,179476.0,191373.0,195616.0,200629.0,191417.0,132512.0,91973.0,79528.0,58032.0,52644.0,70178.0,103287.0,116297.0,52342.0,-345.0,15548.0,102984.0,132925.0,71972.0,145593.0,131465.0,179377.0,91862.0
FRO,-63.0,-119.0,-129.0,-136.0,-133.0,-116.0,-232.0,-285.0,-274.0,-242.0,-155.0,-41.0,-74.0,-86.0,-63.0,-38.0,-13.0,-3.0,106.0,80.0,119.0,129.0,130.0,124.0,118.0,15.0,16.0,31.0,22.0,28.0,-1203.0,-1256.0,-1280.0,-1321.0,-1310.0,61.0,51.0,81.0,109.0,70.0,301.0,342.0,327.0,325.0,319.0,-188.0,-179.0,-189.0,-206.0,-187.0,-780.0,32.0,8.0,48.0,85.0,499.0,541.0,634.0,676.0,670.0,548.0,662.0,614.0,599.0
FSM,193.0,193.0,193.0,-88.0,-88.0,-88.0,-88.0,-192.0,-192.0,-192.0,-192.0,-485.0,-484.0,-484.0,-484.0,-753.0,-753.0,-753.0,-291.0,-291.0,-291.0,-291.0,-291.0,-291.0,-291.0,-291.0,-291.0,-291.0,-994.0,-994.0,-993.0,-993.0,-589.0,-552.0,-1006.0,-2192.0,-2355.0,-2468.0,-2505.0,-2530.0,-2402.0,-2562.0,-2677.0,-2831.0,-2919.0,-2968.0,-3080.0,-3109.0,-3070.0,-2997.0,-1798.0,-1717.0,-1631.0,-1559.0,-1480.0,-1413.0,-1346.0,-1281.0,-1281.0,-1360.0,-680.0,-1190.0,-1159.0,-1134.0
GAB,0.0,0.0,0.0,0.0,0.0,0.0,0.0,0.0,0.0,2650.0,1882.0,1130.0,639.0,608.0,680.0,792.0,899.0,972.0,990.0,990.0,990.0,990.0,990.0,990.0,990.0,990.0,990.0,990.0,990.0,990.0,990.0,990.0,990.0,1009.0,1110.0,1314.0,1555.0,1786.0,2055.0,2480.0,3086.0,3801.0,4582.0,5434.0,6830.0,8555.0,10382.0,12045.0,13441.0,15277.0,17274.0,18967.0,19973.0,19587.0,16565.0,12041.0,7398.0,4013.0,2886.0,2233.0,1506.0,1503.0,987.0,987.0
GBR,19953.0,52295.0,76443.0,8271.0,-23885.0,-24955.0,-27935.0,-39659.0,-38852.0,-60655.0,-15254.0,1175.0,-1406.0,-33840.0,-65710.0,-40241.0,-19135.0,-21636.0,3783.0,11255.0,-25187.0,-83876.0,-61152.0,27063.0,71107.0,83164.0,41836.0,8266.0,13952.0,49586.0,57132.0,27601.0,17846.0,27403.0,45339.0,61385.0,54964.0,59723.0,125541.0,152653.0,153917.0,175133.0,203577.0,211846.0,276077.0,308279.0,288923.0,309385.0,263390.0,249639.0,274811.0,228773.0,172088.0,237272.0,306091.0,347839.0,324649.0,272311.0,259744.0,232727.0,144221.0,462967.0,487029.0,445523.0
GEO,16740.0,18016.0,18981.0,19405.0,19377.0,18981.0,32869.0,34734.0,37031.0,34301.0,-1311.0,-10997.0,-11097.0,-10763.0,-10261.0,-9605.0,-8952.0,-8213.0,-9755.0,-14281.0,-12593.0,-12822.0,-12363.0,-10906.0,-12920.0,-15208.0,-14123.0,-10966.0,-12189.0,-85690.0,-108969.0,-111958.0,-121647.0,-154788.0,-147551.0,-130201.0,-133999.0,-133250.0,-127962.0,-131768.0,-135046.0,-110969.0,-58531.0,-31075.0,-30614.0,-31216.0,-31729.0,-32142.0,-32463.0,-32757.0,-36608.0,-37847.0,-39290.0,-40117.0,-16047.0,-13321.0,-10588.0,-7889.0,-5176.0,-5412.0,-2738.0,-2738.0,26999.0,2003.0
GHA,12181.0,-48777.0,-48017.0,-46516.0,-43480.0,-38519.0,-38143.0,-35666.0,-36683.0,-28752.0,-10233.0,-12238.0,-4589.0,-1168.0,-1197.0,-292.0,-2528.0,15243.0,18041.0,20291.0,-13564.0,-12296.0,7863.0,15276.0,-105655.0,-106855.0,-98099.0,-84648.0,-64810.0,-52293.0,-46789.0,-57878.0,-47736.0,-49792.0,-47120.0,-42558.0,-37113.0,-15409.0,-17564.0,-17304.0,-4206.0,36050.0,40573.0,28768.0,34433.0,21272.0,28536.0,32813.0,30506.0,22416.0,-3726.0,-720.0,1005.0,-2377.0,-6312.0,-13306.0,7009.0,-4913.0,-19375.0,-21857.0,-291.0,-11259.0,-10003.0,-10003.0
GIB,-338.0,-217.0,219.0,148.0,119.0,149.0,172.0,216.0,203.0,182.0,108.0,-102.0,-94.0,-96.0,-102.0,-121.0,-113.0,-145.0,-181.0,-213.0,-259.0,-298.0,-358.0,-388.0,-420.0,-451.0,-490.0,-516.0,-532.0,-580.0,-621.0,-504.0,-55.0,-80.0,-90.0,-115.0,-115.0,-131.0,-160.0,-176.0,-204.0,-282.0,342.0,343.0,338.0,328.0,288.0,273.0,256.0,248.0,255.0,213.0,155.0,209.0,189.0,171.0,401.0,421.0,442.0,475.0,514.0,561.0,613.0,689.0
GIN,0.0,0.0,0.0,0.0,0.0,0.0,0.0,0.0,-345.0,-2844.0,-6906.0,-11543.0,-15782.0,-19065.0,-22637.0,-26221.0,-29220.0,-31004.0,-30933.0,-28770.0,-25287.0,-21367.0,-17920.0,-15265.0,-11439.0,-6965.0,-2900.0,-350.0,-637.0,-5150.0,107641.0,66718.0,-3285.0,45616.0,-8826.0,18021.0,-4973.0,-107614.0,-30903.0,-46183.0,-77450.0,-155020.0,-33450.0,-36934.0,-56036.0,-71015.0,-48078.0,-34311.0,-32925.0,-34007.0,-31327.0,-29069.0,-32808.0,-29136.0,-22741.0,-15117.0,-14189.0,-13718.0,-9187.0,-3240.0,-4365.0,-4373.0,-3997.0,-3997.0
GMB,2272.0,2272.0,2272.0,2272.0,2272.0,2272.0,2272.0,2617.0,2705.0,2757.0,2777.0,2817.0,2861.0,2907.0,2610.0,2979.0,3436.0,3969.0,4493.0,4898.0,5268.0,5438.0,5757.0,6713.0,7733.0,8373.0,8934.0,9563.0,10187.0,10765.0,11242.0,11530.0,9182.0,3131.0,-1586.0,-2797.0,-2948.0,-3098.0,-3291.0,-3493.0,-3670.0,-3882.0,-4067.0,-3713.0,-3636.0,-3209.0,-2666.0,-2320.0,-2204.0,-2259.0,-2456.0,-2360.0,-2332.0,-2476.0,-2793.0,-3224.0,-3486.0,-3696.0,-3944.0,-4186.0,-1949.0,-1949.0,-3000.0,-3000.0
GNB,-8007.0,-3575.0,-3960.0,-5993.0,-23936.0,-19928.0,-11006.0,1516.0,2769.0,-11033.0,1123.0,-13302.0,-1985.0,-1985.0,24290.0,28645.0,32113.0,33922.0,32936.0,-13801.0,-8086.0,-8291.0,-8539.0,-8729.0,-8812.0,-8812.0,-8748.0,-8622.0,-8473.0,-8296.0,-8151.0,1621.0,7531.0,8562.0,3174.0,-4376.0,-7369.0,-8176.0,-8163.0,-7686.0,-6971.0,-6239.0,-5712.0,-5487.0,-5144.0,-4662.0,-4142.0,-3676.0,-3313.0,-2821.0,-2257.0,-1760.0,-1442.0,-1395.0,-1393.0,-1393.0,-1392.0,-1398.0,-1396.0,-1395.0,-1394.0,-1395.0,-1400.0,-1400.0
GNQ,210.0,384.0,528.0,632.0,735.0,837.0,915.0,974.0,565.0,-2237.0,-6499.0,-10760.0,-13576.0,-13875.0,-12983.0,-11398.0,-9377.0,-7131.0,-4553.0,-235.0,4903.0,9605.0,12568.0,12766.0,11221.0,8816.0,6317.0,4482.0,3777.0,3545.0,3511.0,3642.0,3867.0,4175.0,4664.0,5300.0,6003.0,6696.0,7307.0,7846.0,26695.0,26919.0,27198.0,27696.0,28578.0,15548.0,16889.0,18433.0,19925.0,21235.0,22027.0,17604.0,17860.0,18106.0,18058.0,17697.0,17107.0,16399.0,15581.0,14695.0,0.0,6493.0,3997.0,3997.0
GRC,-15996.0,-61102.0,-74972.0,-77345.0,-76678.0,-81576.0,21206.0,-55853.0,-429.0,-118544.0,-54166.0,-12747.0,-3589.0,-42387.0,-22590.0,61265.0,89601.0,19193.0,60775.0,72184.0,47460.0,25061.0,19675.0,18655.0,19767.0,16093.0,19064.0,19005.0,20557.0,18862.0,26294.0,37917.0,41000.0,39829.0,42897.0,42674.0,43444.0,45671.0,47856.0,49930.0,54661.0,60387.0,25692.0,25323.0,29039.0,33297.0,27621.0,25400.0,27081.0,18182.0,2001.0,-31786.0,-65364.0,-59323.0,-46678.0,-43462.0,10484.0,10483.0,17938.0,36762.0,6353.0,-160277.0,-53997.0,-159430.0
GRD,-2255.0,-2565.0,-2735.0,-2906.0,-3071.0,-3221.0,-3350.0,-3201.0,-2973.0,-2759.0,-2566.0,-2463.0,-2562.0,-2615.0,-2654.0,-2651.0,-2645.0,-2642.0,-2647.0,-2743.0,-2864.0,-1571.0,-1201.0,-1274.0,-1416.0,-1555.0,-1616.0,-1587.0,-1243.0,-1254.0,-1088.0,-1130.0,-1015.0,-878.0,-853.0,-856.0,-845.0,-772.0,-490.0,-374.0,-376.0,-737.0,-587.0,-605.0,-621.0,-672.0,-672.0,-681.0,-683.0,-675.0,-665.0,-285.0,-197.0,-181.0,-181.0,-181.0,-181.0,-181.0,-181.0,-181.0,0.0,-69.0,-190.0,-190.0
GRL,234.0,-24.0,-33.0,-7.0,30.0,63.0,212.0,199.0,264.0,396.0,518.0,54.0,84.0,104.0,109.0,22.0,-127.0,-524.0,-490.0,-465.0,4.0,-18.0,-7.0,39.0,22.0,-157.0,-115.0,-126.0,-205.0,-250.0,-648.0,-692.0,-748.0,-733.0,-696.0,-433.0,-463.0,-521.0,-486.0,-513.0,-229.0,-282.0,-313.0,-295.0,-311.0,-476.0,-480.0,-505.0,-522.0,-562.0,-46.0,-244.0,-553.0,-653.0,-702.0,-315.0,-342.0,-350.0,-330.0,-308.0,-328.0,-324.0,-323.0,-318.0
GTM,-186.0,797.0,713.0,240.0,-440.0,-681.0,-3824.0,-4715.0,-7589.0,-10937.0,-14755.0,-23513.0,-25807.0,-29641.0,-36089.0,-42329.0,-50745.0,-46249.0,-48309.0,-47278.0,-43144.0,-45490.0,-46174.0,-32877.0,-25010.0,-24991.0,-31631.0,-31539.0,-30450.0,-30860.0,-27735.0,-40868.0,-32093.0,-36848.0,-33462.0,-39917.0,-43501.0,-43377.0,-39104.0,-47325.0,-65197.0,-59536.0,-55247.0,-54701.0,-47409.0,-49636.0,-42118.0,-40632.0,-42624.0,-43046.0,-36076.0,-33238.0,-32624.0,-35698.0,-40409.0,-48179.0,-30980.0,-42779.0,-56487.0,-57746.0,-23927.0,-29908.0,-8463.0,-8940.0
GUM,-343.0,-171.0,-175.0,-91.0,-81.0,-72.0,-179.0,-127.0,-152.0,-287.0,-149.0,-109.0,-101.0,-155.0,-222.0,-356.0,-325.0,-359.0,-230.0,-107.0,225.0,340.0,336.0,127.0,266.0,164.0,119.0,70.0,58.0,72.0,-438.0,-694.0,-772.0,-863.0,-895.0,-919.0,-1017.0,-1036.0,-1049.0,-931.0,-1501.0,-1736.0,-1581.0,-1800.0,-2035.0,-1942.0,-2162.0,-2253.0,-2177.0,-2040.0,-2450.0,-2604.0,-2996.0,-2809.0,-2929.0,-2937.0,-3212.0,-3121.0,-3021.0,-2967.0,-244.0,-244.0,-500.0,-500.0
GUY,-3837.0,-5267.0,-5379.0,-5434.0,-5437.0,-5347.0,-5277.0,-5192.0,-5071.0,-4969.0,-8439.0,-10142.0,-10448.0,-10731.0,-11012.0,-11231.0,-11445.0,-11636.0,-11841.0,-12138.0,-13952.0,-16648.0,-17959.0,-19075.0,-19702.0,-20337.0,-20647.0,-20848.0,-20860.0,-20870.0,-20930.0,-14949.0,-12844.0,-13137.0,-13426.0,-13614.0,-13871.0,-14019.0,-14155.0,-14115.0,-14090.0,-14050.0,-13116.0,-11551.0,-11938.0,-12290.0,-12575.0,-12906.0,-13143.0,-13425.0,-13655.0,-13920.0,-7152.0,-6907.0,-6710.0,-6527.0,-6309.0,-6107.0,30213.0,-20603.0,-1743.0,-689.0,-6161.0,-6161.0
HIC,156603.0,67757.0,450256.0,375961.0,1651363.0,843724.0,919646.0,-878611.0,1265003.0,1484727.0,997877.0,1979143.0,1699885.0,1626342.0,1235998.0,863640.0,1129356.0,1075102.0,1053516.0,1139821.0,1625230.0,1035644.0,821323.0,1099304.0,1033699.0,1437668.0,1784033.0,1802621.0,2155439.0,2143817.0,1934455.0,3278042.0,1782318.0,2918541.0,3952446.0,2549726.0,2953713.0,2708726.0,2146774.0,3128824.0,3677997.0,3875476.0,5605890.0,4519865.0,4508522.0,4614769.0,4571445.0,6066980.0,5407584.0,4436252.0,4497497.0,5231554.0,4838551.0,4977684.0,5307965.0,6415028.0,5585732.0,4276636.0,4437514.0,5055109.0,1946026.0,3058510.0,10261166.0,5051444.0
HKG,20811.0,-244018.0,-307666.0,-294927.0,1120002.0,131205.0,-74393.0,-1248193.0,286736.0,300811.0,302462.0,94098.0,47078.0,46428.0,46801.0,49994.0,50619.0,47944.0,45843.0,46903.0,45107.0,31745.0,26361.0,25475.0,25516.0,24606.0,-6867.0,-16390.0,-21649.0,-20790.0,-26077.0,75664.0,98211.0,95581.0,91059.0,88352.0,81906.0,77293.0,73563.0,65939.0,58755.0,31359.0,20893.0,17753.0,8169.0,-1488.0,10045.0,30540.0,25455.0,19080.0,8307.0,21655.0,35557.0,23826.0,20454.0,10547.0,10262.0,7963.0,-1225.0,-7170.0,-1800.0,-3427.0,-3427.0,-3427.0
HND,-4085.0,-4838.0,-5519.0,-6063.0,-6620.0,-7161.0,-7649.0,-8056.0,-8335.0,-8544.0,-8751.0,-8918.0,-9403.0,-10001.0,-10947.0,-11855.0,-12916.0,-13777.0,-14537.0,-14979.0,-15445.0,-15986.0,-16530.0,-16810.0,-17277.0,-17778.0,-17812.0,-17423.0,-16919.0,-16146.0,-15351.0,-15509.0,-15583.0,-15559.0,-15246.0,-14707.0,-14049.0,-13344.0,-12638.0,-11753.0,-10757.0,-9744.0,-8816.0,-7982.0,-7083.0,-6190.0,-5450.0,-5039.0,-5039.0,-5196.0,-5419.0,-5664.0,-5891.0,-6091.0,-6293.0,-6509.0,-6681.0,-6778.0,-6764.0,-6546.0,-6199.0,-5777.0,-5374.0,-5044.0
HPC,-98188.0,-91662.0,-121315.0,-112135.0,-58529.0,-47260.0,-32074.0,8368.0,21047.0,-40748.0,-29848.0,-158876.0,-226608.0,81429.0,-70963.0,-134483.0,-362242.0,-742438.0,379363.0,-660237.0,-2264719.0,-1988415.0,-460125.0,-289723.0,-153506.0,-508068.0,-679434.0,-685648.0,-761133.0,-595835.0,-1470700.0,-664389.0,751357.0,979076.0,260167.0,-170944.0,-824851.0,-780255.0,-315907.0,-731582.0,-1737001.0,-997638.0,33071.0,-637639.0,-1057715.0,-612149.0,-1053583.0,-1860205.0,-779262.0,-1052886.0,-1400560.0,-948615.0,-1082696.0,-769079.0,-68218.0,-649236.0,564280.0,484322.0,-158184.0,-444013.0,65595.0,-710327.0,-1115464.0,-1276377.0
HRV,-21768.0,-6567.0,-2176.0,-1289.0,-2090.0,-5253.0,-6341.0,-3518.0,-2799.0,-2796.0,-2359.0,-5608.0,-7277.0,-8335.0,-8076.0,-7366.0,-7400.0,-7339.0,-7329.0,-5740.0,-5486.0,4872.0,7475.0,6323.0,5757.0,5550.0,6261.0,6956.0,7242.0,8471.0,9538.0,-31968.0,-47865.0,-49615.0,-50444.0,-51882.0,-53688.0,-52897.0,-47931.0,-47418.0,-47629.0,19298.0,10306.0,12556.0,15445.0,10629.0,10852.0,8893.0,6495.0,1358.0,-3995.0,-17463.0,-4794.0,-6245.0,-13127.0,-27501.0,-32144.0,-44557.0,-25016.0,-13239.0,-8552.0,-4517.0,11681.0,10202.0
HTI,-15862.0,-15902.0,-16253.0,-16846.0,-17179.0,-17404.0,-17690.0,-17827.0,-18087.0,-18340.0,-18425.0,-18509.0,-18916.0,-19278.0,-19792.0,-20074.0,-20870.0,-21401.0,-21809.0,-22280.0,-22900.0,-23106.0,-23375.0,-23944.0,-24427.0,-24887.0,-25257.0,-25518.0,-25662.0,-25857.0,-26075.0,-27245.0,-27415.0,-27584.0,-27744.0,-27826.0,-27348.0,-27492.0,-27476.0,-27317.0,-27075.0,-26812.0,-26626.0,-26518.0,-26399.0,-26276.0,-26629.0,-26995.0,-27630.0,-27924.0,-28416.0,-29029.0,-29658.0,-30323.0,-31390.0,-32669.0,-33879.0,-34742.0,-34976.0,-34612.0,-33850.0,-32952.0,-32220.0,-31786.0
HUN,-1108.0,-1177.0,-1738.0,-822.0,-739.0,-537.0,-726.0,-414.0,-324.0,-333.0,-96.0,-15.0,-8.0,-1512.0,132.0,-335.0,-472.0,-54.0,290.0,3629.0,-17795.0,-16869.0,-16531.0,-16047.0,-16216.0,-15890.0,-16339.0,-16175.0,-16052.0,-16991.0,16991.0,16873.0,16238.0,15540.0,15159.0,14927.0,14605.0,14186.0,13568.0,12819.0,13414.0,10386.0,2822.0,13879.0,16637.0,16925.0,19890.0,13697.0,16166.0,17281.0,10592.0,1859.0,15286.0,5635.0,11581.0,13856.0,68.0,20200.0,34190.0,34339.0,9147.0,20372.0,41871.0,49213.0
IBD,-404732.0,-265531.0,-612485.0,-508705.0,-1829436.0,-1069758.0,-1018484.0,758603.0,-1288030.0,-1280747.0,-876011.0,-1840978.0,-1024147.0,-1409727.0,-688990.0,-94138.0,-35540.0,271184.0,-771439.0,-434777.0,-210513.0,765897.0,-202348.0,292448.0,124909.0,-351726.0,-541595.0,-624705.0,-676709.0,-1017296.0,-63578.0,-2385561.0,-3237782.0,-2835352.0,-2759702.0,-1905569.0,-1769367.0,-1565322.0,-597147.0,-1011622.0,-924882.0,-1497708.0,-2274968.0,-1862680.0,-1564520.0,-1917287.0,-2163379.0,-3532310.0,-2044309.0,-1286581.0,-754928.0,-1469681.0,634440.0,1724939.0,779069.0,-380846.0,-963883.0,101854.0,-1048282.0,-2193133.0,-263060.0,-153983.0,-5351128.0,-1923189.0
IBT,-475705.0,-347782.0,-703464.0,-600851.0,-1858822.0,-1039512.0,-1039366.0,816470.0,-1282187.0,-1472959.0,-1267166.0,-2079853.0,-1777488.0,-1711834.0,-1300328.0,-834546.0,-1048984.0,-1053607.0,-1137082.0,-1228089.0,-1700112.0,-1069803.0,-794664.0,-974801.0,-888969.0,-1243090.0,-1594343.0,-1690185.0,-2067626.0,-2278695.0,-1856087.0,-3407713.0,-3195697.0,-2605157.0,-2868452.0,-2025378.0,-2559807.0,-2366526.0,-1768826.0,-2914226.0,-3280475.0,-3695841.0,-4322031.0,-4336082.0,-4350737.0,-4480538.0,-4439445.0,-5858996.0,-5183254.0,-4172949.0,-4140909.0,-4932936.0,-4516794.0,-4624153.0,-4975305.0,-5973986.0,-5020500.0,-3697290.0,-3768680.0,-4539143.0,-1539243.0,-2633540.0,-8287886.0,-4923466.0
IDA,-70973.0,-82251.0,-90979.0,-92146.0,-29386.0,30246.0,-20882.0,57867.0,5843.0,-192212.0,-391155.0,-238875.0,-753341.0,-302107.0,-611338.0,-740408.0,-1013444.0,-1324791.0,-365643.0,-793312.0,-1489599.0,-1835700.0,-592316.0,-1267249.0,-1013878.0,-891364.0,-1052748.0,-1065480.0,-1390917.0,-1261399.0,-1792509.0,-1022152.0,42085.0,230195.0,-108750.0,-119809.0,-790440.0,-801204.0,-1171679.0,-1902604.0,-2355593.0,-2198133.0,-2047063.0,-2473402.0,-2786217.0,-2563251.0,-2276066.0,-2326686.0,-3138945.0,-2886368.0,-3385981.0,-3463255.0,-5151234.0,-6349092.0,-5754374.0,-5593140.0,-4056617.0,-3799144.0,-2720398.0,-2346010.0,-1276183.0,-2479557.0,-2936758.0,-3000277.0
IDB,45098.0,18489.0,32463.0,33794.0,34125.0,48449.0,26152.0,35994.0,30568.0,22802.0,-22744.0,-119480.0,-102539.0,-78001.0,-18179.0,30808.0,-27977.0,57285.0,-9725.0,439645.0,1692013.0,639473.0,234551.0,-583268.0,-235789.0,103426.0,91725.0,172012.0,110527.0,60252.0,381777.0,26335.0,-472549.0,-273184.0,-325870.0,55287.0,35127.0,32641.0,56088.0,-494033.0,161135.0,-146355.0,-778269.0,-380442.0,-249333.0,-449885.0,-356690.0,330678.0,-394949.0,-225834.0,-691885.0,-1193743.0,-2077503.0,-2399060.0,-2274410.0,-2538045.0,-2384051.0,-1754880.0,-1642868.0,-1467018.0,-716363.0,-799449.0,-1487094.0,-1811708.0
IDN,101631.0,103628.0,106264.0,110166.0,144819.0,-61145.0,-77645.0,-80138.0,55731.0,82955.0,81368.0,79264.0,72007.0,64991.0,61188.0,56386.0,48010.0,45610.0,45911.0,43900.0,42254.0,44710.0,46792.0,47375.0,43693.0,37451.0,30988.0,26705.0,25383.0,19905.0,11539.0,3096.0,-2609.0,-3485.0,-2575.0,-1643.0,-1854.0,-4334.0,-11356.0,-28799.0,-42697.0,-64255.0,-83985.0,-97732.0,-77002.0,-76784.0,-75829.0,-77338.0,-81364.0,-73655.0,-57752.0,-40543.0,-28869.0,-27507.0,-27988.0,-28487.0,-28991.0,-29467.0,-29911.0,-30421.0,-18743.0,-11248.0,-37501.0,-37501.0
IDX,-116071.0,-100740.0,-123442.0,-125940.0,-63511.0,-18203.0,-47034.0,21873.0,-24725.0,-215014.0,-368411.0,-119395.0,-650802.0,-224106.0,-593159.0,-771216.0,-985467.0,-1382076.0,-355918.0,-1232957.0,-3181612.0,-2475173.0,-826867.0,-683981.0,-778089.0,-994790.0,-1144473.0,-1237492.0,-1501444.0,-1321651.0,-2174286.0,-1048487.0,514634.0,503379.0,217120.0,-175096.0,-825567.0,-833845.0,-1227767.0,-1408571.0,-2516728.0,-2051778.0,-1268794.0,-2092960.0,-2536884.0,-2113366.0,-1919376.0,-2657364.0,-2743996.0,-2660534.0,-2694096.0,-2269512.0,-3073731.0,-3950032.0,-3479964.0,-3055095.0,-1672566.0,-2044264.0,-1077530.0,-878992.0,-559820.0,-1680108.0,-1449664.0,-1188569.0
IMN,-730.0,195.0,646.0,677.0,688.0,688.0,1112.0,1363.0,1401.0,1409.0,1440.0,1187.0,1079.0,1103.0,1090.0,1017.0,1068.0,1098.0,1107.0,1112.0,1090.0,463.0,225.0,185.0,156.0,137.0,996.0,1308.0,1302.0,1291.0,1258.0,746.0,496.0,473.0,460.0,368.0,817.0,999.0,986.0,959.0,841.0,800.0,774.0,739.0,704.0,656.0,750.0,753.0,777.0,770.0,778.0,-61.0,-277.0,-291.0,-314.0,-315.0,113.0,284.0,266.0,237.0,219.0,192.0,199.0,196.0
IND,146955.0,295177.0,-70514.0,21640.0,-141916.0,-248299.0,-566982.0,-70314.0,-995416.0,-851844.0,233782.0,-974574.0,-82816.0,-404743.0,347869.0,434205.0,275984.0,590626.0,-210444.0,774094.0,210914.0,33243.0,-10687.0,119694.0,-32313.0,-89991.0,-249545.0,-219150.0,-155676.0,-2907.0,125514.0,-157911.0,35155.0,2364.0,-375253.0,-57297.0,-26388.0,880.0,-1049.0,-95320.0,-143960.0,-70346.0,-732419.0,-606970.0,-206660.0,-929454.0,-342177.0,-1037200.0,-1020047.0,-312905.0,-50905.0,-247017.0,-198935.0,-151372.0,-227263.0,-655085.0,81248.0,-251642.0,-589794.0,-978969.0,-73806.0,-348916.0,-1353478.0,-979179.0
INX,,,,,,,,,,,,,,,,,,,,,,,,,,,,,,,,,,,,,,,,,,,,,,,,,,,,,,,,,,,,,,,,
IRL,-38492.0,-22237.0,-17438.0,-16615.0,-15640.0,-14016.0,-11858.0,-11708.0,-11132.0,-10250.0,-8892.0,5851.0,12858.0,13164.0,13482.0,13828.0,14200.0,14505.0,15543.0,1486.0,-2876.0,-10834.0,-14464.0,-15043.0,-15549.0,-16178.0,-21139.0,-38426.0,-44020.0,-28752.0,-8203.0,4944.0,1335.0,-3762.0,-3118.0,10019.0,9959.0,17425.0,16615.0,23592.0,31298.0,39220.0,34286.0,32220.0,49102.0,63983.0,94513.0,76465.0,18979.0,-18524.0,-26974.0,-26529.0,-22411.0,-12309.0,448.0,13376.0,18967.0,28883.0,33387.0,29663.0,15746.0,27419.0,93535.0,43873.0
IRN,54041.0,77811.0,96332.0,110190.0,121817.0,127808.0,98709.0,77313.0,69342.0,78196.0,89757.0,77717.0,96614.0,104779.0,103252.0,106921.0,18825.0,68093.0,70088.0,75451.0,103674.0,1452169.0,222390.0,204544.0,97748.0,163999.0,242411.0,213524.0,30688.0,9460.0,200711.0,-13059.0,-451945.0,-1696091.0,-297487.0,-220258.0,-92435.0,98009.0,218171.0,191988.0,300133.0,291692.0,-668962.0,700222.0,739996.0,765873.0,640932.0,-24950.0,-12184.0,211.0,-12849.0,-65924.0,-57823.0,-47322.0,-56042.0,-46239.0,66630.0,34849.0,-27946.0,-32794.0,-180680.0,334967.0,403190.0,262044.0
IRQ,1573.0,2981.0,3343.0,3197.0,3224.0,4555.0,1298.0,2531.0,928.0,312.0,1377.0,-6479.0,-2600.0,-1507.0,-4090.0,-6237.0,-13915.0,8204.0,7434.0,-20617.0,15757.0,-23640.0,-22302.0,23115.0,21709.0,-199505.0,39136.0,-108426.0,-81562.0,19392.0,-601469.0,-95155.0,20292.0,581818.0,54355.0,40424.0,14652.0,15429.0,48446.0,69491.0,87624.0,14451.0,133839.0,-27236.0,69948.0,51019.0,-1206850.0,-824428.0,396792.0,120092.0,92779.0,261880.0,753907.0,474379.0,-5033.0,-22338.0,-113980.0,-21998.0,15775.0,-43919.0,29858.0,17474.0,76821.0,-5710.0
ISL,-269.0,164.0,-228.0,-113.0,-67.0,-194.0,39.0,47.0,-448.0,-1414.0,-1754.0,-231.0,362.0,-310.0,209.0,-388.0,-1181.0,-1079.0,-781.0,-572.0,-629.0,157.0,616.0,170.0,-328.0,-628.0,-335.0,944.0,1572.0,-994.0,-971.0,1145.0,-225.0,-194.0,-804.0,-1354.0,-511.0,225.0,1014.0,1165.0,1877.0,867.0,-333.0,-204.0,610.0,3925.0,5300.0,5254.0,1138.0,-4785.0,-2055.0,-1393.0,-277.0,1666.0,1139.0,1499.0,4128.0,8348.0,6638.0,5030.0,2498.0,4911.0,6535.0,4630.0
ISR,10990.0,34482.0,52313.0,53877.0,54050.0,54694.0,57347.0,59483.0,60804.0,59928.0,56173.0,52632.0,27415.0,14310.0,11929.0,11726.0,10459.0,12747.0,15556.0,15591.0,16284.0,16021.0,16563.0,689.0,10933.0,-3686.0,-3598.0,7511.0,1675.0,14192.0,178732.0,153141.0,57522.0,49345.0,57273.0,61800.0,66811.0,60297.0,52713.0,78422.0,63409.0,38643.0,17420.0,6684.0,8494.0,10975.0,11446.0,9654.0,7974.0,7269.0,12906.0,10470.0,16549.0,17075.0,25303.0,29735.0,24308.0,14518.0,15615.0,16134.0,16573.0,16859.0,50004.0,9999.0
ITA,-140765.0,-129761.0,-25840.0,-28198.0,-27368.0,-36267.0,-35352.0,-37992.0,-50149.0,-45346.0,-62216.0,-58627.0,43182.0,41631.0,42487.0,43051.0,40885.0,42246.0,43932.0,42637.0,295642.0,7182.0,-24223.0,-3733.0,203.0,6911.0,-6206.0,7825.0,18553.0,19540.0,35317.0,19721.0,51747.0,24321.0,502750.0,-460287.0,53450.0,50539.0,67985.0,54405.0,56065.0,48903.0,223861.0,478578.0,417970.0,258702.0,215995.0,495092.0,422534.0,283676.0,274387.0,198544.0,252524.0,158090.0,52679.0,39389.0,84568.0,95147.0,83686.0,46634.0,85281.0,157327.0,231228.0,150189.0
JAM,-28952.0,-28416.0,-27936.0,-27757.0,-28066.0,-28611.0,-29065.0,-29147.0,-28424.0,-26304.0,-23371.0,-20322.0,-17934.0,-16822.0,-16769.0,-17340.0,-18084.0,-18630.0,-18483.0,-17143.0,-15277.0,-13619.0,-12952.0,-14065.0,-17211.0,-21371.0,-25339.0,-27958.0,-28247.0,-27049.0,-25085.0,-23014.0,-21426.0,-20731.0,-19960.0,-19092.0,-18285.0,-17756.0,-17623.0,-17542.0,-17498.0,-17466.0,-17428.0,-17380.0,-17256.0,-17071.0,-16840.0,-16588.0,-16191.0,-14941.0,-13248.0,-11577.0,-10498.0,-10335.0,-10335.0,-10335.0,-10335.0,-10335.0,-10335.0,-10335.0,0.0,-4665.0,-10003.0,-10003.0
JOR,15509.0,11097.0,8098.0,8763.0,17018.0,29737.0,41882.0,50397.0,50036.0,40481.0,25894.0,8976.0,-2622.0,-8072.0,-12024.0,-14822.0,-17309.0,-15132.0,-13701.0,-7706.0,1735.0,9659.0,16944.0,21487.0,24316.0,28040.0,30763.0,34646.0,39873.0,50941.0,266100.0,75824.0,85376.0,81576.0,61533.0,27991.0,-2655.0,-23021.0,-27036.0,-27530.0,-26077.0,-22896.0,-18463.0,-11699.0,7979.0,3500.0,502609.0,-18108.0,767.0,-49687.0,4872.0,7057.0,-146181.0,609631.0,635528.0,490844.0,31046.0,12873.0,32062.0,-23156.0,6745.0,6573.0,-17445.0,-17445.0
JPN,-150371.0,-58882.0,-57075.0,-100742.0,-100696.0,-50667.0,68934.0,29632.0,43593.0,49447.0,33731.0,-107778.0,-73980.0,-34674.0,-10145.0,107.0,-34976.0,-49082.0,-47996.0,-57692.0,-92314.0,-278525.0,-288550.0,-269755.0,-273686.0,-141323.0,27987.0,28001.0,51154.0,31202.0,124582.0,161331.0,170878.0,168836.0,154214.0,87714.0,25030.0,43366.0,45912.0,56901.0,23468.0,59563.0,60864.0,74875.0,69014.0,113017.0,130065.0,138024.0,142605.0,125450.0,131860.0,97720.0,67904.0,66449.0,58109.0,168896.0,314732.0,322564.0,320601.0,318190.0,42001.0,-34996.0,175003.0,175003.0
KAZ,83525.0,85981.0,90842.0,94932.0,98761.0,103626.0,101999.0,105830.0,105890.0,77805.0,72000.0,65291.0,53914.0,30467.0,28807.0,26332.0,127735.0,135047.0,131248.0,-60198.0,-67731.0,-74624.0,-76976.0,-84566.0,-96266.0,-103115.0,-23297.0,-32724.0,-25892.0,-72096.0,-103336.0,-104271.0,-214015.0,-292682.0,-520028.0,-412775.0,-469331.0,-481380.0,-488075.0,-61031.0,-8754.0,-7333.0,-8272.0,-16027.0,-22841.0,-20171.0,-21728.0,-26237.0,-37796.0,-7758.0,-6840.0,-3160.0,-4512.0,-3925.0,-10170.0,-2011.0,9478.0,21248.0,-6644.0,2594.0,-8716.0,-9804.0,45755.0,-4822.0
KEN,2134.0,4296.0,4521.0,4246.0,4788.0,8524.0,1616.0,5060.0,1611.0,369.0,-13064.0,-49671.0,-48466.0,-52102.0,-62973.0,-71421.0,-90990.0,-57493.0,-60718.0,-56280.0,-39920.0,-52761.0,-43382.0,-23905.0,-33253.0,-35400.0,-53183.0,-48633.0,-31894.0,-24949.0,-11338.0,-60087.0,-43085.0,-61054.0,-40367.0,-75506.0,-79276.0,-80443.0,-70023.0,-13257.0,5407.0,55052.0,10431.0,24175.0,31525.0,5501.0,15767.0,-11495.0,29612.0,7096.0,-21069.0,-44795.0,-42928.0,-57634.0,-72415.0,-95977.0,-29728.0,-68702.0,-115436.0,-61949.0,-17111.0,-52552.0,-10003.0,-10003.0
KGZ,13946.0,18355.0,21217.0,21967.0,22281.0,22870.0,21868.0,22162.0,20918.0,16862.0,11295.0,2645.0,-1163.0,-3373.0,-5818.0,-7639.0,-10499.0,-6724.0,-6988.0,-6672.0,-5090.0,-6725.0,-6388.0,-5525.0,-34248.0,-38536.0,-40062.0,-39678.0,-40823.0,-25723.0,-27912.0,-32276.0,-33009.0,-103698.0,-22165.0,-10767.0,-10926.0,-11740.0,-17690.0,-10297.0,-23265.0,-25695.0,-28300.0,-30686.0,-32088.0,-36288.0,-53469.0,-54298.0,-64404.0,-14325.0,-6521.0,-10170.0,-12503.0,-9667.0,-9443.0,-5071.0,1187.0,7553.0,3494.0,47303.0,54704.0,46208.0,12596.0,5601.0
KHM,-5339.0,-4764.0,-3578.0,-15929.0,-16516.0,-16930.0,-17216.0,-16983.0,-17745.0,-17676.0,-193008.0,-80232.0,-40764.0,-42053.0,-45225.0,-47717.0,-52741.0,-55504.0,-84695.0,118334.0,-133508.0,-22982.0,-20026.0,46428.0,-29141.0,4677.0,43356.0,44442.0,-14627.0,55125.0,58455.0,58264.0,275823.0,187883.0,488732.0,503042.0,508187.0,504742.0,-33781.0,-47608.0,-50957.0,-53815.0,-55245.0,-57026.0,-58972.0,-60473.0,-60315.0,-68653.0,-50809.0,-49354.0,-49781.0,-50941.0,-52874.0,-54554.0,-56536.0,-58101.0,-51324.0,-74362.0,-86702.0,-57268.0,0.0,-27025.0,-31350.0,-31837.0
KIR,0.0,0.0,0.0,0.0,0.0,0.0,-840.0,-873.0,-876.0,-222.0,-233.0,-265.0,-290.0,-440.0,-1605.0,-1706.0,-1795.0,-1854.0,-1858.0,-516.0,-610.0,-645.0,-674.0,-702.0,-730.0,-419.0,-273.0,-298.0,-321.0,-338.0,-441.0,-844.0,-951.0,-975.0,-996.0,-928.0,-701.0,-693.0,-716.0,-733.0,-629.0,-201.0,-137.0,-157.0,-181.0,-226.0,-290.0,-290.0,-289.0,-289.0,-456.0,-1019.0,-1093.0,-1101.0,-1128.0,-1022.0,-756.0,-750.0,-741.0,-705.0,0.0,-348.0,-395.0,-485.0
KNA,-1725.0,-2256.0,-2331.0,-2435.0,-2465.0,-2447.0,-2366.0,-2270.0,-2208.0,-2340.0,-1227.0,-797.0,-782.0,-794.0,-810.0,-813.0,-823.0,-820.0,-817.0,-856.0,-798.0,-832.0,-858.0,-880.0,-828.0,-821.0,-783.0,-767.0,-766.0,-788.0,-812.0,-217.0,158.0,160.0,170.0,162.0,168.0,157.0,170.0,213.0,291.0,-7.0,-210.0,-224.0,-237.0,-234.0,-221.0,-200.0,-197.0,-263.0,-449.0,0.0,-202.0,-202.0,-202.0,-202.0,-202.0,-202.0,-202.0,-202.0,-202.0,-92.0,0.0,0.0
KOR,47245.0,-93179.0,-94606.0,-80226.0,-102284.0,-146386.0,-16688.0,-16484.0,-16868.0,-21175.0,-27999.0,-6326.0,25382.0,35779.0,27005.0,-52332.0,-92314.0,-90737.0,-85721.0,-139566.0,-148341.0,18442.0,48638.0,102167.0,101394.0,97949.0,189782.0,198057.0,192534.0,186120.0,79294.0,-270754.0,-265849.0,-222802.0,-208309.0,-208491.0,-115705.0,-109130.0,-98044.0,-107448.0,-84960.0,-28006.0,-18105.0,-31994.0,-42549.0,-47821.0,-28434.0,-42293.0,-19630.0,5308.0,52042.0,269958.0,281866.0,301926.0,308037.0,276427.0,91568.0,104029.0,118220.0,128622.0,112631.0,-16778.0,87800.0,87800.0
KWT,21769.0,24618.0,27417.0,28889.0,29537.0,30580.0,32383.0,34177.0,35399.0,33143.0,26614.0,22182.0,21984.0,22830.0,25398.0,30909.0,36050.0,38225.0,39159.0,37383.0,32483.0,29600.0,30437.0,31758.0,17020.0,25777.0,27187.0,31243.0,31455.0,34643.0,-1196050.0,460628.0,52620.0,-43501.0,-41862.0,438.0,17914.0,17457.0,16878.0,15912.0,14296.0,12055.0,9335.0,5895.0,1713.0,67638.0,97087.0,96765.0,96268.0,95483.0,101566.0,176732.0,127777.0,107821.0,100891.0,129695.0,105818.0,92717.0,145973.0,181.0,-168379.0,19678.0,368560.0,50008.0
LAC,-241207.0,-216523.0,-236105.0,-248744.0,-261642.0,-266123.0,-285628.0,-295212.0,-314340.0,-336334.0,-390528.0,-451186.0,-477669.0,-490657.0,-527295.0,-587102.0,-627063.0,-593363.0,-597440.0,-617014.0,-613318.0,-759377.0,-717934.0,-667028.0,-682283.0,-710886.0,-815832.0,-765361.0,-708939.0,-731361.0,-636627.0,-817330.0,-693732.0,-874426.0,-849912.0,-872413.0,-877658.0,-875992.0,-730665.0,-836306.0,-944180.0,-1008553.0,-1018038.0,-1044161.0,-1031066.0,-1033646.0,-958035.0,-821788.0,-815151.0,-836413.0,-809545.0,-744314.0,-748427.0,-698782.0,-752804.0,-745789.0,-396239.0,-33296.0,259009.0,-38345.0,-96760.0,-274276.0,-319807.0,-341422.0
LAO,0.0,0.0,0.0,0.0,0.0,0.0,0.0,0.0,0.0,0.0,0.0,0.0,0.0,-774.0,-6000.0,-13858.0,-21738.0,-26908.0,-27208.0,-23317.0,-17339.0,-11061.0,-6184.0,-4108.0,-2698.0,-1376.0,-475.0,0.0,-80.0,-1272.0,-3100.0,-5390.0,-7502.0,-9390.0,-11782.0,-14279.0,-16574.0,-32288.0,-33997.0,-36632.0,-33965.0,-33552.0,-33595.0,-36572.0,-40120.0,-24138.0,-25286.0,-27233.0,-28318.0,-29545.0,-30046.0,-30538.0,-28871.0,-27492.0,-26881.0,-12991.0,-11401.0,-10400.0,-10305.0,-10305.0,-10305.0,-10305.0,-10003.0,-10003.0
LBN,0.0,4844.0,4569.0,4269.0,1311.0,-742.0,2864.0,-3434.0,4506.0,0.0,-4508.0,3042.0,294.0,482.0,-3831.0,0.0,0.0,0.0,0.0,-2103.0,2104.0,-1799.0,-12981.0,-14558.0,-2785.0,-1108.0,33549.0,607.0,-1916.0,-1827.0,-6595.0,1159.0,-970.0,-5196.0,-4850.0,2634.0,3164.0,1313.0,1062.0,2589.0,455.0,-1094.0,-21543.0,1674.0,4974.0,1224.0,25126.0,27944.0,430.0,-2700.0,-40915.0,2246.0,124427.0,733500.0,301111.0,-239829.0,-247921.0,-253664.0,-259700.0,-266992.0,-47787.0,-27290.0,-27507.0,-34193.0
LBR,1886.0,2115.0,2189.0,2165.0,2189.0,2431.0,1953.0,2177.0,1964.0,1982.0,2285.0,1293.0,2018.0,2272.0,2086.0,2037.0,1246.0,3555.0,3500.0,3500.0,4016.0,2757.0,2530.0,7861.0,7513.0,7487.0,6534.0,6840.0,7734.0,8156.0,-712544.0,78052.0,56210.0,7300.0,-121407.0,54372.0,-37922.0,281480.0,99203.0,53643.0,-2060.0,7142.0,-23110.0,-103564.0,-1001.0,101019.0,77946.0,65306.0,17404.0,1187.0,2850.0,91981.0,-25710.0,-22010.0,-26690.0,-15182.0,-26796.0,-24807.0,-23199.0,-19678.0,-10107.0,-11852.0,-5003.0,-5002.0
LBY,22559.0,22504.0,21589.0,18740.0,2084.0,-15810.0,-13619.0,-10384.0,-6323.0,-1418.0,745.0,-4265.0,-3418.0,20498.0,44946.0,49544.0,53813.0,57867.0,61684.0,64821.0,66739.0,69211.0,-126400.0,-140904.0,18039.0,11962.0,5844.0,1740.0,1053.0,981.0,946.0,902.0,843.0,426.0,-1755.0,-5068.0,-8446.0,-10907.0,-11479.0,-10206.0,5634.0,8420.0,10152.0,12073.0,13222.0,11024.0,3351.0,12640.0,15260.0,11670.0,9611.0,-562827.0,5211.0,25755.0,-1716.0,-7660.0,-5081.0,9208.0,5841.0,-1352.0,-694.0,-694.0,-2001.0,-2001.0
LCA,-2366.0,-2189.0,-2082.0,-2060.0,-2079.0,-2067.0,-2065.0,-1997.0,-1937.0,-1954.0,-1709.0,-1625.0,-1566.0,-1513.0,-1472.0,-1454.0,-1444.0,-1543.0,-1635.0,-1625.0,-1422.0,-1403.0,-1423.0,-1462.0,-1468.0,-1465.0,-1453.0,-1423.0,-1606.0,-1734.0,-1790.0,-963.0,-834.0,-824.0,-721.0,-638.0,-571.0,-519.0,-268.0,-361.0,-176.0,-416.0,-409.0,-397.0,-378.0,-358.0,-339.0,-352.0,-331.0,-276.0,-170.0,-150.0,-135.0,-114.0,-90.0,-69.0,-57.0,-38.0,-18.0,0.0,0.0,0.0,0.0,0.0
LCN,-299395.0,-273883.0,-300088.0,-317153.0,-335767.0,-346561.0,-364777.0,-376379.0,-395788.0,-422252.0,-469986.0,-527963.0,-549648.0,-562312.0,-598708.0,-656856.0,-698116.0,-665995.0,-670453.0,-687036.0,-690385.0,-842150.0,-797562.0,-742538.0,-754033.0,-777040.0,-885002.0,-827991.0,-767596.0,-787030.0,-676505.0,-843352.0,-713395.0,-894520.0,-868564.0,-889221.0,-893009.0,-892425.0,-737369.0,-847120.0,-979917.0,-1051679.0,-1060408.0,-1085184.0,-1075616.0,-1084396.0,-1011455.0,-876230.0,-870767.0,-892927.0,-880978.0,-818815.0,-816232.0,-763649.0,-804470.0,-807387.0,-585141.0,-773087.0,-744817.0,-863096.0,-598237.0,-536658.0,-377357.0,-367375.0
LDC,-164999.0,-113839.0,-143856.0,-150367.0,-94675.0,-59323.0,-90917.0,-26251.0,-49662.0,-242010.0,-340369.0,-43748.0,-525975.0,-90137.0,-453101.0,-615672.0,-823465.0,-1217422.0,-182888.0,-1041422.0,-2939169.0,-2206627.0,-514897.0,-314634.0,-250512.0,-616762.0,-838590.0,-919325.0,-1182136.0,-1002393.0,-1705768.0,-790957.0,789045.0,831930.0,486223.0,-24390.0,-698325.0,-647387.0,-753270.0,-1319967.0,-2368123.0,-1823183.0,-901496.0,-1760505.0,-2266461.0,-1783438.0,-2252770.0,-3104599.0,-1986431.0,-2306169.0,-2291413.0,-1689255.0,-1829665.0,-1618359.0,-1793102.0,-2002281.0,-1391837.0,-1613378.0,-1457702.0,-1229408.0,-825923.0,-1805919.0,-2090340.0,-1840999.0
LIC,-116541.0,-73794.0,-103368.0,-95740.0,-51422.0,-47877.0,-28919.0,-99.0,-13787.0,-82415.0,-92248.0,-197310.0,-302139.0,13199.0,-131077.0,-133107.0,-264499.0,-156612.0,640530.0,131134.0,-1303724.0,-2519793.0,-276612.0,-311999.0,-78210.0,-568269.0,-722205.0,-864432.0,-1007047.0,-745366.0,-1661605.0,-1360199.0,768168.0,448381.0,-30360.0,-11464.0,-267126.0,-541116.0,-65899.0,-453908.0,-1428364.0,-495352.0,430615.0,-239163.0,-548322.0,-12287.0,253226.0,-507151.0,-505903.0,-410661.0,-745130.0,-665313.0,-1592125.0,-2511612.0,-2057563.0,-1875616.0,-473039.0,-583199.0,565019.0,275129.0,325494.0,-675440.0,-263252.0,48137.0
LIE,123.0,200.0,201.0,210.0,205.0,193.0,208.0,280.0,335.0,316.0,282.0,179.0,183.0,194.0,179.0,166.0,161.0,140.0,125.0,177.0,149.0,178.0,194.0,197.0,202.0,199.0,173.0,178.0,195.0,152.0,120.0,219.0,223.0,240.0,231.0,264.0,233.0,232.0,198.0,198.0,167.0,113.0,121.0,189.0,166.0,117.0,137.0,89.0,87.0,150.0,124.0,139.0,231.0,180.0,103.0,163.0,63.0,206.0,155.0,271.0,269.0,187.0,212.0,214.0
LKA,-12610.0,-10144.0,-8909.0,-8118.0,-7614.0,-7249.0,-6794.0,-6696.0,-7163.0,-10152.0,-16299.0,-22021.0,-27071.0,-30582.0,-33979.0,-37475.0,-41258.0,-45383.0,-50189.0,-57683.0,-63541.0,-89824.0,-163987.0,-209362.0,-225450.0,-80950.0,-26460.0,-63105.0,-58415.0,-33305.0,-195736.0,-1047.0,88542.0,36232.0,8323.0,117416.0,127236.0,135636.0,150724.0,138799.0,123894.0,19273.0,-105718.0,-107573.0,-84795.0,-118594.0,-107045.0,-109695.0,-97144.0,-81130.0,-98060.0,-90839.0,-41955.0,-37754.0,-33672.0,-29797.0,-18388.0,-22324.0,-28607.0,-28426.0,-29875.0,-29586.0,-27435.0,-28011.0
LMC,-85200.0,-11251.0,-361347.0,-313141.0,-464908.0,-494929.0,-855910.0,-304505.0,-1236174.0,-1245063.0,-463167.0,-1322464.0,-886627.0,-1095544.0,-563459.0,-414706.0,-698946.0,-185655.0,-1244304.0,16835.0,712545.0,-118124.0,-421310.0,-816477.0,-1015593.0,-694170.0,-1061340.0,-719206.0,-1021955.0,-911146.0,269681.0,-1163395.0,-819041.0,-712158.0,-983095.0,-612112.0,-827360.0,-425461.0,-495375.0,-1458252.0,-1196225.0,-2216072.0,-3689700.0,-3319152.0,-2903910.0,-3994492.0,-2509267.0,-2705918.0,-3736730.0,-3197526.0,-2945225.0,-3235602.0,-3772750.0,-2769023.0,-3364040.0,-4751620.0,-4010787.0,-3985519.0,-4219036.0,-3885755.0,-1835442.0,-2226969.0,-4342646.0,-4030263.0
LMY,-167651.0,-79197.0,-457845.0,-382305.0,-1658331.0,-853976.0,-922021.0,870938.0,-1264803.0,-1481199.0,-1004701.0,-1947953.0,-1678601.0,-1608335.0,-1214266.0,-792959.0,-1097025.0,-552371.0,-846939.0,-432983.0,-721504.0,-1662483.0,-892899.0,-1173953.0,-1178593.0,-1602993.0,-1978975.0,-2063347.0,-2544740.0,-2395316.0,-2238125.0,-4144962.0,-1949975.0,-3067781.0,-4100903.0,-2654324.0,-3009301.0,-2712251.0,-2152411.0,-3155382.0,-3622807.0,-3850336.0,-5585398.0,-4496118.0,-4463760.0,-4542677.0,-4519443.0,-6040121.0,-5343192.0,-4396648.0,-4520702.0,-5285778.0,-4893609.0,-5006814.0,-5355467.0,-6387633.0,-5409462.0,-3521963.0,-3067029.0,-4057666.0,-1456873.0,-2708385.0,-10092039.0,-4922901.0
LSO,1989.0,2100.0,2172.0,2220.0,2198.0,2239.0,7248.0,9734.0,10108.0,10465.0,10605.0,10563.0,10386.0,10183.0,9972.0,9723.0,2986.0,746.0,1047.0,1285.0,1361.0,1307.0,1281.0,1253.0,1199.0,1222.0,-7501.0,-10946.0,-11028.0,-11207.0,-11598.0,-12114.0,-12707.0,-13347.0,-13953.0,-14588.0,-17042.0,-22396.0,-23299.0,-24610.0,-26220.0,-27874.0,-29924.0,-31723.0,-33530.0,-35679.0,-11416.0,-5179.0,-5392.0,-5599.0,-5886.0,-6118.0,-6425.0,-6659.0,-6877.0,-7087.0,-6766.0,-6850.0,-6892.0,-6896.0,-3449.0,-3449.0,-6023.0,-5168.0
LTE,-422318.0,-398946.0,-385831.0,-372303.0,-1571613.0,-398769.0,-157975.0,1144966.0,-57199.0,-80672.0,-438783.0,-286657.0,-351625.0,-400616.0,-384462.0,-173418.0,105157.0,280628.0,130219.0,-624687.0,-258998.0,-410260.0,-448147.0,-305724.0,-328507.0,-176491.0,-194067.0,-316345.0,-380790.0,-684129.0,-1542820.0,-562318.0,-1978310.0,-958723.0,-615441.0,-367653.0,-274348.0,-253574.0,225323.0,228644.0,278368.0,-216173.0,249189.0,-738745.0,-876810.0,-138407.0,342172.0,481855.0,327813.0,-104204.0,-161751.0,235006.0,618392.0,1044883.0,550663.0,-52807.0,942240.0,752433.0,603525.0,-414338.0,58625.0,443321.0,3176961.0,-15168.0
LTU,2328.0,2550.0,2899.0,3428.0,3820.0,4196.0,4799.0,5251.0,6522.0,4179.0,6530.0,7130.0,7185.0,7327.0,7757.0,8170.0,8581.0,8964.0,7328.0,6932.0,7412.0,7752.0,8163.0,8585.0,8835.0,9417.0,10177.0,10820.0,38648.0,-26985.0,-8840.0,-10744.0,-25175.0,-23949.0,-24104.0,-23509.0,-23236.0,-22324.0,-22002.0,-20533.0,-16077.0,-24733.0,-12627.0,-22701.0,-32312.0,-51357.0,-24730.0,-21815.0,-16482.0,-32186.0,-78887.0,-38518.0,-21387.0,-16769.0,-12387.0,-22560.0,-30612.0,-28027.0,-3459.0,10665.0,19884.0,19657.0,72100.0,44935.0
LUX,61.0,1969.0,2014.0,2080.0,2178.0,2203.0,2222.0,752.0,850.0,833.0,853.0,4274.0,4143.0,2673.0,2728.0,2794.0,2802.0,2830.0,3155.0,670.0,840.0,443.0,334.0,376.0,346.0,1067.0,2121.0,2200.0,2909.0,2999.0,3992.0,4067.0,4101.0,4055.0,3900.0,4385.0,3603.0,3711.0,3874.0,4666.0,4516.0,3427.0,2759.0,5581.0,4566.0,6310.0,5557.0,6244.0,7969.0,6855.0,7909.0,10918.0,10273.0,10535.0,11217.0,11377.0,12760.0,9643.0,10145.0,10503.0,6967.0,8724.0,13194.0,5905.0
LVA,11420.0,12364.0,12344.0,12308.0,13010.0,13218.0,13465.0,14177.0,13465.0,13718.0,12494.0,10846.0,11077.0,15997.0,14420.0,12166.0,8870.0,11992.0,7399.0,3661.0,3099.0,6536.0,8116.0,8115.0,8847.0,12037.0,13972.0,19249.0,15784.0,-4960.0,-13196.0,-12020.0,-52180.0,-32914.0,-21446.0,-13288.0,-9888.0,-9183.0,-5504.0,-3229.0,-15679.0,-18634.0,-9160.0,-11422.0,-15136.0,-11134.0,-9211.0,-8027.0,-22445.0,-34807.0,-36128.0,-20202.0,-11914.0,-14386.0,-8799.0,-10826.0,-12327.0,-7867.0,-4972.0,-3416.0,-3147.0,-280.0,22027.0,7966.0
MAC,-8727.0,1038.0,1139.0,1213.0,80003.0,-5424.0,-4913.0,-4547.0,-4188.0,-4123.0,5733.0,4002.0,12607.0,-62374.0,3808.0,4428.0,4867.0,5150.0,5011.0,4390.0,3290.0,5311.0,5654.0,5486.0,5603.0,5601.0,6025.0,6582.0,7144.0,6847.0,6251.0,5636.0,4244.0,4262.0,4259.0,4396.0,4617.0,4606.0,4725.0,4845.0,4775.0,7172.0,11492.0,11689.0,11736.0,11544.0,11430.0,11340.0,11224.0,10741.0,10079.0,8661.0,6820.0,7150.0,6837.0,7533.0,7676.0,8427.0,8917.0,8967.0,8842.0,8572.0,8748.0,8807.0
MAF,0.0,0.0,0.0,0.0,0.0,28.0,73.0,98.0,-28.0,-28.0,-25.0,-24.0,-21.0,-21.0,0.0,60.0,44.0,26.0,11.0,-4.0,-17.0,-27.0,1562.0,1923.0,1950.0,1974.0,1988.0,1990.0,1980.0,1954.0,-8.0,-485.0,-526.0,-568.0,-619.0,-684.0,-754.0,-834.0,-934.0,-52.0,143.0,125.0,113.0,101.0,91.0,79.0,58.0,25.0,-17.0,-82.0,-357.0,-359.0,-470.0,-545.0,-661.0,-731.0,-825.0,-951.0,-1764.0,-2682.0,-2853.0,-1209.0,-1475.0,-1697.0
MAR,-19434.0,-40413.0,-28071.0,-56214.0,-46106.0,-33139.0,-26945.0,-23309.0,-25267.0,-24389.0,-26168.0,-39385.0,-47226.0,-51772.0,-52927.0,-51968.0,-58019.0,-32161.0,-30600.0,-27374.0,-13899.0,-22553.0,-25471.0,-24988.0,-39319.0,-45336.0,-99905.0,-104029.0,-102484.0,-104509.0,-97711.0,-130717.0,-107911.0,-121254.0,-115404.0,-85386.0,-95331.0,-96502.0,-80286.0,-74343.0,-67569.0,-63967.0,-67802.0,-84460.0,-66749.0,-59024.0,-72364.0,-73759.0,-78912.0,-82203.0,-70510.0,-67447.0,-65251.0,-67096.0,-72065.0,-81248.0,-39302.0,-60472.0,-88159.0,-91217.0,-35474.0,-47902.0,-38594.0,-39650.0
MCO,103.0,52.0,283.0,333.0,287.0,243.0,162.0,67.0,388.0,450.0,406.0,358.0,294.0,218.0,198.0,458.0,459.0,407.0,355.0,306.0,256.0,201.0,447.0,456.0,412.0,374.0,340.0,315.0,304.0,285.0,289.0,299.0,293.0,276.0,262.0,246.0,229.0,212.0,173.0,64.0,-33.0,-69.0,-60.0,-68.0,-112.0,-147.0,-209.0,-274.0,206.0,785.0,808.0,866.0,906.0,926.0,916.0,939.0,798.0,798.0,999.0,-198.0,999.0,999.0,995.0,88.0
MDA,13697.0,14818.0,15884.0,16816.0,17509.0,18066.0,18601.0,19175.0,19830.0,20561.0,606.0,-61.0,481.0,1156.0,1785.0,2355.0,2885.0,3245.0,3483.0,-6912.0,-3693.0,-6452.0,-8412.0,-10543.0,-12732.0,-10627.0,-8769.0,-10796.0,-4989.0,-29307.0,-30053.0,-29204.0,-30136.0,-31526.0,-31616.0,-31975.0,-33369.0,-41743.0,-41975.0,-43111.0,-43854.0,-45043.0,-45833.0,-46947.0,-52491.0,-68681.0,-72061.0,-75734.0,-79593.0,-83546.0,-84039.0,-82271.0,-81215.0,-77571.0,-67175.0,-59399.0,-51642.0,-43871.0,-36085.0,-41233.0,-33405.0,-33405.0,89154.0,-18570.0
MDG,0.0,0.0,0.0,0.0,-204.0,-550.0,-964.0,-1383.0,-1766.0,-2216.0,-2658.0,-3118.0,-3583.0,-4037.0,-4607.0,-5173.0,-5655.0,-5957.0,-5874.0,-5126.0,-4005.0,-2864.0,-2093.0,-1979.0,-1965.0,-1947.0,-1914.0,-1896.0,-1883.0,-1848.0,-1777.0,-2330.0,-2216.0,-2063.0,-1905.0,-1670.0,-1161.0,-986.0,-1222.0,-1891.0,-4298.0,-13014.0,-18209.0,-18345.0,-13393.0,-4869.0,-2336.0,-1563.0,-1255.0,-1429.0,-1979.0,-2219.0,-2334.0,-2445.0,-2522.0,-2594.0,-2687.0,-2784.0,-2887.0,-2976.0,-1480.0,-1480.0,-1487.0,-1487.0
MDV,-32.0,-44.0,-80.0,-125.0,-227.0,1709.0,1511.0,672.0,255.0,313.0,330.0,341.0,269.0,60.0,-78.0,-14.0,-101.0,-413.0,-716.0,-958.0,-903.0,-1014.0,-1220.0,-1608.0,-1300.0,-382.0,-175.0,-265.0,-564.0,-610.0,-271.0,-378.0,-522.0,-749.0,-768.0,-302.0,-183.0,-60.0,-94.0,-62.0,300.0,560.0,607.0,578.0,668.0,578.0,5006.0,6160.0,6035.0,6093.0,6369.0,6611.0,6800.0,6963.0,7700.0,9324.0,9421.0,9555.0,9637.0,9648.0,9642.0,9412.0,-2674.0,-2877.0
MEA,-17676.0,-102591.0,-39464.0,-64659.0,-49584.0,-63604.0,41665.0,42376.0,76391.0,86671.0,40334.0,-21041.0,-11448.0,25107.0,47822.0,400825.0,304038.0,209204.0,222222.0,158325.0,306752.0,252943.0,151431.0,273533.0,487280.0,222326.0,401363.0,302810.0,240912.0,355549.0,-728535.0,712083.0,457296.0,98765.0,-104486.0,66223.0,151837.0,329289.0,459711.0,361296.0,177923.0,570816.0,171950.0,1191074.0,1059216.0,1615214.0,1531829.0,1032315.0,1126287.0,620772.0,-11724.0,337056.0,-759181.0,-1003423.0,-1342979.0,-2144774.0,-2404477.0,-3050174.0,-2093534.0,-1224013.0,-861862.0,-350050.0,1288578.0,395727.0
MEX,-85591.0,-56174.0,-59833.0,-66515.0,-72581.0,-78288.0,-87018.0,-98680.0,-116358.0,-137051.0,-164100.0,-185062.0,-193965.0,-200688.0,-207995.0,-216556.0,-229450.0,-239521.0,-243714.0,-246034.0,-252177.0,-361791.0,-382048.0,-402937.0,-425467.0,-445447.0,-451756.0,-415521.0,-374544.0,-386467.0,-321764.0,-326691.0,-344313.0,-358039.0,-354573.0,-340091.0,-343399.0,-340546.0,-321385.0,-328773.0,-356433.0,-378348.0,-379812.0,-369183.0,-346912.0,-310278.0,-244140.0,-105524.0,-50347.0,-30809.0,-40845.0,-37826.0,-128485.0,-120058.0,-228816.0,-291044.0,-304472.0,-227499.0,-175356.0,-169628.0,-147456.0,-122791.0,-108438.0,-101044.0
MHL,63.0,56.0,54.0,42.0,16.0,-22.0,-89.0,308.0,769.0,690.0,201.0,-232.0,-306.0,-383.0,-145.0,-193.0,-233.0,-264.0,-286.0,-316.0,-155.0,31.0,23.0,12.0,6.0,-1.0,-8.0,-16.0,-140.0,-479.0,-562.0,-661.0,-769.0,-869.0,-942.0,-991.0,-1050.0,-1097.0,-1124.0,-1068.0,-1110.0,-1237.0,-1345.0,-1427.0,-1466.0,-1482.0,-1491.0,-1491.0,-1467.0,-1361.0,-1221.0,-1512.0,-1759.0,-1825.0,-1906.0,-1964.0,-2003.0,-2040.0,-2058.0,-2030.0,-2004.0,-2016.0,-1829.0,-1832.0
MIC,-51110.0,-5403.0,-354477.0,-286565.0,-1606909.0,-806099.0,-893102.0,871037.0,-1251016.0,-1398784.0,-912453.0,-1750643.0,-1376462.0,-1621534.0,-1083189.0,-659852.0,-832526.0,-395759.0,-1487469.0,-564117.0,582220.0,857310.0,-616287.0,-861954.0,-1100383.0,-1034724.0,-1256770.0,-1198915.0,-1537693.0,-1649950.0,-576520.0,-2784763.0,-2718143.0,-3516162.0,-4070543.0,-2642860.0,-2742175.0,-2171135.0,-2086512.0,-2701474.0,-2194443.0,-3354984.0,-6016013.0,-4256955.0,-3915438.0,-4530390.0,-4772669.0,-5532970.0,-4837289.0,-3985987.0,-3775572.0,-4620465.0,-3301484.0,-2495202.0,-3297904.0,-4512017.0,-4936423.0,-2938764.0,-3632048.0,-4332795.0,-1782367.0,-2032945.0,-9828787.0,-4971038.0
MKD,-10126.0,-6309.0,-13702.0,-5759.0,-5938.0,-5385.0,-4176.0,-2696.0,-1201.0,181.0,60.0,-2064.0,-1834.0,-1600.0,-1376.0,-1147.0,-911.0,-683.0,-462.0,-426.0,-189.0,0.0,-11716.0,-12884.0,-13251.0,-13492.0,-13589.0,-13635.0,-13621.0,-13528.0,-16174.0,-45484.0,-46509.0,-47273.0,-21006.0,-3603.0,-397.0,-477.0,-589.0,-1261.0,-2824.0,-922.0,-2858.0,-2880.0,-2640.0,-2244.0,-9632.0,-15705.0,-17645.0,-15455.0,-16668.0,-17871.0,-19083.0,-20297.0,-22132.0,-23010.0,-24144.0,-24227.0,-24878.0,-24204.0,-23458.0,-5483.0,-5296.0,-5597.0
MLI,-10314.0,-10139.0,-10821.0,-11951.0,-13226.0,-13662.0,-17032.0,-16900.0,-18015.0,-18302.0,-17479.0,-22127.0,-19594.0,-19137.0,-22449.0,-26572.0,-33999.0,-28853.0,-31520.0,-32353.0,-30156.0,-34130.0,-34140.0,-34132.0,-47331.0,-63347.0,-81970.0,-90940.0,-87952.0,-75771.0,-68668.0,-77172.0,-70789.0,-68816.0,-63533.0,-67763.0,-67974.0,-55978.0,-30255.0,-21702.0,-17395.0,-12507.0,-8914.0,-11768.0,-10796.0,-17413.0,-18247.0,-19945.0,-24509.0,-34383.0,-34483.0,-43160.0,-140507.0,-40951.0,-50068.0,-48872.0,-30251.0,-33942.0,-40710.0,-44373.0,-14962.0,-22210.0,-39951.0,-39953.0
MLT,-5540.0,-5099.0,-5360.0,-4773.0,-4768.0,-4329.0,-4318.0,-4073.0,-753.0,-827.0,-1123.0,-1327.0,-1316.0,-1549.0,-1597.0,-1742.0,-1641.0,-1598.0,-1302.0,-1311.0,-886.0,-548.0,-1059.0,-740.0,-558.0,-428.0,464.0,295.0,164.0,248.0,568.0,763.0,737.0,1006.0,1136.0,1306.0,1142.0,1003.0,1260.0,1463.0,1591.0,1678.0,1821.0,1626.0,1662.0,1626.0,997.0,926.0,869.0,836.0,741.0,999.0,911.0,861.0,9192.0,9588.0,8624.0,14372.0,16961.0,20302.0,6904.0,4638.0,2480.0,6591.0
MMR,8807.0,11972.0,13546.0,14350.0,15600.0,18847.0,15453.0,18470.0,17293.0,17491.0,17997.0,6306.0,10735.0,-55659.0,-53875.0,-52763.0,-60561.0,-37879.0,-36055.0,-44174.0,-37679.0,-52839.0,-79856.0,18427.0,11433.0,6074.0,-7351.0,-11642.0,-13046.0,-26585.0,-40859.0,-79059.0,-80661.0,-83214.0,-71359.0,-75097.0,-65766.0,-58954.0,-62281.0,-81874.0,-106772.0,-131124.0,-150232.0,-165739.0,-169736.0,-185009.0,-186098.0,-184989.0,-180533.0,-158542.0,-116481.0,-82713.0,-61536.0,-62863.0,-74901.0,-94108.0,-87907.0,-105415.0,-114598.0,-100783.0,-66213.0,-35370.0,-34988.0,-34989.0
MNA,-62853.0,-175999.0,-133633.0,-162917.0,-148710.0,-163819.0,-62483.0,-67687.0,-69609.0,-70943.0,-115863.0,-190749.0,-170715.0,-130817.0,-122229.0,220511.0,69398.0,-45312.0,-48167.0,-118287.0,29596.0,509.0,-116287.0,15029.0,238536.0,-33270.0,91426.0,-22972.0,-50159.0,37268.0,18653.0,-174300.0,79576.0,-167428.0,-340073.0,-222829.0,-269251.0,-99429.0,36908.0,-82943.0,-555424.0,-182315.0,-584332.0,436486.0,280218.0,716578.0,256378.0,-591227.0,-216491.0,-319598.0,-893742.0,-1101311.0,-2022249.0,-2176672.0,-2618767.0,-3469670.0,-2995643.0,-2365552.0,-1231800.0,-1188136.0,-507660.0,-726258.0,-870353.0,-512848.0
MNE,-2467.0,-2254.0,-2606.0,-2800.0,-2734.0,-2743.0,-2751.0,-2519.0,-2404.0,-2456.0,-2013.0,-1856.0,-1922.0,-1778.0,-1669.0,-1588.0,-1447.0,-1364.0,-1103.0,-718.0,-450.0,-2287.0,-3151.0,-3190.0,-3074.0,-3013.0,-2747.0,-2569.0,-2165.0,-1730.0,-1705.0,-2630.0,-2942.0,-2835.0,-2889.0,-3082.0,-3051.0,-3077.0,-3326.0,-3487.0,-3734.0,-3511.0,-3357.0,-3178.0,-1997.0,-2247.0,-2735.0,-3056.0,-3326.0,-3456.0,-2276.0,0.0,-1583.0,-2478.0,-4357.0,-4863.0,-5274.0,-4948.0,-5058.0,-4083.0,-3310.0,-2344.0,26332.0,12000.0
MNG,10334.0,10440.0,9049.0,3687.0,4599.0,5610.0,5837.0,5139.0,3535.0,2366.0,3263.0,4238.0,4999.0,5647.0,6153.0,6556.0,6577.0,5354.0,1833.0,-1296.0,-1268.0,-1615.0,-2132.0,-2522.0,-2452.0,-1719.0,354.0,1855.0,2459.0,-9757.0,-11881.0,-11427.0,-8404.0,-5429.0,-5449.0,-7346.0,-8626.0,-9132.0,-10315.0,-13481.0,-11241.0,-10244.0,-8934.0,-7986.0,-8148.0,-8924.0,-11934.0,-15220.0,-17277.0,-15007.0,-6444.0,-505.0,351.0,1505.0,2921.0,4307.0,5633.0,6831.0,7811.0,8660.0,0.0,0.0,0.0,0.0
MNP,17.0,37.0,54.0,70.0,80.0,86.0,82.0,-367.0,-909.0,-871.0,480.0,964.0,952.0,638.0,-77.0,-123.0,-147.0,-145.0,-119.0,-68.0,1497.0,2069.0,2105.0,2136.0,2158.0,2162.0,2101.0,1969.0,1972.0,1977.0,266.0,-492.0,-607.0,-661.0,-488.0,812.0,3801.0,3590.0,3643.0,3374.0,-950.0,-2515.0,-2525.0,-2734.0,-2841.0,-2913.0,-3048.0,-3050.0,-2962.0,-2821.0,-1587.0,-1309.0,-1416.0,-1547.0,-1550.0,-1530.0,-1517.0,-1517.0,-1527.0,-1551.0,-755.0,-1373.0,-1348.0,-1321.0
MOZ,-54351.0,-40181.0,-38504.0,-37738.0,-35005.0,-30538.0,-31462.0,-27672.0,-26872.0,-24251.0,-18197.0,11297.0,35023.0,44951.0,51238.0,59562.0,61326.0,91082.0,95859.0,83699.0,-149650.0,-58347.0,-72852.0,-73899.0,-70532.0,-75642.0,-121350.0,-441710.0,-286247.0,-199509.0,-127215.0,-68644.0,-128960.0,272829.0,938163.0,108751.0,90975.0,-79732.0,-74952.0,-103223.0,-104476.0,-105130.0,-103102.0,-99484.0,-100824.0,-95770.0,-95333.0,-100490.0,-102534.0,-100625.0,-97079.0,-63638.0,-63131.0,-57067.0,-53625.0,-52374.0,-43398.0,-25043.0,-50224.0,-49080.0,-25864.0,-23103.0,-34936.0,-36276.0
MRT,-318.0,-332.0,-342.0,-362.0,-390.0,-434.0,-466.0,-514.0,-565.0,-688.0,-855.0,-1014.0,-1139.0,-1201.0,-1321.0,-1472.0,-1645.0,-2999.0,-2998.0,-2997.0,-2997.0,-2998.0,-2998.0,-2998.0,-2998.0,-2998.0,-2998.0,-2998.0,-2997.0,-17941.0,-3000.0,-2997.0,34505.0,6217.0,5304.0,-22997.0,-28840.0,-8187.0,-8504.0,-2999.0,-2997.0,-21067.0,-18903.0,-19104.0,-19042.0,-18693.0,-18033.0,-17048.0,-3860.0,-1481.0,1128.0,3272.0,4515.0,-2987.0,-2980.0,-3019.0,-3008.0,-3001.0,-2987.0,-3019.0,-1483.0,-1483.0,2999.0,2999.0
MUS,-7083.0,-8984.0,-6107.0,-5236.0,-4850.0,-3597.0,-4123.0,-1257.0,-2445.0,-674.0,-1281.0,-960.0,-2408.0,-2144.0,-4908.0,-3869.0,-3807.0,-3749.0,-3129.0,-2363.0,-1739.0,-1559.0,-2226.0,-1756.0,-258.0,615.0,852.0,-300.0,-1399.0,-2463.0,-1938.0,-1333.0,-1254.0,-1189.0,-1112.0,-1144.0,-1092.0,-1199.0,-1292.0,-1463.0,-2326.0,-3225.0,-3150.0,-3141.0,-3001.0,-2840.0,-2757.0,-2642.0,-2589.0,-2467.0,-2624.0,-2465.0,-3663.0,-3617.0,-3691.0,-3645.0,-4483.0,-5322.0,-5084.0,-5202.0,-5895.0,-4324.0,-2824.0,-2824.0
MWI,0.0,0.0,0.0,0.0,0.0,0.0,0.0,0.0,-924.0,-2266.0,-2147.0,-710.0,48.0,1623.0,3833.0,5162.0,8206.0,19638.0,36225.0,46388.0,52294.0,57376.0,62661.0,68197.0,72435.0,74625.0,62615.0,271693.0,201011.0,180031.0,71111.0,15291.0,37142.0,-284867.0,-505365.0,-66366.0,-66212.0,-61646.0,-39491.0,-31686.0,-28098.0,-28933.0,-30013.0,-31729.0,-32221.0,-31462.0,-29450.0,-22680.0,-9264.0,-8590.0,-9327.0,-12170.0,-13561.0,-12934.0,-10317.0,-6471.0,3505.0,982.0,-3267.0,-1837.0,-2655.0,-2666.0,-5231.0,-5811.0
MYS,-46948.0,-44916.0,-43033.0,-40952.0,-38785.0,-36456.0,-33993.0,-42108.0,-40996.0,-39420.0,-31839.0,-20535.0,-21305.0,-21995.0,-21919.0,-20480.0,-18316.0,-16601.0,-15059.0,-13980.0,80617.0,84142.0,89942.0,97862.0,106248.0,120215.0,127081.0,137759.0,133478.0,143544.0,135020.0,97111.0,66286.0,61079.0,66685.0,72393.0,73040.0,79266.0,99639.0,89335.0,125499.0,173613.0,196227.0,199510.0,212278.0,225864.0,232971.0,229784.0,202481.0,178410.0,157164.0,122269.0,134975.0,149637.0,159791.0,187663.0,222141.0,227677.0,221965.0,203284.0,101907.0,188506.0,188154.0,181071.0
NAC,472345.0,615446.0,661350.0,691671.0,686984.0,757701.0,782827.0,718604.0,703759.0,617729.0,1049751.0,1043502.0,923082.0,908205.0,862222.0,794540.0,742221.0,647181.0,609009.0,589978.0,718514.0,696572.0,689716.0,728967.0,678775.0,668520.0,614960.0,652199.0,698817.0,659116.0,1266215.0,1336866.0,1443024.0,1361904.0,1314172.0,1314783.0,1296122.0,1261718.0,1367569.0,1314754.0,1450069.0,1534417.0,1544464.0,1516905.0,1507896.0,1573681.0,1549754.0,1585181.0,1654956.0,1631767.0,1819621.0,1850912.0,1875518.0,1903573.0,1865383.0,1946342.0,2218584.0,2237644.0,2185487.0,2162471.0,586647.0,873940.0,1778997.0,1756510.0
NAM,-3227.0,-2807.0,-2403.0,-2016.0,-1660.0,-1327.0,-1023.0,-339.0,-636.0,-57.0,-244.0,-208.0,-236.0,-1066.0,-744.0,-553.0,-5048.0,-3907.0,-22827.0,-4818.0,-15041.0,-18901.0,-889.0,-481.0,-267.0,2090.0,3953.0,4559.0,10916.0,75072.0,3969.0,309.0,2487.0,5464.0,5578.0,5712.0,5866.0,6023.0,6180.0,6333.0,5709.0,2869.0,-1913.0,-6153.0,-7192.0,-8195.0,-8792.0,-8905.0,-8775.0,-8626.0,-8518.0,-4067.0,10957.0,10748.0,11134.0,12755.0,14002.0,16080.0,17920.0,19676.0,27056.0,31327.0,22212.0,11675.0
NCL,824.0,847.0,865.0,514.0,388.0,408.0,438.0,445.0,437.0,1365.0,2267.0,2345.0,2415.0,2552.0,2739.0,2838.0,-9.0,-1350.0,-1334.0,-1357.0,-1415.0,-1488.0,-1542.0,-531.0,-193.0,-230.0,-259.0,-273.0,-281.0,891.0,1300.0,1307.0,1328.0,1347.0,1382.0,1418.0,1067.0,940.0,981.0,1028.0,1070.0,1108.0,1140.0,1173.0,777.0,-44.0,53.0,48.0,41.0,821.0,1956.0,2013.0,2073.0,2198.0,631.0,-2530.0,-2605.0,-2614.0,-2650.0,-2335.0,-1181.0,-1181.0,485.0,485.0
NER,-3641.0,-2893.0,-2369.0,-2289.0,-2289.0,-2289.0,-2289.0,-2289.0,-2277.0,-2245.0,-2225.0,-2277.0,-2525.0,-2942.0,-3179.0,-3254.0,-3308.0,-3476.0,-3494.0,-3495.0,-5564.0,-7559.0,-8935.0,-9209.0,-9208.0,-6126.0,-2728.0,-2338.0,-1139.0,613.0,73.0,-1500.0,-2258.0,-2269.0,-959.0,3843.0,-8057.0,-13680.0,-7298.0,-12037.0,-8522.0,-8654.0,-9550.0,-8841.0,-9070.0,-9700.0,-10054.0,-10069.0,-9847.0,-9014.0,-8033.0,-6941.0,18714.0,-2543.0,3891.0,17051.0,14833.0,-6830.0,-3830.0,-15778.0,-4402.0,-4405.0,995.0,995.0
NGA,12131.0,25515.0,27906.0,27115.0,26411.0,32988.0,12513.0,18683.0,9615.0,6912.0,7953.0,-35639.0,-12962.0,-618.0,44281.0,75603.0,72889.0,129075.0,111258.0,137721.0,198672.0,106723.0,101116.0,-507539.0,113758.0,61514.0,29682.0,64418.0,93510.0,99588.0,135959.0,42760.0,138412.0,90200.0,128134.0,73243.0,84448.0,96885.0,145575.0,97195.0,74535.0,64163.0,69594.0,33857.0,46370.0,-17146.0,-12093.0,-9162.0,-13646.0,-18422.0,47966.0,67808.0,71138.0,40201.0,-19376.0,-116162.0,75265.0,78685.0,-76565.0,-99722.0,-14497.0,-86115.0,-51680.0,-57936.0
NIC,-2418.0,-2579.0,-2727.0,-2881.0,-3043.0,-3231.0,-3443.0,-3666.0,-3979.0,-4592.0,-5423.0,-6328.0,-7219.0,-7947.0,-8639.0,-9349.0,-10155.0,-11082.0,-12273.0,-14152.0,-15130.0,-17353.0,-19395.0,-20620.0,-22493.0,-23840.0,-24805.0,-25127.0,-24753.0,-24364.0,-24280.0,-24028.0,-24171.0,-24091.0,-24773.0,-25889.0,-35208.0,-36851.0,-38260.0,-40095.0,-42087.0,-43837.0,-44906.0,-44931.0,-44222.0,-33280.0,-32274.0,-31357.0,-30675.0,-29913.0,-29081.0,-28221.0,-27389.0,-26587.0,-25570.0,-24353.0,-23076.0,-21849.0,-20742.0,-19730.0,-10383.0,-10383.0,-7996.0,-7996.0
NLD,-13235.0,8258.0,18024.0,-21.0,15014.0,19444.0,20740.0,-10673.0,7243.0,21850.0,32438.0,32756.0,17470.0,18705.0,31645.0,68569.0,18774.0,19809.0,26639.0,42772.0,54010.0,17643.0,7644.0,11007.0,12902.0,27356.0,30380.0,39559.0,31026.0,31165.0,53564.0,51670.0,50148.0,44514.0,20193.0,15056.0,21792.0,31302.0,52058.0,47179.0,59308.0,56096.0,28824.0,7937.0,-9230.0,-22496.0,-25401.0,-304.0,32406.0,39832.0,33703.0,31224.0,14861.0,19973.0,36591.0,55585.0,88743.0,86332.0,87197.0,109003.0,67598.0,106416.0,224472.0,144558.0
NOR,-1427.0,1437.0,655.0,1061.0,-1571.0,-1525.0,-888.0,2460.0,1761.0,2230.0,-1034.0,3031.0,5603.0,3414.0,4425.0,3312.0,4779.0,4845.0,3823.0,2839.0,3763.0,6010.0,5749.0,4120.0,3856.0,6725.0,7616.0,13907.0,10380.0,-1730.0,1818.0,7949.0,10218.0,12567.0,7580.0,6343.0,5671.0,9744.0,13519.0,19147.0,9805.0,7906.0,17279.0,11389.0,13412.0,18588.0,24054.0,40111.0,44002.0,39316.0,42865.0,47454.0,47883.0,40690.0,38522.0,30242.0,26417.0,21657.0,18473.0,25707.0,11277.0,19804.0,58040.0,53806.0
NPL,-13223.0,-10601.0,-9249.0,-8303.0,-6087.0,-1551.0,-3306.0,347.0,-746.0,-527.0,1847.0,-7284.0,-2107.0,-1076.0,-4361.0,-6686.0,-15119.0,2108.0,346.0,88.0,5084.0,-4855.0,-3898.0,1304.0,-19300.0,-30154.0,-47017.0,-72437.0,-64246.0,-39808.0,-640.0,17056.0,84113.0,-37782.0,-27415.0,-86232.0,-92307.0,-98454.0,-108400.0,-122551.0,-147193.0,-148973.0,-153730.0,-168314.0,-197336.0,-211024.0,-241455.0,-252526.0,-261540.0,-266144.0,-269963.0,-347552.0,-371707.0,-373064.0,-310156.0,-221062.0,-341748.0,-368787.0,-295151.0,182203.0,162139.0,130001.0,-379321.0,-409782.0
NRU,76.0,120.0,158.0,181.0,203.0,218.0,-32.0,-28.0,180.0,132.0,0.0,0.0,0.0,0.0,0.0,0.0,0.0,32.0,40.0,48.0,44.0,44.0,30.0,-5.0,-2.0,8.0,21.0,27.0,29.0,24.0,20.0,0.0,-121.0,-194.0,-196.0,-201.0,-204.0,-209.0,-217.0,-227.0,-236.0,-252.0,-247.0,-199.0,-210.0,-217.0,-224.0,-235.0,-243.0,-249.0,-246.0,-206.0,-38.0,-53.0,-69.0,-86.0,-105.0,-115.0,-131.0,-171.0,-214.0,-137.0,-144.0,-148.0
NZL,3846.0,10689.0,12697.0,10226.0,9806.0,9245.0,9161.0,-2289.0,-11853.0,-5212.0,4511.0,7547.0,17779.0,28261.0,27580.0,13196.0,-9138.0,-22697.0,-28783.0,-26694.0,-15423.0,-7606.0,7982.0,11464.0,-901.0,-13462.0,-10234.0,-7631.0,-17005.0,-8818.0,70432.0,31156.0,6460.0,12638.0,20420.0,26743.0,25169.0,12040.0,-1387.0,-7634.0,-6604.0,17793.0,48195.0,42456.0,24521.0,19212.0,14542.0,3053.0,4804.0,12700.0,6722.0,-2196.0,-1015.0,26385.0,57974.0,70870.0,75512.0,68349.0,59139.0,69770.0,42124.0,-14944.0,21404.0,21404.0
OED,276837.0,379251.0,779676.0,659388.0,390628.0,606513.0,864817.0,229275.0,738728.0,826376.0,490678.0,1488041.0,1192587.0,1175141.0,684454.0,191563.0,301734.0,267286.0,273235.0,370914.0,898047.0,109821.0,65182.0,274220.0,176471.0,533107.0,775502.0,806651.0,1258980.0,1490692.0,2405369.0,2078130.0,2307677.0,1815819.0,2143215.0,1101114.0,1473881.0,1255463.0,734998.0,1890659.0,2009988.0,2391044.0,3129937.0,3147001.0,3035699.0,2999002.0,2507152.0,3662066.0,3593650.0,3116316.0,3383262.0,3520724.0,3340578.0,3775404.0,4537892.0,5501587.0,4775975.0,5639570.0,5388364.0,5032997.0,2244004.0,2662243.0,6803692.0,3840307.0
OMN,-2996.0,-2996.0,-2996.0,-2996.0,-2996.0,-2996.0,-2996.0,-2996.0,-2996.0,-2996.0,-2996.0,-2996.0,-2996.0,-2996.0,4880.0,5632.0,8299.0,10554.0,11946.0,12511.0,12626.0,14239.0,15359.0,15617.0,14993.0,33666.0,32289.0,31608.0,31456.0,31528.0,31722.0,31927.0,31756.0,27204.0,-12665.0,-13418.0,-15286.0,-16998.0,-17626.0,-18235.0,-18588.0,-19103.0,-20098.0,-19265.0,9394.0,10231.0,11103.0,11478.0,9877.0,7226.0,28717.0,492609.0,322812.0,113335.0,75557.0,133842.0,117538.0,11751.0,-52630.0,-117480.0,-171635.0,-16726.0,339063.0,156285.0
OSS,-7080.0,-12831.0,-8665.0,-5748.0,-4249.0,-934.0,325.0,3984.0,6298.0,8946.0,2141.0,2860.0,2473.0,299.0,-7038.0,12731.0,18636.0,24211.0,22083.0,13956.0,5746.0,-5003.0,-9268.0,-6243.0,-3255.0,10053.0,15871.0,19332.0,30848.0,26808.0,43439.0,3850.0,-172229.0,-33768.0,-101026.0,-41029.0,-12949.0,2951.0,1792.0,-257784.0,40886.0,52693.0,38056.0,-25208.0,-25552.0,-7830.0,412.0,4869.0,-278.0,-8314.0,-8109.0,-5216.0,-10354.0,-7622.0,651.0,8510.0,6567.0,24787.0,29734.0,31956.0,21631.0,28303.0,62878.0,16355.0
PAK,0.0,-66991.0,-65780.0,-64552.0,-63298.0,-62070.0,-61025.0,-59932.0,-58721.0,-57406.0,-58281.0,-68357.0,-69209.0,-58012.0,-34785.0,-1710.0,48238.0,85250.0,111386.0,450003.0,1078229.0,555032.0,294252.0,-4753.0,-319242.0,68860.0,111045.0,146364.0,38139.0,-17164.0,275242.0,-19668.0,-718387.0,-139493.0,-277100.0,11534.0,-60855.0,-55539.0,-112191.0,-134510.0,252869.0,-54727.0,-653758.0,-219118.0,-64669.0,-189899.0,-183933.0,576349.0,-140746.0,-18298.0,-431902.0,-890633.0,-1647989.0,-1906319.0,-2037920.0,-2172162.0,-2290411.0,-1574585.0,-1309611.0,-1177220.0,-559291.0,-565673.0,-1322625.0,-1619557.0
PAN,-2409.0,-2394.0,-2377.0,-2380.0,-2418.0,-2454.0,-2500.0,-2528.0,-2528.0,-2510.0,-2476.0,-2454.0,-2448.0,-2464.0,-2531.0,-2635.0,-2727.0,-2792.0,-2811.0,-2772.0,-2701.0,-2620.0,-2554.0,-2518.0,-2435.0,-2297.0,-2136.0,-1953.0,-1750.0,-1368.0,-854.0,-305.0,182.0,560.0,899.0,1221.0,1533.0,1820.0,2084.0,2341.0,2602.0,2856.0,3099.0,3352.0,3596.0,3843.0,4087.0,4330.0,4568.0,4765.0,4953.0,5167.0,5447.0,5926.0,7105.0,8648.0,10109.0,11059.0,11130.0,10623.0,5473.0,5473.0,7967.0,7262.0
PER,-7236.0,-7063.0,-9051.0,-10040.0,-12129.0,-12470.0,-13166.0,-13837.0,-13389.0,-12776.0,-15653.0,-20209.0,-24100.0,-28191.0,-33493.0,-34382.0,-34602.0,-25117.0,-19939.0,-17148.0,-11446.0,-11123.0,-7748.0,-4243.0,-6007.0,-13887.0,-33891.0,-34651.0,-31238.0,-33569.0,-29437.0,-61645.0,-41702.0,-51775.0,-39299.0,-46499.0,-38749.0,-32515.0,-24388.0,-55325.0,-92353.0,-129481.0,-157158.0,-181276.0,-194171.0,-221652.0,-231851.0,-236745.0,-235307.0,-219314.0,-181302.0,-148339.0,-118863.0,-95214.0,-50383.0,2421.0,96740.0,114382.0,339067.0,74270.0,55375.0,41868.0,33982.0,24783.0
PHL,-155354.0,-143597.0,-150903.0,-155267.0,-156342.0,-156782.0,-162127.0,-152812.0,-152017.0,-161517.0,-300923.0,-315363.0,-321491.0,-320091.0,-344674.0,-220296.0,-115730.0,-123608.0,-140372.0,-154684.0,-179832.0,-134484.0,-19912.0,-10229.0,-48739.0,-171539.0,-209835.0,-68149.0,-147523.0,-235884.0,-63296.0,-413300.0,-50338.0,-298337.0,-326539.0,-280327.0,-128251.0,-145334.0,178274.0,-18323.0,-33868.0,-247496.0,-268520.0,-248066.0,-273743.0,-326063.0,-566647.0,-225977.0,-498480.0,-164411.0,13556.0,-240005.0,95702.0,-218439.0,-196524.0,-390702.0,-309251.0,-263593.0,-163602.0,-6208.0,-47014.0,-85185.0,-221754.0,-164284.0
PLW,-70.0,-65.0,-54.0,-41.0,-27.0,-16.0,-18.0,-150.0,-194.0,-209.0,54.0,156.0,147.0,22.0,-282.0,-296.0,-296.0,-292.0,-285.0,-291.0,-179.0,120.0,132.0,144.0,157.0,179.0,135.0,125.0,126.0,113.0,156.0,193.0,193.0,193.0,211.0,258.0,312.0,297.0,280.0,243.0,120.0,65.0,67.0,71.0,79.0,-250.0,-365.0,-372.0,-378.0,-382.0,-392.0,-405.0,-387.0,-28.0,-7.0,-11.0,-35.0,-33.0,-35.0,-46.0,0.0,-21.0,-20.0,-19.0
PNG,-2034.0,-10409.0,-12141.0,-15189.0,-17730.0,-18532.0,-17454.0,-19767.0,-19188.0,-18994.0,-18773.0,-18945.0,-20303.0,-21803.0,-22771.0,-23562.0,-24198.0,-24722.0,-25208.0,-25618.0,-25638.0,-25383.0,-25355.0,-25465.0,-25487.0,-25470.0,-25495.0,-25720.0,-26232.0,-19824.0,2398.0,26830.0,36622.0,38220.0,39669.0,40962.0,41994.0,42787.0,43091.0,42519.0,41855.0,41962.0,42657.0,43639.0,44811.0,46014.0,47191.0,48203.0,48985.0,49647.0,50106.0,40690.0,37893.0,35280.0,32840.0,30580.0,28473.0,26513.0,24684.0,22978.0,10703.0,10703.0,-787.0,-787.0
POL,-6306.0,-20044.0,-31021.0,-13770.0,-23273.0,-21658.0,-17158.0,-25479.0,-11905.0,-26744.0,-66859.0,-31767.0,-15004.0,-29335.0,-18273.0,-31346.0,-25716.0,-33496.0,-62936.0,-22162.0,-42420.0,-16155.0,-34980.0,-26724.0,-18402.0,-27277.0,-22520.0,-32310.0,-101671.0,-49192.0,-50339.0,-55342.0,-46893.0,-48805.0,-41845.0,-52989.0,-45349.0,-44230.0,-39509.0,-53035.0,-15921.0,-16648.0,-16462.0,-19039.0,-38216.0,-41942.0,-68882.0,-51235.0,-42288.0,-8283.0,119623.0,45951.0,4635.0,12402.0,5525.0,3887.0,-5675.0,-21535.0,-223.0,7696.0,3920.0,2251.0,967744.0,-7824.0
PRE,-92553.0,-36531.0,-61414.0,-55089.0,-11924.0,-9579.0,-26946.0,8144.0,9665.0,-64792.0,-29223.0,-176283.0,-192561.0,126321.0,10791.0,20821.0,-238610.0,-11174.0,777942.0,250233.0,-999244.0,-2395804.0,-310017.0,-683000.0,110525.0,-542748.0,-575511.0,-774412.0,-1010396.0,-646707.0,-1967571.0,-1346221.0,947438.0,1445552.0,2581693.0,-430127.0,-1968502.0,-886813.0,224951.0,-434403.0,-1024016.0,-377233.0,655419.0,-297428.0,-566874.0,-183999.0,-1860279.0,-2325643.0,33652.0,-596324.0,-792863.0,-320754.0,-38658.0,-84153.0,-529500.0,-896912.0,-66008.0,-62669.0,-17961.0,-357440.0,178643.0,-857807.0,-976233.0,-812057.0
PRI,-26328.0,-18268.0,-20180.0,-21180.0,-22169.0,-24057.0,-19282.0,-17776.0,-16164.0,-18060.0,-6440.0,-4917.0,-1444.0,-917.0,-1495.0,-731.0,-2483.0,-3925.0,-3337.0,681.0,-5094.0,-7391.0,-7383.0,-7250.0,-6072.0,-8143.0,-11985.0,-11183.0,-10611.0,-12434.0,-6865.0,-4857.0,-4198.0,-6207.0,-6385.0,-5930.0,-6559.0,-8067.0,-4606.0,-4607.0,-19394.0,-24907.0,-25268.0,-24947.0,-26695.0,-27139.0,-27499.0,-24762.0,-21734.0,-18849.0,-30960.0,-38545.0,-41108.0,-42641.0,-41932.0,-42912.0,-41237.0,-149999.0,10304.0,10623.0,-7410.0,-7410.0,16704.0,19833.0
PRK,0.0,0.0,0.0,0.0,0.0,0.0,0.0,0.0,0.0,0.0,0.0,0.0,0.0,0.0,0.0,0.0,0.0,0.0,0.0,0.0,0.0,0.0,0.0,0.0,0.0,0.0,0.0,0.0,0.0,0.0,0.0,0.0,0.0,0.0,-517.0,-3094.0,-3512.0,-3745.0,-3706.0,-3443.0,-3142.0,-2884.0,-2763.0,-2717.0,-2758.0,-2861.0,-2948.0,-3021.0,-3051.0,-3058.0,-3053.0,-2957.0,-2919.0,-2933.0,-3042.0,-3208.0,-3222.0,-3224.0,-3225.0,-3142.0,-1585.0,-1585.0,-1997.0,-1997.0
PRT,-95886.0,-112768.0,-113947.0,-116874.0,-118763.0,-123855.0,-129233.0,-136232.0,-145200.0,-161114.0,-191862.0,48944.0,39058.0,39748.0,41254.0,42262.0,40490.0,37779.0,34345.0,32434.0,29881.0,-7938.0,-15006.0,-16568.0,-16658.0,-19183.0,-20000.0,-23142.0,-26595.0,-30615.0,-34855.0,-37914.0,-11847.0,8561.0,20761.0,26971.0,32640.0,36922.0,40931.0,49572.0,60586.0,55565.0,42169.0,24740.0,13928.0,15537.0,16754.0,21064.0,9478.0,14532.0,-5627.0,-31513.0,-37083.0,-36342.0,-26447.0,-3209.0,-775.0,13979.0,22495.0,63031.0,54076.0,69606.0,68696.0,29102.0
PRY,-16811.0,-16972.0,-16175.0,-14086.0,-13915.0,-13715.0,-13538.0,-13346.0,-13132.0,-12859.0,-12579.0,-10446.0,-7642.0,-4346.0,-3478.0,-3807.0,-4066.0,-4201.0,-4066.0,-3570.0,-2808.0,-2477.0,-2725.0,-2845.0,-3769.0,-3562.0,-3460.0,-3445.0,-3557.0,-4009.0,-4685.0,-5420.0,-6035.0,-6431.0,-6999.0,-7653.0,-8273.0,-8704.0,-9276.0,-11362.0,-15884.0,-27676.0,-36918.0,-39941.0,-40907.0,-42173.0,-44568.0,-45914.0,-44679.0,-40112.0,-26169.0,-20427.0,-17763.0,-17232.0,-16989.0,-16834.0,-16737.0,-16630.0,-16472.0,-16263.0,-8226.0,-8226.0,-12500.0,-12500.0
PSE,-17662.0,-18224.0,-18971.0,-21220.0,-31125.0,-36419.0,-47780.0,-55265.0,-54963.0,-45586.0,-31405.0,-17235.0,-7848.0,-6736.0,-8670.0,-11596.0,-14515.0,-16444.0,-16654.0,-16058.0,-15067.0,-13892.0,-9799.0,684.0,9108.0,-31640.0,-21071.0,50702.0,-3008.0,-3026.0,-476.0,2116.0,4411.0,5975.0,7434.0,8763.0,9810.0,10417.0,-13146.0,-13860.0,-11496.0,-25652.0,-35038.0,-35968.0,-32853.0,-28161.0,-23445.0,-20337.0,-23985.0,-25906.0,-26351.0,-26662.0,-26916.0,-26979.0,-27077.0,-22903.0,-22774.0,-25452.0,-25141.0,-24733.0,-12369.0,-12369.0,-5006.0,-24996.0
PSS,-3432.0,-3482.0,-3433.0,-3716.0,-3723.0,-4043.0,-6035.0,-9240.0,-8967.0,-8656.0,-9841.0,-10822.0,-11067.0,-11415.0,-9704.0,-9982.0,-8773.0,-9515.0,-9490.0,-9269.0,-9516.0,-9360.0,-10505.0,-11052.0,-11160.0,-10773.0,-12909.0,-17235.0,-19170.0,-20513.0,-21319.0,-22179.0,-21405.0,-22272.0,-23298.0,-24673.0,-21936.0,-16952.0,-17622.0,-18232.0,-20016.0,-20237.0,-21008.0,-21785.0,-22197.0,-22831.0,-23232.0,-23868.0,-26530.0,-25439.0,-16112.0,-16657.0,-16637.0,-16885.0,-16674.0,-16231.0,-15574.0,-14350.0,-14446.0,-23261.0,-12012.0,-13868.0,-10912.0,-10577.0
PST,408448.0,240405.0,574040.0,481732.0,1772593.0,946937.0,968851.0,-805617.0,1287555.0,1401684.0,1083859.0,1933715.0,1592900.0,1505020.0,1129028.0,662494.0,755903.0,699380.0,714391.0,949369.0,1498956.0,913874.0,567819.0,740674.0,642633.0,1000995.0,1290731.0,1311614.0,1890172.0,1965619.0,2610130.0,2492996.0,2634090.0,2218113.0,2293846.0,1689093.0,2101992.0,1824002.0,1230380.0,2348869.0,2474571.0,2874403.0,3541981.0,3608494.0,3522829.0,3405862.0,3163212.0,4105920.0,3787059.0,3250346.0,3303884.0,3516833.0,3316259.0,3522180.0,3660325.0,4643836.0,4371750.0,4407320.0,4521154.0,4489727.0,1868759.0,2349192.0,227864.0,3699917.0
PYF,-957.0,-1050.0,-942.0,156.0,131.0,114.0,141.0,199.0,291.0,407.0,542.0,479.0,512.0,544.0,546.0,526.0,474.0,715.0,1136.0,1193.0,1108.0,997.0,1025.0,684.0,-251.0,-308.0,-208.0,-193.0,-694.0,-889.0,-1105.0,-1096.0,-1173.0,-1304.0,-1271.0,-1184.0,-994.0,-455.0,-430.0,-734.0,-721.0,-712.0,-687.0,78.0,-6.0,-170.0,-383.0,-1110.0,-2940.0,-2886.0,-2917.0,-2601.0,-2182.0,-1744.0,-1953.0,-1899.0,-1802.0,-2183.0,-3802.0,-2816.0,-1443.0,-1348.0,-1348.0,-1348.0
QAT,1586.0,3186.0,3773.0,4283.0,4686.0,5083.0,5880.0,6637.0,7266.0,7790.0,10579.0,10644.0,10663.0,10641.0,10603.0,10549.0,10494.0,10445.0,10434.0,10466.0,10540.0,10644.0,10634.0,10462.0,10113.0,9797.0,6512.0,5405.0,5118.0,5045.0,5216.0,5562.0,5670.0,5670.0,5660.0,5634.0,5517.0,19547.0,22618.0,22815.0,22769.0,22456.0,22356.0,22234.0,12531.0,68993.0,204236.0,245703.0,165572.0,123217.0,90620.0,77228.0,77091.0,133520.0,194712.0,177467.0,119725.0,46719.0,12465.0,10557.0,-50433.0,24501.0,80004.0,39995.0
ROU,-55397.0,-54642.0,-56152.0,-58076.0,-59500.0,-60430.0,-25458.0,37282.0,33601.0,74851.0,71919.0,74473.0,61920.0,58651.0,6725.0,9125.0,18748.0,-28135.0,-31427.0,-29600.0,-16668.0,-20870.0,-4725.0,3093.0,-24629.0,-28108.0,-50450.0,-42868.0,-48911.0,-33866.0,-38157.0,-36824.0,-63200.0,-73475.0,-76246.0,-73779.0,-70799.0,-88734.0,-81366.0,-82590.0,-92451.0,-91154.0,-106585.0,-107139.0,-117432.0,-131176.0,-132777.0,-133089.0,-144368.0,-137953.0,-122364.0,-102769.0,-37589.0,-34910.0,-35448.0,-35751.0,-33073.0,-33081.0,-33018.0,-27909.0,-13202.0,-17731.0,89076.0,-27780.0
RUS,-234895.0,-204349.0,-177358.0,-168649.0,-148595.0,-138078.0,-111360.0,-116029.0,-83221.0,-64643.0,-264464.0,-134968.0,-111168.0,-107568.0,-51759.0,80069.0,113851.0,122316.0,108882.0,-5791.0,10440.0,36686.0,107520.0,200159.0,247026.0,280614.0,283553.0,275611.0,269862.0,89400.0,299863.0,125505.0,-1129589.0,507229.0,1271417.0,723875.0,587171.0,541387.0,528135.0,375468.0,550401.0,259614.0,1358944.0,256804.0,261519.0,263541.0,308370.0,365717.0,360840.0,350206.0,307555.0,309377.0,285977.0,289872.0,264698.0,384756.0,447645.0,396619.0,339972.0,336494.0,334094.0,314112.0,765629.0,27807.0
RWA,-13198.0,-20508.0,-25594.0,-25524.0,-19458.0,-9774.0,-1930.0,4655.0,4728.0,2983.0,1149.0,-4230.0,-4156.0,-3862.0,-4535.0,-4791.0,-7027.0,-11084.0,-13838.0,-15669.0,-16359.0,-16453.0,-15818.0,-14560.0,-12899.0,-11031.0,-8982.0,-7062.0,-5285.0,-2826.0,-41483.0,-59519.0,-12334.0,236110.0,-2078111.0,439995.0,1367700.0,410106.0,-129089.0,-146162.0,-153588.0,-152197.0,-91518.0,-25355.0,-31214.0,-33830.0,-34008.0,-32537.0,-31913.0,-30128.0,-29501.0,-27915.0,-25260.0,-16779.0,-19505.0,-21862.0,-24474.0,-25634.0,-25323.0,-24492.0,-22251.0,-21492.0,-9001.0,-9001.0
SAS,136151.0,302477.0,-60123.0,30405.0,-128222.0,-205473.0,-569406.0,-50334.0,-1008447.0,-984520.0,148641.0,-776469.0,-378058.0,-510965.0,34606.0,2518.0,-202764.0,91147.0,-745024.0,210680.0,-362057.0,-245238.0,-334624.0,-289984.0,-522277.0,-487655.0,-653603.0,-720951.0,-673023.0,-482360.0,-476238.0,-382654.0,-105526.0,-281412.0,-620068.0,-279220.0,-247879.0,-237434.0,-245299.0,-361848.0,-675441.0,-933352.0,-1807173.0,-1774693.0,-1454745.0,-2294281.0,-1778819.0,-2528367.0,-2532654.0,-1805585.0,-1527208.0,-1528171.0,-1435652.0,-1417862.0,-1452161.0,-1805393.0,-1187121.0,-1670087.0,-1932697.0,-1832053.0,-934135.0,-1233524.0,-2312607.0,-1969476.0
SAU,15000.0,15000.0,15000.0,15000.0,15000.0,15000.0,15054.0,17947.0,21366.0,25312.0,31097.0,43989.0,55439.0,63995.0,69653.0,73960.0,85083.0,96015.0,105263.0,112826.0,121220.0,140355.0,153528.0,157930.0,153562.0,148208.0,172606.0,175075.0,146918.0,159273.0,160416.0,162857.0,160908.0,158074.0,160306.0,160512.0,160532.0,160066.0,159898.0,160263.0,468515.0,484252.0,500508.0,514606.0,523472.0,518565.0,504661.0,489136.0,491337.0,496229.0,504955.0,491253.0,479206.0,485794.0,469144.0,465292.0,-26997.0,-920812.0,-988751.0,191582.0,-74725.0,-106287.0,977072.0,325691.0
SDN,2194.0,3904.0,4387.0,4263.0,4505.0,6367.0,2813.0,4508.0,2776.0,2476.0,4479.0,-3577.0,2238.0,173143.0,6023.0,62843.0,22147.0,58540.0,177153.0,120613.0,208602.0,96697.0,124007.0,-54325.0,-219755.0,-222315.0,-245968.0,-228756.0,-235213.0,-241979.0,-254825.0,-261341.0,-271093.0,-166861.0,-144324.0,-144670.0,-310221.0,-148368.0,-150271.0,-157090.0,-165030.0,-173745.0,-180603.0,-281001.0,-185392.0,-199378.0,-211387.0,-201769.0,-73188.0,-80159.0,-339466.0,-347024.0,-232196.0,-194001.0,92504.0,66476.0,84728.0,441623.0,125499.0,-39491.0,-65933.0,31664.0,-26668.0,-1349998.0
SEN,9337.0,9549.0,9809.0,10371.0,11892.0,13913.0,15849.0,17107.0,17264.0,16887.0,16168.0,15131.0,13852.0,11382.0,3347.0,-7870.0,-18716.0,-35731.0,-36559.0,-35022.0,-32616.0,-29959.0,-27672.0,-26222.0,-24858.0,-18644.0,-12655.0,-12086.0,-12036.0,-12362.0,-12959.0,-13783.0,-14796.0,-16649.0,-22633.0,-31001.0,-39162.0,-44506.0,-45189.0,-44284.0,-42854.0,-41422.0,-40554.0,-57213.0,-59879.0,-61781.0,-64254.0,-66580.0,-67812.0,-69239.0,-69888.0,-43350.0,-42978.0,34878.0,36030.0,34387.0,29498.0,29605.0,33567.0,38386.0,33848.0,25519.0,16425.0,-9999.0
SGP,2008.0,3490.0,3714.0,2668.0,3043.0,4199.0,3507.0,6006.0,6792.0,6763.0,4024.0,573.0,-1631.0,-495.0,2748.0,4104.0,949.0,2757.0,436.0,-2384.0,42433.0,85869.0,41568.0,11699.0,-4396.0,-31036.0,-7858.0,25411.0,40976.0,68031.0,66950.0,57821.0,54359.0,58820.0,71170.0,91947.0,102018.0,95241.0,51905.0,19681.0,55218.0,45027.0,-40023.0,-30012.0,50487.0,92023.0,135625.0,192292.0,176182.0,95841.0,72571.0,89856.0,78501.0,52176.0,40154.0,41852.0,13737.0,-8880.0,21820.0,870.0,-145556.0,-44030.0,214842.0,26996.0
SLB,-917.0,-1016.0,-1073.0,-1129.0,-1200.0,-1237.0,-1256.0,-1213.0,-1154.0,-1187.0,-1632.0,-1646.0,-1520.0,-1329.0,-1084.0,-760.0,-48.0,159.0,174.0,188.0,151.0,99.0,40.0,-30.0,-102.0,-150.0,-269.0,-179.0,-197.0,-270.0,-335.0,-410.0,-482.0,-665.0,-828.0,-952.0,-947.0,-931.0,-1019.0,-1588.0,-4219.0,-4474.0,-4691.0,-4881.0,-4985.0,-5082.0,-5262.0,-5383.0,-5538.0,-4360.0,5040.0,5219.0,5420.0,5631.0,5598.0,5853.0,6146.0,6513.0,6653.0,-1990.0,1556.0,1499.0,1567.0,1636.0
SLE,-3528.0,-2947.0,-2658.0,-2480.0,-2308.0,-1851.0,-2911.0,-2819.0,-3743.0,-4485.0,-4957.0,-8162.0,-8267.0,-9322.0,-11473.0,-13058.0,-15686.0,-12399.0,-13073.0,-13095.0,-11641.0,-12699.0,-11379.0,-8783.0,-8708.0,-7873.0,7992.0,9558.0,9470.0,-5079.0,131587.0,-238965.0,-129565.0,-95476.0,-77371.0,-112857.0,-52110.0,-48437.0,-76766.0,-84926.0,83013.0,227791.0,86578.0,69185.0,23897.0,-1805.0,-34052.0,-6042.0,1182.0,18145.0,7983.0,6895.0,988.0,2773.0,485.0,-356.0,4657.0,1234.0,-2741.0,-2238.0,1292.0,-1544.0,-4000.0,-4000.0
SLV,-4885.0,-4159.0,-10307.0,-9774.0,-7937.0,-5560.0,-3945.0,-3192.0,-2919.0,-4355.0,-11367.0,-16389.0,-17317.0,-19347.0,-22844.0,-26198.0,-31317.0,-28742.0,-31463.0,-44302.0,-71318.0,-97365.0,-37159.0,-35694.0,-29767.0,-29111.0,-32181.0,-32308.0,-30806.0,-38211.0,-39689.0,-50622.0,-48232.0,-80736.0,-87318.0,-92912.0,-95977.0,-96820.0,-99293.0,-97475.0,-94861.0,-92389.0,-90908.0,-89146.0,-87466.0,-86501.0,-85789.0,-56857.0,-56086.0,-55966.0,-54688.0,-53433.0,-50546.0,-49087.0,-49126.0,-51278.0,-47491.0,-50608.0,-54163.0,-55144.0,-25213.0,-27343.0,-23255.0,-23253.0
SMR,229.0,206.0,238.0,242.0,233.0,99.0,-9.0,-3.0,8.0,-29.0,-39.0,201.0,191.0,-124.0,-131.0,-133.0,0.0,1577.0,199.0,164.0,169.0,169.0,117.0,115.0,32.0,166.0,44.0,-20.0,268.0,285.0,289.0,278.0,285.0,325.0,300.0,262.0,257.0,255.0,257.0,256.0,233.0,215.0,241.0,277.0,285.0,314.0,310.0,314.0,268.0,311.0,592.0,2325.0,143.0,57.0,74.0,273.0,291.0,234.0,172.0,187.0,247.0,-368.0,-403.0,-190.0
SOM,750.0,1336.0,1496.0,1449.0,1518.0,2142.0,941.0,1498.0,906.0,690.0,1104.0,-1850.0,-351.0,143.0,-495.0,-1934.0,-3831.0,2170.0,402005.0,582746.0,65519.0,-332129.0,6115.0,9505.0,60630.0,62183.0,74424.0,-17391.0,-415660.0,-266281.0,-248155.0,-568166.0,-179675.0,261815.0,-50921.0,65888.0,-46291.0,49692.0,55426.0,37548.0,53580.0,40274.0,12603.0,33174.0,17353.0,-5955.0,-67200.0,8476.0,-102035.0,-101795.0,-88448.0,-326192.0,-51833.0,20723.0,6065.0,-17178.0,124017.0,38067.0,40844.0,53124.0,77259.0,35506.0,-92434.0,46217.0
SRB,4377.0,6422.0,6064.0,8276.0,8045.0,7957.0,7037.0,6114.0,5430.0,4112.0,1861.0,1655.0,-348.0,-2396.0,-3525.0,-3490.0,-2744.0,-1953.0,-1481.0,-960.0,287.0,-8531.0,-13550.0,-15301.0,-15567.0,-17646.0,-17990.0,-16686.0,-15715.0,-16360.0,-16260.0,-8483.0,-4415.0,-5972.0,-5934.0,-6019.0,-5598.0,-5817.0,-5665.0,-4073.0,-14368.0,-12007.0,1562.0,6854.0,7300.0,7945.0,8018.0,7045.0,7070.0,6043.0,3632.0,611.0,-18513.0,-17866.0,-18846.0,-18789.0,-18322.0,-18651.0,-18883.0,-18891.0,-10220.0,-8974.0,40118.0,4348.0
SSA,-104979.0,-82422.0,-96921.0,-84430.0,-28798.0,-19761.0,-19727.0,28402.0,29702.0,-37179.0,-15159.0,-163560.0,-173402.0,156204.0,56996.0,73836.0,-166860.0,29655.0,764268.0,780783.0,737200.0,-131605.0,523048.0,-225422.0,12419.0,81.0,-142206.0,-167282.0,-678340.0,-414838.0,-730043.0,-1443057.0,-328711.0,-161631.0,-411021.0,-278475.0,-860129.0,-603384.0,-76283.0,-606258.0,-609794.0,-573315.0,-514856.0,-576753.0,-462917.0,-651147.0,-765531.0,-747057.0,-670635.0,-742194.0,-804522.0,-1054284.0,-804415.0,-548193.0,-700436.0,-160630.0,-866481.0,194530.0,137984.0,-161069.0,259561.0,37214.0,-292029.0,-652115.0
SSD,995.0,1194.0,1386.0,1591.0,1785.0,1591.0,1386.0,1194.0,995.0,786.0,587.0,394.0,193.0,0.0,-192.0,-395.0,-995.0,-1997.0,-2998.0,-3997.0,-4997.0,-5994.0,-6983.0,-7986.0,-8984.0,-9986.0,-10973.0,-11976.0,-97065.0,-130821.0,12988.0,14327.0,15077.0,15772.0,16407.0,17077.0,17953.0,48280.0,64285.0,70271.0,74227.0,77856.0,82847.0,91951.0,110182.0,132869.0,153926.0,167350.0,165557.0,139129.0,299402.0,194325.0,125771.0,65337.0,-471523.0,-159822.0,-654225.0,-670477.0,157408.0,65198.0,62935.0,-154359.0,40259.0,455000.0
SSF,-103463.0,-75637.0,-88089.0,-75119.0,-18123.0,-3433.0,-10661.0,42824.0,39748.0,-29878.0,-6501.0,-177968.0,-176511.0,156878.0,52938.0,31555.0,-202513.0,-497338.0,552690.0,68819.0,-166916.0,495965.0,589393.0,-157839.0,149558.0,157099.0,43534.0,83742.0,-298570.0,-172430.0,-434257.0,-583662.0,-168894.0,-20402.0,-270537.0,-186919.0,-818939.0,-612514.0,-78782.0,-576625.0,-659224.0,-591869.0,-527356.0,-590181.0,-488030.0,-695354.0,-795779.0,-747265.0,-691310.0,-725774.0,-723569.0,-935940.0,-683360.0,-465521.0,-595572.0,-96126.0,-748976.0,267989.0,149019.0,-170106.0,300153.0,37923.0,-302237.0,-662302.0
SST,-30010.0,-40629.0,-33441.0,-31393.0,-33002.0,-29780.0,-29458.0,-27599.0,-23560.0,-20891.0,-35201.0,-36608.0,-51496.0,-55054.0,-61009.0,-40534.0,-33423.0,-28921.0,-31681.0,-40788.0,-46979.0,-60700.0,-67336.0,-65395.0,-61863.0,-43334.0,-40636.0,-43546.0,-30924.0,-37335.0,-24002.0,-53746.0,-224905.0,-88903.0,-152002.0,-88442.0,-56919.0,-35261.0,-36197.0,-295785.0,819.0,14943.0,2331.0,-59365.0,-64330.0,-47565.0,-38688.0,-34914.0,-42723.0,-49282.0,-40313.0,-36558.0,-35547.0,-30902.0,-24066.0,-14697.0,-15619.0,5770.0,79618.0,-32230.0,7151.0,18053.0,54703.0,1098.0
STP,-860.0,-960.0,-927.0,-886.0,-819.0,-765.0,-688.0,-606.0,-520.0,-469.0,-279.0,-430.0,-517.0,-525.0,-474.0,-392.0,-302.0,-255.0,-279.0,-491.0,-770.0,-1067.0,-1203.0,-1203.0,-1041.0,-828.0,-614.0,-470.0,-465.0,-571.0,-727.0,-1362.0,-1432.0,-1527.0,-1644.0,-1829.0,-1974.0,-2153.0,-2364.0,-2594.0,-2798.0,-1289.0,-690.0,-816.0,-894.0,-941.0,-1031.0,-1127.0,-1203.0,-1328.0,-1529.0,-1616.0,-1739.0,-1787.0,-1801.0,-1809.0,-1793.0,-1779.0,-1757.0,-1716.0,0.0,-782.0,-592.0,-592.0
SUR,544.0,660.0,4703.0,4181.0,1820.0,1657.0,2103.0,2637.0,3147.0,3575.0,3791.0,3552.0,-10285.0,-10765.0,-11061.0,-11287.0,-11381.0,-11390.0,-11389.0,-11375.0,-7390.0,-6991.0,-6566.0,-6036.0,-4894.0,-3763.0,-3920.0,-5467.0,-2573.0,-3846.0,-6471.0,-6174.0,-5662.0,-7291.0,-2713.0,1275.0,1165.0,1164.0,1241.0,1380.0,1516.0,1641.0,2076.0,2345.0,-1676.0,-1534.0,-1403.0,-1312.0,-1255.0,-1204.0,-1138.0,-1060.0,-1011.0,-968.0,-959.0,-967.0,-906.0,-935.0,-851.0,191.0,-296.0,-486.0,-988.0,-988.0
SVK,4344.0,4812.0,-9019.0,-8548.0,-8608.0,-8707.0,-8817.0,-8876.0,-8881.0,-8998.0,-4919.0,-3495.0,-3516.0,-3854.0,-4190.0,-4652.0,-4432.0,-4621.0,-4689.0,-4712.0,-5522.0,-5821.0,-6088.0,-6361.0,-6276.0,-6068.0,-6143.0,-6401.0,-6500.0,-7254.0,-9402.0,174.0,-201.0,72.0,-109.0,-30.0,246.0,247.0,-12.0,-119.0,-831.0,-860.0,-580.0,-646.0,-522.0,-561.0,-549.0,-571.0,-495.0,-542.0,-1814.0,-2392.0,871.0,-1181.0,-1158.0,2549.0,3487.0,3279.0,3446.0,3128.0,4350.0,-8172.0,92314.0,4933.0
SVN,-929.0,-306.0,148.0,-180.0,-349.0,-1421.0,-1262.0,-192.0,438.0,685.0,260.0,2286.0,2924.0,2175.0,3145.0,2421.0,2226.0,2584.0,2113.0,2107.0,3128.0,-5016.0,-8695.0,3613.0,3280.0,3404.0,32700.0,2972.0,-3023.0,-2718.0,618.0,-3325.0,-5547.0,-4641.0,-153.0,356.0,-2456.0,-1298.0,-5280.0,10291.0,3124.0,4527.0,1975.0,3218.0,1759.0,6317.0,6081.0,14191.0,2971.0,11594.0,-410.0,2190.0,1117.0,639.0,-70.0,712.0,1195.0,1359.0,14640.0,16352.0,28514.0,2477.0,9014.0,5339.0
SWE,1080.0,14401.0,9627.0,11009.0,23581.0,32444.0,24920.0,11075.0,8545.0,48824.0,47242.0,2334.0,-13519.0,-9551.0,9217.0,16564.0,20324.0,23528.0,13807.0,13895.0,10040.0,3209.0,2524.0,2105.0,8668.0,11464.0,15211.0,21335.0,30064.0,44565.0,35668.0,25314.0,20507.0,32725.0,51545.0,11621.0,5773.0,6047.0,11325.0,13940.0,24900.0,28856.0,31364.0,29161.0,25842.0,27030.0,51675.0,54907.0,56452.0,63638.0,51175.0,46049.0,52879.0,66760.0,77654.0,80534.0,119234.0,102671.0,87517.0,72619.0,37302.0,51947.0,58955.0,55209.0
SWZ,-2082.0,-2270.0,-2390.0,-2358.0,-2049.0,-1578.0,-1557.0,-2964.0,-3029.0,-3127.0,-3230.0,-3325.0,-3435.0,-3555.0,-3665.0,-3794.0,-3469.0,-2838.0,-3040.0,-3210.0,-3350.0,-3464.0,-3574.0,-3429.0,-3949.0,1792.0,1353.0,2417.0,14879.0,5477.0,7169.0,7496.0,6011.0,-6692.0,-48259.0,-3023.0,-3049.0,-5911.0,-8505.0,-8421.0,-8563.0,-8788.0,-9209.0,-9595.0,-9863.0,-10330.0,-10923.0,-9271.0,-9822.0,-10989.0,-11334.0,-11596.0,-12294.0,-12664.0,-12724.0,-12582.0,-12481.0,-8658.0,-8546.0,-8439.0,-4242.0,-4242.0,-8549.0,-8549.0
SXM,180.0,234.0,251.0,264.0,278.0,291.0,301.0,309.0,314.0,318.0,321.0,320.0,347.0,382.0,395.0,405.0,409.0,414.0,418.0,416.0,409.0,793.0,1192.0,1195.0,1207.0,1222.0,1240.0,1268.0,1313.0,1375.0,1453.0,1528.0,474.0,-642.0,-688.0,-729.0,-745.0,-740.0,-720.0,-674.0,-618.0,-289.0,13.0,41.0,60.0,69.0,61.0,103.0,71.0,64.0,-24.0,353.0,528.0,530.0,530.0,536.0,545.0,545.0,535.0,526.0,519.0,498.0,564.0,567.0
SYC,-180.0,-153.0,-128.0,-107.0,-74.0,-20.0,-94.0,-15.0,54.0,43.0,69.0,102.0,266.0,327.0,174.0,259.0,472.0,140.0,-587.0,-509.0,-587.0,-565.0,-357.0,-439.0,-493.0,-458.0,-487.0,-363.0,-196.0,-206.0,-228.0,-342.0,-289.0,-316.0,-231.0,-171.0,-266.0,-11.0,512.0,491.0,461.0,509.0,425.0,316.0,317.0,214.0,264.0,173.0,105.0,105.0,740.0,1551.0,1538.0,1717.0,1742.0,1719.0,1682.0,1693.0,1733.0,1770.0,1726.0,2086.0,1788.0,1809.0
SYR,0.0,-11237.0,-11641.0,-11817.0,-12044.0,-12704.0,-13434.0,-14618.0,-16968.0,-18749.0,-19594.0,-15167.0,-17610.0,-17502.0,-24242.0,-24389.0,-26268.0,-28275.0,-30567.0,-32793.0,-33114.0,-24536.0,-721.0,-9729.0,-5245.0,-6221.0,-9485.0,-8335.0,-8426.0,-8379.0,-6620.0,-10154.0,-4063.0,-8828.0,-12630.0,-28122.0,-30197.0,-31571.0,-26025.0,-31394.0,-34425.0,-36383.0,-35096.0,-33920.0,10881.0,13382.0,682911.0,801514.0,-402393.0,-52703.0,-54359.0,-256888.0,-999267.0,-2081303.0,-1457679.0,-827496.0,-124063.0,-287501.0,514102.0,500985.0,269050.0,211220.0,735142.0,757309.0
TCA,-121.0,-133.0,-136.0,-140.0,-140.0,-134.0,-132.0,-128.0,-124.0,-120.0,-89.0,42.0,54.0,61.0,65.0,66.0,66.0,68.0,74.0,64.0,151.0,220.0,210.0,200.0,195.0,187.0,180.0,172.0,173.0,174.0,309.0,412.0,413.0,415.0,417.0,412.0,409.0,407.0,409.0,414.0,442.0,567.0,792.0,797.0,792.0,793.0,797.0,816.0,848.0,855.0,863.0,798.0,1256.0,1333.0,1001.0,1658.0,1309.0,1421.0,1400.0,1359.0,682.0,682.0,193.0,193.0
TCD,-672.0,-760.0,-890.0,-1228.0,-2518.0,-4384.0,-6283.0,-7771.0,-8396.0,-8714.0,-8931.0,-9153.0,-9526.0,-10737.0,-15686.0,-22768.0,-29755.0,-34318.0,-34856.0,-9974.0,-210126.0,-13232.0,217242.0,247.0,-164489.0,-30686.0,42093.0,23220.0,16085.0,4924.0,-58884.0,112492.0,6013.0,-146386.0,986.0,152232.0,1259.0,3631.0,2232.0,17175.0,-3845.0,3484.0,20400.0,105140.0,110387.0,19281.0,23052.0,-11339.0,36446.0,9108.0,10427.0,29256.0,9514.0,51887.0,20842.0,-48918.0,21540.0,16916.0,46661.0,-29451.0,36605.0,74509.0,36670.0,496830.0
TEA,-102376.0,-91738.0,-98929.0,-117739.0,-1307598.0,-378774.0,-275230.0,966614.0,-184437.0,-189736.0,-527048.0,-415881.0,-471677.0,-557660.0,-576427.0,-367051.0,-253994.0,-109847.0,-213873.0,-366788.0,-282894.0,-188292.0,-73558.0,157615.0,30306.0,-86831.0,-186155.0,-86565.0,-296857.0,-421599.0,148584.0,-841696.0,144654.0,-456651.0,-488504.0,-55069.0,235422.0,285147.0,402548.0,-313223.0,-177170.0,-553177.0,-1196542.0,-1127935.0,-1293512.0,-642081.0,-841793.0,-760937.0,-716760.0,-372591.0,-191116.0,-653286.0,89843.0,-349002.0,-525554.0,-997419.0,-120419.0,-123475.0,-252614.0,-642303.0,-103641.0,-367941.0,-515800.0,-744392.0
TEC,-111859.0,-100161.0,-98238.0,-40024.0,-16138.0,-46649.0,129942.0,180813.0,217858.0,114900.0,-377768.0,-55476.0,-89758.0,-166414.0,-152984.0,-123556.0,180923.0,116480.0,-62527.0,-386765.0,-286345.0,-335613.0,-99952.0,16955.0,-46419.0,-72696.0,-54501.0,-92318.0,-10530.0,-482181.0,-458190.0,-603717.0,-2454263.0,-810873.0,-308895.0,-419962.0,-590371.0,-844763.0,-1199784.0,-782766.0,-289583.0,-456543.0,771594.0,-276474.0,-391399.0,-549089.0,-326905.0,-414411.0,-225987.0,-131572.0,-13003.0,9670.0,251680.0,446344.0,916689.0,1115543.0,526794.0,770330.0,233990.0,108051.0,273560.0,163698.0,-3918982.0,-693240.0
TGO,-13868.0,-14858.0,-15486.0,-14361.0,-6214.0,6104.0,18418.0,26576.0,26860.0,20613.0,10865.0,482.0,-7661.0,-11555.0,-14483.0,-16973.0,-18832.0,-19856.0,-19163.0,-13519.0,-4993.0,3519.0,9163.0,9740.0,7897.0,1242.0,-436.0,848.0,-17.0,0.0,44.0,-51.0,-122.0,-291022.0,88992.0,57406.0,40915.0,11898.0,12362.0,11125.0,4715.0,-1703.0,-5973.0,-2793.0,-1005.0,-4437.0,21724.0,4813.0,14303.0,-1985.0,-1964.0,-1968.0,-1983.0,-1976.0,-1976.0,-1976.0,-1979.0,-1985.0,-1985.0,-1985.0,-986.0,-986.0,-1997.0,-1997.0
THA,6886.0,14968.0,16605.0,16494.0,17249.0,22995.0,12016.0,17005.0,13718.0,26551.0,49221.0,43400.0,73082.0,80704.0,72801.0,66306.0,40656.0,88937.0,82011.0,85693.0,88478.0,78337.0,101885.0,143393.0,139345.0,141963.0,111820.0,122791.0,128469.0,90497.0,152916.0,124034.0,143318.0,122746.0,132271.0,147226.0,152397.0,150411.0,183471.0,173924.0,121640.0,96817.0,105215.0,105917.0,107199.0,100542.0,102362.0,100486.0,107333.0,110883.0,52791.0,66607.0,74033.0,67452.0,55358.0,32500.0,112978.0,66805.0,10984.0,5221.0,32277.0,-2093.0,21683.0,19648.0
TJK,2457.0,3291.0,4270.0,5379.0,6568.0,7744.0,8796.0,9670.0,10323.0,8886.0,5559.0,4293.0,5123.0,5876.0,6531.0,7237.0,7679.0,7999.0,5006.0,-1703.0,-5557.0,-6221.0,-6730.0,-6972.0,-7152.0,247.0,4321.0,9923.0,5523.0,-53020.0,-41596.0,-29553.0,-95280.0,-75147.0,-49668.0,-40418.0,-30922.0,-110572.0,-119621.0,-117571.0,-13871.0,-19657.0,-20526.0,-22562.0,-25082.0,-27954.0,-30591.0,-32831.0,-34855.0,-36677.0,-33733.0,-30783.0,-12132.0,-16362.0,-13962.0,-7660.0,-8210.0,-4093.0,-6111.0,-9041.0,-3564.0,-3564.0,-17001.0,-19999.0
TKM,1421.0,1372.0,1337.0,1332.0,1340.0,1366.0,1377.0,1397.0,1401.0,1397.0,1376.0,1348.0,1293.0,1194.0,924.0,550.0,160.0,-132.0,-350.0,-677.0,-1152.0,-1102.0,-961.0,-1264.0,-1427.0,1861.0,1878.0,3161.0,1408.0,-3576.0,-4864.0,-4864.0,-13517.0,-312.0,-13094.0,-13423.0,-8627.0,-5600.0,-3239.0,12859.0,14925.0,16982.0,18803.0,17625.0,14242.0,10263.0,7613.0,6388.0,6734.0,6656.0,6621.0,6992.0,7125.0,7287.0,8696.0,9936.0,13365.0,16678.0,19293.0,19735.0,19913.0,17617.0,14141.0,15005.0
TLA,-248967.0,-224948.0,-243423.0,-256677.0,-271156.0,-277783.0,-299308.0,-311025.0,-332263.0,-358368.0,-420032.0,-480545.0,-498617.0,-509592.0,-544902.0,-610119.0,-654549.0,-625181.0,-636835.0,-651806.0,-646563.0,-811026.0,-769435.0,-715893.0,-729565.0,-751377.0,-856115.0,-800419.0,-741495.0,-760419.0,-655115.0,-819568.0,-686833.0,-862416.0,-832941.0,-852616.0,-858979.0,-847116.0,-697563.0,-810681.0,-935129.0,-1004237.0,-1013260.0,-1039253.0,-1036122.0,-1044472.0,-975972.0,-837126.0,-824037.0,-843735.0,-818622.0,-750560.0,-743972.0,-688419.0,-727017.0,-743824.0,-517909.0,-601947.0,-759719.0,-839329.0,-579889.0,-519807.0,-372913.0,-366204.0
TLS,0.0,0.0,0.0,0.0,0.0,0.0,0.0,0.0,0.0,0.0,0.0,0.0,0.0,-278.0,-2222.0,9542.0,9662.0,10657.0,10967.0,8924.0,5457.0,-482.0,-1125.0,-1032.0,-1436.0,-495.0,-316.0,-106.0,587.0,-2246.0,-2881.0,1803.0,1794.0,1795.0,1794.0,1806.0,1796.0,1804.0,1806.0,-262940.0,40272.0,49159.0,35935.0,-12810.0,-16447.0,1759.0,2184.0,2103.0,1009.0,117.0,470.0,-159.0,-609.0,-1206.0,-958.0,-20.0,208.0,1666.0,3062.0,3942.0,3793.0,3111.0,-5519.0,-5620.0
TMN,-45191.0,-157775.0,-114662.0,-141697.0,-117585.0,-127400.0,-14703.0,-12422.0,-14646.0,-25357.0,-84458.0,-173514.0,-162867.0,-124081.0,-113559.0,232107.0,83913.0,-28868.0,-31513.0,-102229.0,44663.0,14401.0,-106488.0,14345.0,229428.0,-1630.0,112497.0,-73674.0,-47151.0,40294.0,19129.0,-176416.0,75165.0,-173403.0,-347507.0,-231592.0,-279061.0,-109846.0,50054.0,-69083.0,-543928.0,-156663.0,-549294.0,472454.0,313071.0,744739.0,279823.0,-570890.0,-192506.0,-293692.0,-867391.0,-1074649.0,-1995333.0,-2149693.0,-2591690.0,-3446767.0,-2972869.0,-2340100.0,-1206659.0,-1163403.0,-495291.0,-713889.0,-865347.0,-487852.0
TON,-384.0,-401.0,-420.0,-426.0,-428.0,-426.0,-465.0,-1060.0,-1078.0,-1101.0,-1122.0,-1138.0,-1153.0,-1168.0,-344.0,-346.0,-523.0,-2273.0,-2457.0,-2604.0,-2708.0,-2778.0,-2814.0,-2840.0,-2823.0,-2775.0,-2650.0,-1970.0,-2138.0,-2280.0,-2409.0,-2484.0,-2524.0,-2532.0,-2484.0,-2422.0,-2338.0,-1589.0,-1665.0,-1710.0,-1721.0,-1766.0,-1815.0,-1844.0,-1876.0,-1906.0,-1875.0,-2057.0,-2177.0,-2204.0,-2097.0,-2198.0,-2578.0,-2637.0,-2622.0,-2610.0,-2591.0,-1642.0,-1723.0,-1778.0,-1807.0,-2220.0,-2218.0,-2173.0
TSA,136151.0,302477.0,-60123.0,30405.0,-128222.0,-205473.0,-569406.0,-50334.0,-1008447.0,-984520.0,148641.0,-776469.0,-378058.0,-510965.0,34606.0,2518.0,-202764.0,91147.0,-745024.0,210680.0,-362057.0,-245238.0,-334624.0,-289984.0,-522277.0,-487655.0,-653603.0,-720951.0,-673023.0,-482360.0,-476238.0,-382654.0,-105526.0,-281412.0,-620068.0,-279220.0,-247879.0,-237434.0,-245299.0,-361848.0,-675441.0,-933352.0,-1807173.0,-1774693.0,-1454745.0,-2294281.0,-1778819.0,-2528367.0,-2532654.0,-1805585.0,-1527208.0,-1528171.0,-1435652.0,-1417862.0,-1452161.0,-1805393.0,-1187121.0,-1670087.0,-1932697.0,-1832053.0,-934135.0,-1233524.0,-2312607.0,-1969476.0
TSS,-103463.0,-75637.0,-88089.0,-75119.0,-18123.0,-3433.0,-10661.0,42824.0,39748.0,-29878.0,-6501.0,-177968.0,-176511.0,156878.0,52938.0,31555.0,-202513.0,-497338.0,552690.0,68819.0,-166916.0,495965.0,589393.0,-157839.0,149558.0,157099.0,43534.0,83742.0,-298570.0,-172430.0,-434257.0,-583662.0,-168894.0,-20402.0,-270537.0,-186919.0,-818939.0,-612514.0,-78782.0,-576625.0,-659224.0,-591869.0,-527356.0,-590181.0,-488030.0,-695354.0,-795779.0,-747265.0,-691310.0,-725774.0,-723569.0,-935940.0,-683360.0,-465521.0,-595572.0,-96126.0,-748976.0,267989.0,149019.0,-170106.0,300153.0,37923.0,-302237.0,-662302.0
TTO,-5671.0,-8200.0,-8982.0,-9067.0,-9193.0,-9301.0,-9254.0,-9008.0,-8647.0,-8449.0,-8751.0,-7499.0,-7346.0,-7524.0,-7683.0,-7768.0,-7895.0,-8154.0,-8397.0,-9106.0,-10709.0,-12086.0,-12529.0,-12544.0,-12413.0,-8051.0,-8620.0,-9002.0,-9023.0,-8588.0,-7878.0,-7149.0,-6650.0,-6554.0,-6615.0,-6723.0,-6827.0,-6865.0,-6730.0,-6103.0,-5185.0,-4252.0,-3613.0,-3472.0,-3504.0,-3595.0,-3684.0,-3731.0,-3624.0,-3056.0,-2230.0,-1410.0,-880.0,-796.0,-799.0,-575.0,-86.0,1445.0,35502.0,-19251.0,427.0,5749.0,4247.0,2126.0
TUN,-61334.0,-61369.0,-61260.0,-60505.0,-59602.0,-49751.0,-27393.0,-19155.0,-9848.0,-10049.0,-10054.0,-9949.0,-9790.0,-9606.0,-9254.0,-8765.0,-15499.0,-13910.0,-26968.0,-23688.0,-19321.0,-24242.0,-29559.0,-37895.0,8109.0,2887.0,3464.0,3711.0,3934.0,4100.0,4183.0,16021.0,15124.0,10771.0,-4271.0,-8095.0,-5506.0,-4756.0,-4111.0,-3452.0,-5937.0,-7235.0,-8334.0,-12459.0,-23735.0,-26361.0,-24098.0,-21190.0,-17742.0,-13512.0,-14168.0,-21935.0,-26059.0,-17020.0,-26586.0,-25229.0,-23827.0,-22365.0,-21012.0,-19612.0,-19188.0,-9190.0,-14001.0,-14001.0
TUR,14948.0,-26187.0,-34353.0,-44317.0,-69978.0,-113911.0,-50999.0,-65993.0,-78973.0,-110578.0,-150924.0,-94891.0,-119850.0,-130985.0,-153311.0,-193829.0,-135377.0,-151825.0,-182818.0,-218509.0,-151969.0,-213889.0,23728.0,39871.0,21787.0,8960.0,-29134.0,-40772.0,-27659.0,-33519.0,-27193.0,-69982.0,-49923.0,-35245.0,-37762.0,-149737.0,-179423.0,-208465.0,-231744.0,-219778.0,-195996.0,-166759.0,-129444.0,-121383.0,-146574.0,-174177.0,-190194.0,-186402.0,47915.0,24276.0,55532.0,68849.0,258623.0,438618.0,1033384.0,1063140.0,352063.0,659846.0,187570.0,-15690.0,37934.0,20283.0,-301544.0,-318070.0
TUV,-79.0,-77.0,-61.0,-52.0,-135.0,-128.0,-121.0,-123.0,-127.0,-65.0,-71.0,-85.0,-102.0,-121.0,197.0,186.0,171.0,149.0,119.0,37.0,0.0,-46.0,-66.0,-87.0,-103.0,-36.0,-56.0,-68.0,-72.0,-71.0,-69.0,-72.0,-104.0,-119.0,-120.0,-125.0,-121.0,-120.0,-122.0,-120.0,-118.0,-117.0,-104.0,-16.0,-10.0,-8.0,-5.0,1.0,10.0,15.0,22.0,28.0,1.0,-160.0,-166.0,-179.0,-200.0,-246.0,-329.0,-343.0,-355.0,-366.0,-320.0,-323.0
TZA,1946.0,8338.0,3916.0,4333.0,9090.0,4742.0,5049.0,5265.0,34455.0,37006.0,38635.0,41900.0,57489.0,48363.0,51127.0,53290.0,54875.0,49997.0,27307.0,-4792.0,-42588.0,-42485.0,-37883.0,58161.0,-26938.0,86864.0,24101.0,94498.0,-71012.0,-71268.0,-80529.0,-91851.0,-83825.0,288004.0,349348.0,-109971.0,-473007.0,-13400.0,-105184.0,-4489.0,-9701.0,-125375.0,-118047.0,-127101.0,-126490.0,-128251.0,-128231.0,-126793.0,-184816.0,-324478.0,-122020.0,-84546.0,-49875.0,1241.0,-21083.0,201495.0,152194.0,119142.0,-55444.0,-63602.0,-18587.0,-7704.0,-37557.0,-39388.0
UGA,-7586.0,-7893.0,-6470.0,-3058.0,-3169.0,-3716.0,-3021.0,-3773.0,-3214.0,-14548.0,-25646.0,-42642.0,-86409.0,-73439.0,-51910.0,-47359.0,-42259.0,-37671.0,-34606.0,-98863.0,-105900.0,-83010.0,-53497.0,-45776.0,-8818.0,-42942.0,-19485.0,-22415.0,-20113.0,-12576.0,-21688.0,3643.0,24723.0,18349.0,-16198.0,-242378.0,-22795.0,-155461.0,6277.0,-39695.0,-52824.0,-95956.0,-35149.0,-96429.0,-138770.0,-151386.0,-156232.0,-154773.0,-158790.0,-164553.0,-168322.0,-173005.0,-175936.0,-176579.0,-92273.0,-62366.0,123379.0,92879.0,60724.0,107210.0,43464.0,43464.0,-118843.0,-126181.0
UKR,52281.0,51625.0,45712.0,60178.0,76650.0,69354.0,89737.0,85527.0,102096.0,51763.0,-48335.0,74604.0,56928.0,18777.0,31725.0,15336.0,-8219.0,-24745.0,-29180.0,25635.0,47406.0,40807.0,9096.0,23608.0,13340.0,5546.0,-12369.0,-18275.0,75637.0,36978.0,75760.0,125962.0,291788.0,26357.0,-166380.0,-134053.0,-158008.0,-108735.0,-80684.0,-59247.0,-67865.0,-92847.0,-26991.0,18540.0,5644.0,-111493.0,136442.0,15237.0,9312.0,26796.0,16030.0,26457.0,66768.0,26781.0,-65678.0,-21992.0,-31340.0,-36155.0,-32220.0,-6908.0,-4167.0,-1129.0,-5699445.0,-299961.0
UMC,34090.0,5848.0,6870.0,26576.0,-1142001.0,-311170.0,-37192.0,1175542.0,-14842.0,-153721.0,-449286.0,-428179.0,-489835.0,-525990.0,-519730.0,-245146.0,-133580.0,-210104.0,-243165.0,-580952.0,-130325.0,975434.0,-194977.0,-45477.0,-84790.0,-340554.0,-195430.0,-479709.0,-515738.0,-738804.0,-846201.0,-1621368.0,-1899102.0,-2804004.0,-3087448.0,-2030748.0,-1914815.0,-1745674.0,-1591137.0,-1243222.0,-998218.0,-1138912.0,-2326313.0,-937803.0,-1011528.0,-535898.0,-2263402.0,-2827052.0,-1100559.0,-788461.0,-830347.0,-1384863.0,471266.0,273821.0,66136.0,239603.0,-925636.0,1046755.0,586988.0,-447040.0,53075.0,194024.0,-5486141.0,-940775.0
URY,2057.0,703.0,-623.0,-1707.0,-2623.0,-3542.0,-4599.0,-5938.0,-8028.0,-11149.0,-12727.0,-13288.0,-13817.0,-14312.0,-14512.0,-14350.0,-14096.0,-14280.0,-14611.0,-14552.0,-14252.0,-13577.0,-12131.0,-10671.0,-9730.0,-8832.0,-8046.0,-6833.0,-6582.0,-7229.0,-7499.0,-7714.0,-7850.0,-7922.0,-7955.0,-8339.0,-7397.0,-6938.0,-7048.0,-7441.0,-11076.0,-14620.0,-16957.0,-17105.0,-15668.0,-16086.0,-13161.0,-10750.0,-9458.0,-8510.0,-7696.0,-6982.0,-6317.0,-5647.0,-4919.0,-4157.0,-3506.0,-3091.0,-2963.0,-2899.0,-1482.0,-1482.0,-1501.0,-1501.0
USA,422708.0,580333.0,625617.0,639495.0,618635.0,644902.0,637692.0,585410.0,594514.0,523740.0,744902.0,833549.0,833543.0,783163.0,706978.0,655078.0,635590.0,577060.0,556521.0,503559.0,595916.0,583070.0,600149.0,662840.0,622793.0,598777.0,493082.0,480815.0,460778.0,400998.0,1084720.0,1202426.0,1304880.0,1228478.0,1179309.0,1173016.0,1141648.0,1116922.0,1225134.0,1156311.0,1248392.0,1312455.0,1336518.0,1331376.0,1313467.0,1369224.0,1347750.0,1371353.0,1416841.0,1387306.0,1594453.0,1624033.0,1632007.0,1663885.0,1672598.0,1722127.0,1889129.0,1864738.0,1764961.0,1774500.0,329769.0,674787.0,1319009.0,1322668.0
UZB,22039.0,48168.0,52532.0,57002.0,61512.0,65579.0,69537.0,74030.0,77914.0,65596.0,37324.0,24030.0,26748.0,30094.0,33600.0,37611.0,42094.0,45622.0,27783.0,10864.0,8540.0,6223.0,3897.0,1568.0,-752.0,-773.0,-802.0,-824.0,-473.0,-13888.0,-73478.0,-29064.0,-33259.0,-37377.0,-41788.0,-45876.0,-50314.0,-48360.0,-49862.0,-61955.0,-66547.0,-48642.0,-47679.0,-44092.0,-38834.0,-33386.0,-29197.0,-27013.0,-24028.0,-20378.0,-20380.0,-20380.0,-20381.0,-20380.0,-20381.0,-16545.0,-14839.0,-13352.0,-11516.0,-9341.0,-9208.0,-9205.0,-5007.0,-6004.0
VCT,-1476.0,-1647.0,-1749.0,-1833.0,-1931.0,-2009.0,-2090.0,-2178.0,-2258.0,-2292.0,-2260.0,-2183.0,-2116.0,-2068.0,-2013.0,-1958.0,-1891.0,-1821.0,-1832.0,-1925.0,-1545.0,-1526.0,-1597.0,-1549.0,-1405.0,-1324.0,-1279.0,-1251.0,-1243.0,-1244.0,-1350.0,-1482.0,-1602.0,-1629.0,-1631.0,-1608.0,-1575.0,-1487.0,-1308.0,-1019.0,-1213.0,-1375.0,-1333.0,-1315.0,-1349.0,-1365.0,-1346.0,-1363.0,-1414.0,-1407.0,-1371.0,-1319.0,-1221.0,-1190.0,-1161.0,-1124.0,-1089.0,-1057.0,-1026.0,-982.0,-493.0,-851.0,-826.0,-784.0
VEN,8369.0,6069.0,4386.0,3296.0,2410.0,1656.0,1087.0,717.0,532.0,403.0,305.0,215.0,173.0,171.0,173.0,186.0,190.0,196.0,205.0,228.0,237.0,251.0,260.0,260.0,247.0,237.0,201.0,182.0,137.0,32.0,-69.0,-236.0,-381.0,-477.0,-559.0,-622.0,-708.0,-816.0,-1010.0,-1376.0,-1999.0,-2856.0,-3944.0,-5729.0,-10798.0,-18407.0,-27240.0,-36060.0,-43636.0,-50286.0,-52781.0,-54384.0,-55131.0,-57818.0,-62437.0,-77417.0,-283270.0,-817376.0,-1355602.0,-975534.0,-524649.0,-332936.0,-141107.0,-112899.0
VGB,-59.0,-145.0,-147.0,-142.0,-115.0,-71.0,0.0,74.0,208.0,388.0,-101.0,-111.0,-117.0,-121.0,-127.0,-129.0,-135.0,-138.0,-144.0,-140.0,58.0,285.0,284.0,290.0,293.0,297.0,312.0,320.0,325.0,334.0,351.0,229.0,178.0,203.0,243.0,245.0,244.0,244.0,334.0,308.0,313.0,444.0,567.0,587.0,589.0,654.0,704.0,730.0,793.0,756.0,-125.0,1915.0,1088.0,1367.0,835.0,1904.0,-3433.0,891.0,2913.0,419.0,888.0,326.0,550.0,587.0
VIR,1348.0,1872.0,1922.0,1967.0,1932.0,1536.0,1449.0,973.0,745.0,502.0,1616.0,1609.0,1611.0,1533.0,1506.0,1233.0,1229.0,1187.0,940.0,1076.0,-388.0,-885.0,-1065.0,-1200.0,-1136.0,-1165.0,-1196.0,-1405.0,-1570.0,-1942.0,-891.0,-861.0,-1209.0,-1316.0,-1421.0,-1118.0,-941.0,-1023.0,-864.0,-797.0,-791.0,-840.0,-869.0,-889.0,-921.0,-657.0,-840.0,-888.0,-957.0,-664.0,-1251.0,-1358.0,-1346.0,-1332.0,-1303.0,-2432.0,-2591.0,-2691.0,-2743.0,-2743.0,0.0,-214.0,-444.0,-444.0
VNM,0.0,0.0,0.0,0.0,-6328.0,-1438.0,1769.0,394.0,1489.0,0.0,1997.0,76961.0,-1920.0,-19937.0,-34940.0,-2010.0,-1733.0,49655.0,-6592.0,-337597.0,-74791.0,-109259.0,-110901.0,-97706.0,-97339.0,-124910.0,-164183.0,-128095.0,-84361.0,-101113.0,-57221.0,-76829.0,-65285.0,-72931.0,-53012.0,-51147.0,-48235.0,52382.0,106091.0,-15010.0,-144298.0,-177586.0,-193766.0,-216062.0,-220458.0,-208337.0,482399.0,523784.0,571113.0,-18560.0,-4443.0,-4602.0,-4851.0,-4979.0,-4894.0,-4888.0,167652.0,139245.0,96650.0,-2051.0,-6457.0,-5418.0,-78977.0,-81789.0
VUT,0.0,0.0,0.0,0.0,0.0,0.0,0.0,0.0,-68.0,-53.0,-46.0,-40.0,-28.0,-22.0,-17.0,-15.0,3.0,-3.0,-15.0,-845.0,-896.0,-896.0,-897.0,-899.0,-907.0,-916.0,-938.0,-907.0,-959.0,-1006.0,-1072.0,-1078.0,-1095.0,-1115.0,-1132.0,-1140.0,-1154.0,-1166.0,-1178.0,-1090.0,-339.0,-328.0,-329.0,-342.0,-349.0,-364.0,-364.0,-374.0,-372.0,-467.0,-1413.0,-1395.0,-1369.0,-1343.0,-1320.0,-1324.0,-1235.0,-610.0,-638.0,-652.0,-201.0,-201.0,0.0,0.0
WLD,0.0,0.0,0.0,0.0,0.0,0.0,0.0,0.0,0.0,0.0,0.0,0.0,0.0,0.0,0.0,0.0,0.0,0.0,0.0,0.0,0.0,0.0,0.0,0.0,0.0,0.0,0.0,0.0,0.0,0.0,0.0,0.0,0.0,0.0,0.0,0.0,0.0,0.0,0.0,0.0,0.0,0.0,0.0,0.0,0.0,0.0,0.0,0.0,0.0,0.0,0.0,0.0,0.0,0.0,0.0,0.0,0.0,0.0,0.0,0.0,0.0,0.0,0.0,0.0
WSM,-1333.0,-1349.0,-1341.0,-1365.0,-1252.0,-1512.0,-1503.0,-2333.0,-2370.0,-2399.0,-2429.0,-2463.0,-2483.0,-2501.0,-526.0,-522.0,-929.0,-2866.0,-3022.0,-3177.0,-3240.0,-3440.0,-4479.0,-4789.0,-4944.0,-4920.0,-4637.0,-4056.0,-4366.0,-4527.0,-4533.0,-4227.0,-3161.0,-3373.0,-3505.0,-3532.0,-3476.0,-3658.0,-3702.0,-3517.0,-3453.0,-3198.0,-3624.0,-3748.0,-3796.0,-3805.0,-3714.0,-3152.0,-3194.0,-3093.0,-3197.0,-3056.0,-3089.0,-3107.0,-3081.0,-3074.0,-3008.0,-2539.0,-2425.0,-2313.0,-2299.0,-2860.0,-2837.0,-2810.0
XKX,3231.0,440.0,279.0,-38.0,1178.0,2403.0,4107.0,5731.0,-15224.0,-12878.0,-11776.0,-1638.0,-2834.0,-1846.0,-377.0,1188.0,3115.0,4875.0,6851.0,7565.0,7255.0,-1170.0,-4343.0,-4883.0,-3741.0,-1096.0,-449.0,282.0,-15870.0,-14531.0,-15797.0,-3485.0,829.0,660.0,443.0,-764.0,-4187.0,-4655.0,-294789.0,-168484.0,-9150.0,-1989.0,-27289.0,-27491.0,-29433.0,-31137.0,-31202.0,-31597.0,-32053.0,-31556.0,-29433.0,-9064.0,-3403.0,-16367.0,-39586.0,-55524.0,-8937.0,-5428.0,-21386.0,-28829.0,2815.0,-38584.0,-28588.0,-28754.0
YEM,-3431.0,-3503.0,-3572.0,-3640.0,-3712.0,-3797.0,-3874.0,-3959.0,-4031.0,-4121.0,-20966.0,-21386.0,-21826.0,-22282.0,-22726.0,-23192.0,-23669.0,-25305.0,-26524.0,-27090.0,-26740.0,-25499.0,-23981.0,-22152.0,-19143.0,-14660.0,-11151.0,-9097.0,-17952.0,-16876.0,-15847.0,-14964.0,-14372.0,-14332.0,-13040.0,-15485.0,-35043.0,-36694.0,-39096.0,-42731.0,-47713.0,-53698.0,-59648.0,-64737.0,-62641.0,15283.0,13940.0,21210.0,22621.0,30919.0,20269.0,27184.0,22349.0,5697.0,15764.0,-9883.0,-6492.0,-12086.0,-26335.0,2129.0,-97982.0,-81248.0,-10448.0,-5233.0
ZAF,18891.0,57728.0,69771.0,72844.0,76298.0,82514.0,77417.0,81932.0,78932.0,73225.0,61514.0,32961.0,38163.0,41125.0,38518.0,38809.0,27333.0,63739.0,62121.0,56323.0,258127.0,279985.0,293195.0,310172.0,290789.0,244940.0,234378.0,231009.0,246382.0,255605.0,259718.0,-39131.0,-71342.0,194977.0,-268849.0,-98403.0,-193007.0,-98181.0,-82722.0,-126011.0,-136794.0,-60793.0,50313.0,65604.0,58924.0,31286.0,33159.0,36339.0,36869.0,41528.0,68563.0,65166.0,264091.0,232230.0,272697.0,641150.0,-879235.0,343146.0,318260.0,331124.0,369901.0,458246.0,233284.0,228222.0
ZMB,-3898.0,-4043.0,-4428.0,-4676.0,-4851.0,-5023.0,-5129.0,-5298.0,-5447.0,-11469.0,-31370.0,-31651.0,-31672.0,-31472.0,-31178.0,-30886.0,-30612.0,-30423.0,-30284.0,-29515.0,-24664.0,-16072.0,-3676.0,-11849.0,-18652.0,-18474.0,-16610.0,-26338.0,-31270.0,-36736.0,-38619.0,-44203.0,-43656.0,-47739.0,-45504.0,-45423.0,-38358.0,-26276.0,-26796.0,-16888.0,-4338.0,23582.0,3206.0,20845.0,7819.0,35316.0,29517.0,49945.0,39249.0,44867.0,22761.0,13569.0,8958.0,15542.0,16574.0,16261.0,25860.0,25789.0,18431.0,18385.0,8156.0,8143.0,-8566.0,9521.0
ZWE,-8260.0,-8204.0,-8529.0,-8936.0,-9631.0,-10465.0,-11211.0,-11814.0,-11997.0,-12028.0,-24102.0,-22719.0,-20959.0,-18733.0,-16105.0,-28988.0,-32495.0,-89270.0,-170727.0,-67937.0,390593.0,11523.0,32899.0,4456.0,5124.0,4718.0,6154.0,21308.0,11327.0,3736.0,4948.0,3749.0,75788.0,-243947.0,-174723.0,-45428.0,978.0,395.0,6645.0,-86343.0,-165181.0,-139361.0,-101212.0,-96667.0,-127550.0,-134212.0,-57257.0,-118299.0,-113858.0,-108689.0,-108671.0,-108714.0,-177061.0,-176972.0,-177029.0,-162220.0,-140181.0,-128241.0,-117758.0,-103107.0,-89440.0,-74623.0,-102828.0,-97380.0
