STRUCTURE,STRUCTURE_ID,STRUCTURE_NAME,ACTION,FREQ,Frequency of observation,TERRITORIAL_LEVEL,Territorial level,TERRITORIAL_TYPE,Territorial typology,REF_AREA,Reference area,MEASURE,Measure,AGE,Age,SEX,Sex,UNIT_MEASURE,Unit of measure,TIME_PERIOD,Time period,OBS_VALUE,Observation value,COUNTRY,Country,OBS_STATUS,Observation status,UNIT_MULT,Unit multiplier,DECIMALS,Decimals
DATAFLOW,OECD.CFE.EDS:DSD_REG_DEMO@DF_POP_5Y(1.0),Population by 5-year age groups - Regions,I,A,Annual,TL3,TL3,_Z,Not applicable,AT342,Rheintal-Bodenseegebiet,POP,Population,_T,Total,_T,Total,PS,Persons,2022,,308381,,AUT,Austria,A,Normal value,0,Units,0,Zero
DATAFLOW,OECD.CFE.EDS:DSD_REG_DEMO@DF_POP_5Y(1.0),Population by 5-year age groups - Regions,I,A,Annual,TL3,TL3,_Z,Not applicable,AT127,Wiener Umland/Südteil,POP,Population,_T,Total,_T,Total,PS_KM2,Persons per square kilometer,2018,,235.6,,AUT,Austria,A,Normal value,0,Units,2,Two
DATAFLOW,OECD.CFE.EDS:DSD_REG_DEMO@DF_POP_5Y(1.0),Population by 5-year age groups - Regions,I,A,Annual,TL3,TL3,_Z,Not applicable,AT313,Mühlviertel,POP,Population,_T,Total,_T,Total,PS,Persons,2018,,208483,,AUT,Austria,A,Normal value,0,Units,0,Zero
DATAFLOW,OECD.CFE.EDS:DSD_REG_DEMO@DF_POP_5Y(1.0),Population by 5-year age groups - Regions,I,A,Annual,TL3,TL3,_Z,Not applicable,AT313,Mühlviertel,POP,Population,_T,Total,_T,Total,PS,Persons,2019,,209304,,AUT,Austria,A,Normal value,0,Units,0,Zero
DATAFLOW,OECD.CFE.EDS:DSD_REG_DEMO@DF_POP_5Y(1.0),Population by 5-year age groups - Regions,I,A,Annual,TL3,TL3,_Z,Not applicable,AT313,Mühlviertel,POP,Population,_T,Total,_T,Total,PS,Persons,2020,,210133,,AUT,Austria,A,Normal value,0,Units,0,Zero
DATAFLOW,OECD.CFE.EDS:DSD_REG_DEMO@DF_POP_5Y(1.0),Population by 5-year age groups - Regions,I,A,Annual,TL3,TL3,_Z,Not applicable,AT313,Mühlviertel,POP,Population,_T,Total,_T,Total,PS,Persons,2021,,210515,,AUT,Austria,A,Normal value,0,Units,0,Zero
DATAFLOW,OECD.CFE.EDS:DSD_REG_DEMO@DF_POP_5Y(1.0),Population by 5-year age groups - Regions,I,A,Annual,TL3,TL3,_Z,Not applicable,AT313,Mühlviertel,POP,Population,_T,Total,_T,Total,PS,Persons,2022,,211657,,AUT,Austria,A,Normal value,0,Units,0,Zero
DATAFLOW,OECD.CFE.EDS:DSD_REG_DEMO@DF_POP_5Y(1.0),Population by 5-year age groups - Regions,I,A,Annual,TL3,TL3,_Z,Not applicable,AT333,Osttirol,POP,Population,_T,Total,_T,Total,PS,Persons,2021,,48814,,AUT,Austria,A,Normal value,0,Units,0,Zero
DATAFLOW,OECD.CFE.EDS:DSD_REG_DEMO@DF_POP_5Y(1.0),Population by 5-year age groups - Regions,I,A,Annual,TL3,TL3,_Z,Not applicable,AT333,Osttirol,POP,Population,_T,Total,_T,Total,PS,Persons,2022,,48818,,AUT,Austria,A,Normal value,0,Units,0,Zero
DATAFLOW,OECD.CFE.EDS:DSD_REG_DEMO@DF_POP_5Y(1.0),Population by 5-year age groups - Regions,I,A,Annual,TL3,TL3,_Z,Not applicable,AT341,Bludenz-Bregenzer Wald,POP,Population,_T,Total,_T,Total,PS_KM2,Persons per square kilometer,2018,,49.3,,AUT,Austria,A,Normal value,0,Units,2,Two
DATAFLOW,OECD.CFE.EDS:DSD_REG_DEMO@DF_POP_5Y(1.0),Population by 5-year age groups - Regions,I,A,Annual,TL3,TL3,_Z,Not applicable,AT341,Bludenz-Bregenzer Wald,POP,Population,_T,Total,_T,Total,PS_KM2,Persons per square kilometer,2019,,49.56,,AUT,Austria,A,Normal value,0,Units,2,Two
DATAFLOW,OECD.CFE.EDS:DSD_REG_DEMO@DF_POP_5Y(1.0),Population by 5-year age groups - Regions,I,A,Annual,TL3,TL3,_Z,Not applicable,AT341,Bludenz-Bregenzer Wald,POP,Population,_T,Total,_T,Total,PS_KM2,Persons per square kilometer,2020,,49.82,,AUT,Austria,A,Normal value,0,Units,2,Two
DATAFLOW,OECD.CFE.EDS:DSD_REG_DEMO@DF_POP_5Y(1.0),Population by 5-year age groups - Regions,I,A,Annual,TL3,TL3,_Z,Not applicable,AT341,Bludenz-Bregenzer Wald,POP,Population,_T,Total,_T,Total,PS_KM2,Persons per square kilometer,2021,,49.98,,AUT,Austria,A,Normal value,0,Units,2,Two
DATAFLOW,OECD.CFE.EDS:DSD_REG_DEMO@DF_POP_5Y(1.0),Population by 5-year age groups - Regions,I,A,Annual,TL3,TL3,_Z,Not applicable,AT341,Bludenz-Bregenzer Wald,POP,Population,_T,Total,_T,Total,PS_KM2,Persons per square kilometer,2022,,50.32,,AUT,Austria,A,Normal value,0,Units,2,Two
DATAFLOW,OECD.CFE.EDS:DSD_REG_DEMO@DF_POP_5Y(1.0),Population by 5-year age groups - Regions,I,A,Annual,TL2,TL2,_Z,Not applicable,AT33,Tyrol,POP,Population,_T,Total,_T,Total,PS,Persons,2019,,754705,,AUT,Austria,A,Normal value,0,Units,0,Zero
DATAFLOW,OECD.CFE.EDS:DSD_REG_DEMO@DF_POP_5Y(1.0),Population by 5-year age groups - Regions,I,A,Annual,TL2,TL2,_Z,Not applicable,AT33,Tyrol,POP,Population,_T,Total,_T,Total,PS,Persons,2020,,757634,,AUT,Austria,A,Normal value,0,Units,0,Zero
DATAFLOW,OECD.CFE.EDS:DSD_REG_DEMO@DF_POP_5Y(1.0),Population by 5-year age groups - Regions,I,A,Annual,TL2,TL2,_Z,Not applicable,AT33,Tyrol,POP,Population,_T,Total,_T,Total,PS,Persons,2021,,760105,,AUT,Austria,A,Normal value,0,Units,0,Zero
DATAFLOW,OECD.CFE.EDS:DSD_REG_DEMO@DF_POP_5Y(1.0),Population by 5-year age groups - Regions,I,A,Annual,TL2,TL2,_Z,Not applicable,AT33,Tyrol,POP,Population,_T,Total,_T,Total,PS,Persons,2022,,764102,,AUT,Austria,A,Normal value,0,Units,0,Zero
DATAFLOW,OECD.CFE.EDS:DSD_REG_DEMO@DF_POP_5Y(1.0),Population by 5-year age groups - Regions,I,A,Annual,TL2,TL2,_Z,Not applicable,AT33,Tyrol,POP,Population,_T,Total,_T,Total,PS,Persons,2018,,751140,,AUT,Austria,A,Normal value,0,Units,0,Zero
DATAFLOW,OECD.CFE.EDS:DSD_REG_DEMO@DF_POP_5Y(1.0),Population by 5-year age groups - Regions,I,A,Annual,TL2,TL2,_Z,Not applicable,AT32,Salzburg,POP,Population,_T,Total,_T,Total,PS,Persons,2019,,555221,,AUT,Austria,A,Normal value,0,Units,0,Zero
DATAFLOW,OECD.CFE.EDS:DSD_REG_DEMO@DF_POP_5Y(1.0),Population by 5-year age groups - Regions,I,A,Annual,TL2,TL2,_Z,Not applicable,AT32,Salzburg,POP,Population,_T,Total,_T,Total,PS,Persons,2020,,558410,,AUT,Austria,A,Normal value,0,Units,0,Zero
DATAFLOW,OECD.CFE.EDS:DSD_REG_DEMO@DF_POP_5Y(1.0),Population by 5-year age groups - Regions,I,A,Annual,TL2,TL2,_Z,Not applicable,AT32,Salzburg,POP,Population,_T,Total,_T,Total,PS,Persons,2021,,560710,,AUT,Austria,A,Normal value,0,Units,0,Zero
DATAFLOW,OECD.CFE.EDS:DSD_REG_DEMO@DF_POP_5Y(1.0),Population by 5-year age groups - Regions,I,A,Annual,TL2,TL2,_Z,Not applicable,AT32,Salzburg,POP,Population,_T,Total,_T,Total,PS,Persons,2022,,562606,,AUT,Austria,A,Normal value,0,Units,0,Zero
DATAFLOW,OECD.CFE.EDS:DSD_REG_DEMO@DF_POP_5Y(1.0),Population by 5-year age groups - Regions,I,A,Annual,TL2,TL2,_Z,Not applicable,AT11,Burgenland (AT),POP,Population,_T,Total,_T,Total,PS,Persons,2018,,292675,,AUT,Austria,A,Normal value,0,Units,0,Zero
DATAFLOW,OECD.CFE.EDS:DSD_REG_DEMO@DF_POP_5Y(1.0),Population by 5-year age groups - Regions,I,A,Annual,TL2,TL2,_Z,Not applicable,AT11,Burgenland (AT),POP,Population,_T,Total,_T,Total,PS,Persons,2019,,293433,,AUT,Austria,A,Normal value,0,Units,0,Zero
DATAFLOW,OECD.CFE.EDS:DSD_REG_DEMO@DF_POP_5Y(1.0),Population by 5-year age groups - Regions,I,A,Annual,TL2,TL2,_Z,Not applicable,AT11,Burgenland (AT),POP,Population,_T,Total,_T,Total,PS,Persons,2020,,294436,,AUT,Austria,A,Normal value,0,Units,0,Zero
DATAFLOW,OECD.CFE.EDS:DSD_REG_DEMO@DF_POP_5Y(1.0),Population by 5-year age groups - Regions,I,A,Annual,TL2,TL2,_Z,Not applicable,AT11,Burgenland (AT),POP,Population,_T,Total,_T,Total,PS,Persons,2021,,296010,,AUT,Austria,A,Normal value,0,Units,0,Zero
DATAFLOW,OECD.CFE.EDS:DSD_REG_DEMO@DF_POP_5Y(1.0),Population by 5-year age groups - Regions,I,A,Annual,TL2,TL2,_Z,Not applicable,AT11,Burgenland (AT),POP,Population,_T,Total,_T,Total,PS,Persons,2022,,297583,,AUT,Austria,A,Normal value,0,Units,0,Zero
DATAFLOW,OECD.CFE.EDS:DSD_REG_DEMO@DF_POP_5Y(1.0),Population by 5-year age groups - Regions,I,A,Annual,TL3,TL3,_Z,Not applicable,AT311,Innviertel,POP,Population,_T,Total,_T,Total,PS_KM2,Persons per square kilometer,2018,,102.78,,AUT,Austria,A,Normal value,0,Units,2,Two
DATAFLOW,OECD.CFE.EDS:DSD_REG_DEMO@DF_POP_5Y(1.0),Population by 5-year age groups - Regions,I,A,Annual,TL3,TL3,_Z,Not applicable,AT311,Innviertel,POP,Population,_T,Total,_T,Total,PS_KM2,Persons per square kilometer,2019,,103.36,,AUT,Austria,A,Normal value,0,Units,2,Two
DATAFLOW,OECD.CFE.EDS:DSD_REG_DEMO@DF_POP_5Y(1.0),Population by 5-year age groups - Regions,I,A,Annual,TL3,TL3,_Z,Not applicable,AT311,Innviertel,POP,Population,_T,Total,_T,Total,PS_KM2,Persons per square kilometer,2020,,104.03,,AUT,Austria,A,Normal value,0,Units,2,Two
DATAFLOW,OECD.CFE.EDS:DSD_REG_DEMO@DF_POP_5Y(1.0),Population by 5-year age groups - Regions,I,A,Annual,TL3,TL3,_Z,Not applicable,AT311,Innviertel,POP,Population,_T,Total,_T,Total,PS_KM2,Persons per square kilometer,2021,,104.53,,AUT,Austria,A,Normal value,0,Units,2,Two
DATAFLOW,OECD.CFE.EDS:DSD_REG_DEMO@DF_POP_5Y(1.0),Population by 5-year age groups - Regions,I,A,Annual,TL3,TL3,_Z,Not applicable,AT311,Innviertel,POP,Population,_T,Total,_T,Total,PS_KM2,Persons per square kilometer,2022,,105.33,,AUT,Austria,A,Normal value,0,Units,2,Two
DATAFLOW,OECD.CFE.EDS:DSD_REG_DEMO@DF_POP_5Y(1.0),Population by 5-year age groups - Regions,I,A,Annual,TL3,TL3,_Z,Not applicable,AT123,Sankt Pölten,POP,Population,_T,Total,_T,Total,PS_KM2,Persons per square kilometer,2018,,127.58,,AUT,Austria,A,Normal value,0,Units,2,Two
DATAFLOW,OECD.CFE.EDS:DSD_REG_DEMO@DF_POP_5Y(1.0),Population by 5-year age groups - Regions,I,A,Annual,TL3,TL3,_Z,Not applicable,AT123,Sankt Pölten,POP,Population,_T,Total,_T,Total,PS_KM2,Persons per square kilometer,2019,,128.04,,AUT,Austria,A,Normal value,0,Units,2,Two
DATAFLOW,OECD.CFE.EDS:DSD_REG_DEMO@DF_POP_5Y(1.0),Population by 5-year age groups - Regions,I,A,Annual,TL3,TL3,_Z,Not applicable,AT123,Sankt Pölten,POP,Population,_T,Total,_T,Total,PS_KM2,Persons per square kilometer,2020,,128.8,,AUT,Austria,A,Normal value,0,Units,2,Two
DATAFLOW,OECD.CFE.EDS:DSD_REG_DEMO@DF_POP_5Y(1.0),Population by 5-year age groups - Regions,I,A,Annual,TL3,TL3,_Z,Not applicable,AT123,Sankt Pölten,POP,Population,_T,Total,_T,Total,PS_KM2,Persons per square kilometer,2021,,129.34,,AUT,Austria,A,Normal value,0,Units,2,Two
DATAFLOW,OECD.CFE.EDS:DSD_REG_DEMO@DF_POP_5Y(1.0),Population by 5-year age groups - Regions,I,A,Annual,TL3,TL3,_Z,Not applicable,AT123,Sankt Pölten,POP,Population,_T,Total,_T,Total,PS_KM2,Persons per square kilometer,2022,,130.2,,AUT,Austria,A,Normal value,0,Units,2,Two
DATAFLOW,OECD.CFE.EDS:DSD_REG_DEMO@DF_POP_5Y(1.0),Population by 5-year age groups - Regions,I,A,Annual,TL3,TL3,_Z,Not applicable,AT341,Bludenz-Bregenzer Wald,POP,Population,_T,Total,_T,Total,PS,Persons,2018,,91399,,AUT,Austria,A,Normal value,0,Units,0,Zero
DATAFLOW,OECD.CFE.EDS:DSD_REG_DEMO@DF_POP_5Y(1.0),Population by 5-year age groups - Regions,I,A,Annual,TL3,TL3,_Z,Not applicable,AT341,Bludenz-Bregenzer Wald,POP,Population,_T,Total,_T,Total,PS,Persons,2019,,91889,,AUT,Austria,A,Normal value,0,Units,0,Zero
DATAFLOW,OECD.CFE.EDS:DSD_REG_DEMO@DF_POP_5Y(1.0),Population by 5-year age groups - Regions,I,A,Annual,TL3,TL3,_Z,Not applicable,AT341,Bludenz-Bregenzer Wald,POP,Population,_T,Total,_T,Total,PS,Persons,2020,,92362,,AUT,Austria,A,Normal value,0,Units,0,Zero
DATAFLOW,OECD.CFE.EDS:DSD_REG_DEMO@DF_POP_5Y(1.0),Population by 5-year age groups - Regions,I,A,Annual,TL3,TL3,_Z,Not applicable,AT341,Bludenz-Bregenzer Wald,POP,Population,_T,Total,_T,Total,PS,Persons,2021,,92656,,AUT,Austria,A,Normal value,0,Units,0,Zero
DATAFLOW,OECD.CFE.EDS:DSD_REG_DEMO@DF_POP_5Y(1.0),Population by 5-year age groups - Regions,I,A,Annual,TL3,TL3,_Z,Not applicable,AT341,Bludenz-Bregenzer Wald,POP,Population,_T,Total,_T,Total,PS,Persons,2022,,93293,,AUT,Austria,A,Normal value,0,Units,0,Zero
DATAFLOW,OECD.CFE.EDS:DSD_REG_DEMO@DF_POP_5Y(1.0),Population by 5-year age groups - Regions,I,A,Annual,TL3,TL3,_Z,Not applicable,AT333,Osttirol,POP,Population,_T,Total,_T,Total,PS,Persons,2018,,48833,,AUT,Austria,A,Normal value,0,Units,0,Zero
DATAFLOW,OECD.CFE.EDS:DSD_REG_DEMO@DF_POP_5Y(1.0),Population by 5-year age groups - Regions,I,A,Annual,TL3,TL3,_Z,Not applicable,AT333,Osttirol,POP,Population,_T,Total,_T,Total,PS,Persons,2019,,48753,,AUT,Austria,A,Normal value,0,Units,0,Zero
DATAFLOW,OECD.CFE.EDS:DSD_REG_DEMO@DF_POP_5Y(1.0),Population by 5-year age groups - Regions,I,A,Annual,TL3,TL3,_Z,Not applicable,AT333,Osttirol,POP,Population,_T,Total,_T,Total,PS,Persons,2020,,48738,,AUT,Austria,A,Normal value,0,Units,0,Zero
DATAFLOW,OECD.CFE.EDS:DSD_REG_DEMO@DF_POP_5Y(1.0),Population by 5-year age groups - Regions,I,A,Annual,TL3,TL3,_Z,Not applicable,AT226,Westliche Obersteiermark,POP,Population,_T,Total,_T,Total,PS,Persons,2018,,100390,,AUT,Austria,A,Normal value,0,Units,0,Zero
DATAFLOW,OECD.CFE.EDS:DSD_REG_DEMO@DF_POP_5Y(1.0),Population by 5-year age groups - Regions,I,A,Annual,TL3,TL3,_Z,Not applicable,AT226,Westliche Obersteiermark,POP,Population,_T,Total,_T,Total,PS,Persons,2019,,99663,,AUT,Austria,A,Normal value,0,Units,0,Zero
DATAFLOW,OECD.CFE.EDS:DSD_REG_DEMO@DF_POP_5Y(1.0),Population by 5-year age groups - Regions,I,A,Annual,TL3,TL3,_Z,Not applicable,AT226,Westliche Obersteiermark,POP,Population,_T,Total,_T,Total,PS,Persons,2020,,99241,,AUT,Austria,A,Normal value,0,Units,0,Zero
DATAFLOW,OECD.CFE.EDS:DSD_REG_DEMO@DF_POP_5Y(1.0),Population by 5-year age groups - Regions,I,A,Annual,TL3,TL3,_Z,Not applicable,AT226,Westliche Obersteiermark,POP,Population,_T,Total,_T,Total,PS,Persons,2021,,98805,,AUT,Austria,A,Normal value,0,Units,0,Zero
DATAFLOW,OECD.CFE.EDS:DSD_REG_DEMO@DF_POP_5Y(1.0),Population by 5-year age groups - Regions,I,A,Annual,TL3,TL3,_Z,Not applicable,AT226,Westliche Obersteiermark,POP,Population,_T,Total,_T,Total,PS,Persons,2022,,98497,,AUT,Austria,A,Normal value,0,Units,0,Zero
DATAFLOW,OECD.CFE.EDS:DSD_REG_DEMO@DF_POP_5Y(1.0),Population by 5-year age groups - Regions,I,A,Annual,TL2,TL2,_Z,Not applicable,AU5,Western Australia,POP,Population,_T,Total,_T,Total,PS_KM2,Persons per square kilometer,2021,,1.09,,AUS,Australia,A,Normal value,0,Units,2,Two
DATAFLOW,OECD.CFE.EDS:DSD_REG_DEMO@DF_POP_5Y(1.0),Population by 5-year age groups - Regions,I,A,Annual,TL2,TL2,_Z,Not applicable,AU5,Western Australia,POP,Population,_T,Total,_T,Total,PS_KM2,Persons per square kilometer,2022,,1.1,,AUS,Australia,A,Normal value,0,Units,2,Two
DATAFLOW,OECD.CFE.EDS:DSD_REG_DEMO@DF_POP_5Y(1.0),Population by 5-year age groups - Regions,I,A,Annual,TL2,TL2,_Z,Not applicable,AU5,Western Australia,POP,Population,_T,Total,_T,Total,PS_KM2,Persons per square kilometer,2018,,1.03,,AUS,Australia,A,Normal value,0,Units,2,Two
DATAFLOW,OECD.CFE.EDS:DSD_REG_DEMO@DF_POP_5Y(1.0),Population by 5-year age groups - Regions,I,A,Annual,TL2,TL2,_Z,Not applicable,AU5,Western Australia,POP,Population,_T,Total,_T,Total,PS_KM2,Persons per square kilometer,2019,,1.05,,AUS,Australia,A,Normal value,0,Units,2,Two
DATAFLOW,OECD.CFE.EDS:DSD_REG_DEMO@DF_POP_5Y(1.0),Population by 5-year age groups - Regions,I,A,Annual,TL2,TL2,_Z,Not applicable,AU5,Western Australia,POP,Population,_T,Total,_T,Total,PS_KM2,Persons per square kilometer,2020,,1.07,,AUS,Australia,A,Normal value,0,Units,2,Two
DATAFLOW,OECD.CFE.EDS:DSD_REG_DEMO@DF_POP_5Y(1.0),Population by 5-year age groups - Regions,I,A,Annual,TL3,TL3,_Z,Not applicable,AT211,Klagenfurt-Villach,POP,Population,_T,Total,_T,Total,PS,Persons,2018,,286579,,AUT,Austria,A,Normal value,0,Units,0,Zero
DATAFLOW,OECD.CFE.EDS:DSD_REG_DEMO@DF_POP_5Y(1.0),Population by 5-year age groups - Regions,I,A,Annual,TL3,TL3,_Z,Not applicable,AT211,Klagenfurt-Villach,POP,Population,_T,Total,_T,Total,PS,Persons,2019,,287528,,AUT,Austria,A,Normal value,0,Units,0,Zero
DATAFLOW,OECD.CFE.EDS:DSD_REG_DEMO@DF_POP_5Y(1.0),Population by 5-year age groups - Regions,I,A,Annual,TL3,TL3,_Z,Not applicable,AT211,Klagenfurt-Villach,POP,Population,_T,Total,_T,Total,PS,Persons,2020,,288814,,AUT,Austria,A,Normal value,0,Units,0,Zero
DATAFLOW,OECD.CFE.EDS:DSD_REG_DEMO@DF_POP_5Y(1.0),Population by 5-year age groups - Regions,I,A,Annual,TL3,TL3,_Z,Not applicable,AT211,Klagenfurt-Villach,POP,Population,_T,Total,_T,Total,PS,Persons,2021,,290424,,AUT,Austria,A,Normal value,0,Units,0,Zero
DATAFLOW,OECD.CFE.EDS:DSD_REG_DEMO@DF_POP_5Y(1.0),Population by 5-year age groups - Regions,I,A,Annual,TL3,TL3,_Z,Not applicable,AT211,Klagenfurt-Villach,POP,Population,_T,Total,_T,Total,PS,Persons,2022,,292945,,AUT,Austria,A,Normal value,0,Units,0,Zero
DATAFLOW,OECD.CFE.EDS:DSD_REG_DEMO@DF_POP_5Y(1.0),Population by 5-year age groups - Regions,I,A,Annual,TL3,TL3,_Z,Not applicable,AT225,West- und Südsteiermark,POP,Population,_T,Total,_T,Total,PS_KM2,Persons per square kilometer,2018,,86.77,,AUT,Austria,A,Normal value,0,Units,2,Two
DATAFLOW,OECD.CFE.EDS:DSD_REG_DEMO@DF_POP_5Y(1.0),Population by 5-year age groups - Regions,I,A,Annual,TL3,TL3,_Z,Not applicable,AT225,West- und Südsteiermark,POP,Population,_T,Total,_T,Total,PS_KM2,Persons per square kilometer,2019,,86.93,,AUT,Austria,A,Normal value,0,Units,2,Two
DATAFLOW,OECD.CFE.EDS:DSD_REG_DEMO@DF_POP_5Y(1.0),Population by 5-year age groups - Regions,I,A,Annual,TL3,TL3,_Z,Not applicable,AT225,West- und Südsteiermark,POP,Population,_T,Total,_T,Total,PS_KM2,Persons per square kilometer,2020,,87.17,,AUT,Austria,A,Normal value,0,Units,2,Two
DATAFLOW,OECD.CFE.EDS:DSD_REG_DEMO@DF_POP_5Y(1.0),Population by 5-year age groups - Regions,I,A,Annual,TL3,TL3,_Z,Not applicable,AT225,West- und Südsteiermark,POP,Population,_T,Total,_T,Total,PS_KM2,Persons per square kilometer,2021,,88.11,,AUT,Austria,A,Normal value,0,Units,2,Two
DATAFLOW,OECD.CFE.EDS:DSD_REG_DEMO@DF_POP_5Y(1.0),Population by 5-year age groups - Regions,I,A,Annual,TL3,TL3,_Z,Not applicable,AT225,West- und Südsteiermark,POP,Population,_T,Total,_T,Total,PS_KM2,Persons per square kilometer,2022,,88.63,,AUT,Austria,A,Normal value,0,Units,2,Two
DATAFLOW,OECD.CFE.EDS:DSD_REG_DEMO@DF_POP_5Y(1.0),Population by 5-year age groups - Regions,I,A,Annual,TL3,TL3,_Z,Not applicable,AT126,Wiener Umland/Nordteil,POP,Population,_T,Total,_T,Total,PS,Persons,2018,,327072,,AUT,Austria,A,Normal value,0,Units,0,Zero
DATAFLOW,OECD.CFE.EDS:DSD_REG_DEMO@DF_POP_5Y(1.0),Population by 5-year age groups - Regions,I,A,Annual,TL3,TL3,_Z,Not applicable,AT126,Wiener Umland/Nordteil,POP,Population,_T,Total,_T,Total,PS,Persons,2019,,330362,,AUT,Austria,A,Normal value,0,Units,0,Zero
DATAFLOW,OECD.CFE.EDS:DSD_REG_DEMO@DF_POP_5Y(1.0),Population by 5-year age groups - Regions,I,A,Annual,TL3,TL3,_Z,Not applicable,AT126,Wiener Umland/Nordteil,POP,Population,_T,Total,_T,Total,PS,Persons,2020,,332957,,AUT,Austria,A,Normal value,0,Units,0,Zero
DATAFLOW,OECD.CFE.EDS:DSD_REG_DEMO@DF_POP_5Y(1.0),Population by 5-year age groups - Regions,I,A,Annual,TL3,TL3,_Z,Not applicable,AT126,Wiener Umland/Nordteil,POP,Population,_T,Total,_T,Total,PS,Persons,2021,,335788,,AUT,Austria,A,Normal value,0,Units,0,Zero
DATAFLOW,OECD.CFE.EDS:DSD_REG_DEMO@DF_POP_5Y(1.0),Population by 5-year age groups - Regions,I,A,Annual,TL3,TL3,_Z,Not applicable,AT126,Wiener Umland/Nordteil,POP,Population,_T,Total,_T,Total,PS,Persons,2022,,338001,,AUT,Austria,A,Normal value,0,Units,0,Zero
DATAFLOW,OECD.CFE.EDS:DSD_REG_DEMO@DF_POP_5Y(1.0),Population by 5-year age groups - Regions,I,A,Annual,TL3,TL3,_Z,Not applicable,AT111,Mittelburgenland,POP,Population,_T,Total,_T,Total,PS_KM2,Persons per square kilometer,2018,,54.27,,AUT,Austria,A,Normal value,0,Units,2,Two
DATAFLOW,OECD.CFE.EDS:DSD_REG_DEMO@DF_POP_5Y(1.0),Population by 5-year age groups - Regions,I,A,Annual,TL3,TL3,_Z,Not applicable,AT111,Mittelburgenland,POP,Population,_T,Total,_T,Total,PS_KM2,Persons per square kilometer,2019,,54.05,,AUT,Austria,A,Normal value,0,Units,2,Two
DATAFLOW,OECD.CFE.EDS:DSD_REG_DEMO@DF_POP_5Y(1.0),Population by 5-year age groups - Regions,I,A,Annual,TL3,TL3,_Z,Not applicable,AT111,Mittelburgenland,POP,Population,_T,Total,_T,Total,PS_KM2,Persons per square kilometer,2020,,53.87,,AUT,Austria,A,Normal value,0,Units,2,Two
DATAFLOW,OECD.CFE.EDS:DSD_REG_DEMO@DF_POP_5Y(1.0),Population by 5-year age groups - Regions,I,A,Annual,TL3,TL3,_Z,Not applicable,AT111,Mittelburgenland,POP,Population,_T,Total,_T,Total,PS_KM2,Persons per square kilometer,2021,,53.97,,AUT,Austria,A,Normal value,0,Units,2,Two
DATAFLOW,OECD.CFE.EDS:DSD_REG_DEMO@DF_POP_5Y(1.0),Population by 5-year age groups - Regions,I,A,Annual,TL3,TL3,_Z,Not applicable,AT111,Mittelburgenland,POP,Population,_T,Total,_T,Total,PS_KM2,Persons per square kilometer,2022,,54.07,,AUT,Austria,A,Normal value,0,Units,2,Two
DATAFLOW,OECD.CFE.EDS:DSD_REG_DEMO@DF_POP_5Y(1.0),Population by 5-year age groups - Regions,I,A,Annual,TL3,TL3,_Z,Not applicable,AT123,Sankt Pölten,POP,Population,_T,Total,_T,Total,PS,Persons,2018,,154885,,AUT,Austria,A,Normal value,0,Units,0,Zero
DATAFLOW,OECD.CFE.EDS:DSD_REG_DEMO@DF_POP_5Y(1.0),Population by 5-year age groups - Regions,I,A,Annual,TL3,TL3,_Z,Not applicable,AT123,Sankt Pölten,POP,Population,_T,Total,_T,Total,PS,Persons,2019,,155446,,AUT,Austria,A,Normal value,0,Units,0,Zero
DATAFLOW,OECD.CFE.EDS:DSD_REG_DEMO@DF_POP_5Y(1.0),Population by 5-year age groups - Regions,I,A,Annual,TL3,TL3,_Z,Not applicable,AT123,Sankt Pölten,POP,Population,_T,Total,_T,Total,PS,Persons,2020,,156363,,AUT,Austria,A,Normal value,0,Units,0,Zero
DATAFLOW,OECD.CFE.EDS:DSD_REG_DEMO@DF_POP_5Y(1.0),Population by 5-year age groups - Regions,I,A,Annual,TL3,TL3,_Z,Not applicable,AT123,Sankt Pölten,POP,Population,_T,Total,_T,Total,PS,Persons,2021,,157014,,AUT,Austria,A,Normal value,0,Units,0,Zero
DATAFLOW,OECD.CFE.EDS:DSD_REG_DEMO@DF_POP_5Y(1.0),Population by 5-year age groups - Regions,I,A,Annual,TL3,TL3,_Z,Not applicable,AT123,Sankt Pölten,POP,Population,_T,Total,_T,Total,PS,Persons,2022,,158066,,AUT,Austria,A,Normal value,0,Units,0,Zero
DATAFLOW,OECD.CFE.EDS:DSD_REG_DEMO@DF_POP_5Y(1.0),Population by 5-year age groups - Regions,I,A,Annual,TL3,TL3,_Z,Not applicable,AT331,Außerfern,POP,Population,_T,Total,_T,Total,PS,Persons,2018,,32532,,AUT,Austria,A,Normal value,0,Units,0,Zero
DATAFLOW,OECD.CFE.EDS:DSD_REG_DEMO@DF_POP_5Y(1.0),Population by 5-year age groups - Regions,I,A,Annual,TL3,TL3,_Z,Not applicable,AT331,Außerfern,POP,Population,_T,Total,_T,Total,PS,Persons,2019,,32670,,AUT,Austria,A,Normal value,0,Units,0,Zero
DATAFLOW,OECD.CFE.EDS:DSD_REG_DEMO@DF_POP_5Y(1.0),Population by 5-year age groups - Regions,I,A,Annual,TL3,TL3,_Z,Not applicable,AT331,Außerfern,POP,Population,_T,Total,_T,Total,PS,Persons,2020,,32838,,AUT,Austria,A,Normal value,0,Units,0,Zero
DATAFLOW,OECD.CFE.EDS:DSD_REG_DEMO@DF_POP_5Y(1.0),Population by 5-year age groups - Regions,I,A,Annual,TL3,TL3,_Z,Not applicable,AT331,Außerfern,POP,Population,_T,Total,_T,Total,PS,Persons,2021,,33054,,AUT,Austria,A,Normal value,0,Units,0,Zero
DATAFLOW,OECD.CFE.EDS:DSD_REG_DEMO@DF_POP_5Y(1.0),Population by 5-year age groups - Regions,I,A,Annual,TL3,TL3,_Z,Not applicable,AT331,Außerfern,POP,Population,_T,Total,_T,Total,PS,Persons,2022,,33284,,AUT,Austria,A,Normal value,0,Units,0,Zero
DATAFLOW,OECD.CFE.EDS:DSD_REG_DEMO@DF_POP_5Y(1.0),Population by 5-year age groups - Regions,I,A,Annual,TL2,TL2,_Z,Not applicable,AU7,Northern Territory,POP,Population,_T,Total,_T,Total,PS_KM2,Persons per square kilometer,2019,,0.18,,AUS,Australia,A,Normal value,0,Units,2,Two
DATAFLOW,OECD.CFE.EDS:DSD_REG_DEMO@DF_POP_5Y(1.0),Population by 5-year age groups - Regions,I,A,Annual,TL2,TL2,_Z,Not applicable,AU7,Northern Territory,POP,Population,_T,Total,_T,Total,PS_KM2,Persons per square kilometer,2020,,0.18,,AUS,Australia,A,Normal value,0,Units,2,Two
DATAFLOW,OECD.CFE.EDS:DSD_REG_DEMO@DF_POP_5Y(1.0),Population by 5-year age groups - Regions,I,A,Annual,TL2,TL2,_Z,Not applicable,AU7,Northern Territory,POP,Population,_T,Total,_T,Total,PS_KM2,Persons per square kilometer,2021,,0.18,,AUS,Australia,A,Normal value,0,Units,2,Two
DATAFLOW,OECD.CFE.EDS:DSD_REG_DEMO@DF_POP_5Y(1.0),Population by 5-year age groups - Regions,I,A,Annual,TL2,TL2,_Z,Not applicable,AU7,Northern Territory,POP,Population,_T,Total,_T,Total,PS_KM2,Persons per square kilometer,2018,,0.18,,AUS,Australia,A,Normal value,0,Units,2,Two
DATAFLOW,OECD.CFE.EDS:DSD_REG_DEMO@DF_POP_5Y(1.0),Population by 5-year age groups - Regions,I,A,Annual,TL2,TL2,_Z,Not applicable,AU7,Northern Territory,POP,Population,_T,Total,_T,Total,PS_KM2,Persons per square kilometer,2022,,0.19,,AUS,Australia,A,Normal value,0,Units,2,Two
DATAFLOW,OECD.CFE.EDS:DSD_REG_DEMO@DF_POP_5Y(1.0),Population by 5-year age groups - Regions,I,A,Annual,TL2,TL2,_Z,Not applicable,AU2,Victoria,POP,Population,_T,Total,_T,Total,PS,Persons,2018,,6418168,,AUS,Australia,A,Normal value,0,Units,0,Zero
DATAFLOW,OECD.CFE.EDS:DSD_REG_DEMO@DF_POP_5Y(1.0),Population by 5-year age groups - Regions,I,A,Annual,TL2,TL2,_Z,Not applicable,AU2,Victoria,POP,Population,_T,Total,_T,Total,PS,Persons,2019,,6530852,,AUS,Australia,A,Normal value,0,Units,0,Zero
DATAFLOW,OECD.CFE.EDS:DSD_REG_DEMO@DF_POP_5Y(1.0),Population by 5-year age groups - Regions,I,A,Annual,TL2,TL2,_Z,Not applicable,AU2,Victoria,POP,Population,_T,Total,_T,Total,PS,Persons,2020,,6606149,,AUS,Australia,A,Normal value,0,Units,0,Zero
DATAFLOW,OECD.CFE.EDS:DSD_REG_DEMO@DF_POP_5Y(1.0),Population by 5-year age groups - Regions,I,A,Annual,TL2,TL2,_Z,Not applicable,AU2,Victoria,POP,Population,_T,Total,_T,Total,PS,Persons,2021,,6548040,,AUS,Australia,A,Normal value,0,Units,0,Zero
DATAFLOW,OECD.CFE.EDS:DSD_REG_DEMO@DF_POP_5Y(1.0),Population by 5-year age groups - Regions,I,A,Annual,TL2,TL2,_Z,Not applicable,AU2,Victoria,POP,Population,_T,Total,_T,Total,PS,Persons,2022,,6613727,,AUS,Australia,A,Normal value,0,Units,0,Zero
DATAFLOW,OECD.CFE.EDS:DSD_REG_DEMO@DF_POP_5Y(1.0),Population by 5-year age groups - Regions,I,A,Annual,TL3,TL3,_Z,Not applicable,AT314,Steyr-Kirchdorf,POP,Population,_T,Total,_T,Total,PS,Persons,2018,,155445,,AUT,Austria,A,Normal value,0,Units,0,Zero
DATAFLOW,OECD.CFE.EDS:DSD_REG_DEMO@DF_POP_5Y(1.0),Population by 5-year age groups - Regions,I,A,Annual,TL3,TL3,_Z,Not applicable,AT314,Steyr-Kirchdorf,POP,Population,_T,Total,_T,Total,PS,Persons,2019,,155486,,AUT,Austria,A,Normal value,0,Units,0,Zero
DATAFLOW,OECD.CFE.EDS:DSD_REG_DEMO@DF_POP_5Y(1.0),Population by 5-year age groups - Regions,I,A,Annual,TL3,TL3,_Z,Not applicable,AT314,Steyr-Kirchdorf,POP,Population,_T,Total,_T,Total,PS,Persons,2020,,155844,,AUT,Austria,A,Normal value,0,Units,0,Zero
DATAFLOW,OECD.CFE.EDS:DSD_REG_DEMO@DF_POP_5Y(1.0),Population by 5-year age groups - Regions,I,A,Annual,TL3,TL3,_Z,Not applicable,AT314,Steyr-Kirchdorf,POP,Population,_T,Total,_T,Total,PS,Persons,2021,,156051,,AUT,Austria,A,Normal value,0,Units,0,Zero
DATAFLOW,OECD.CFE.EDS:DSD_REG_DEMO@DF_POP_5Y(1.0),Population by 5-year age groups - Regions,I,A,Annual,TL3,TL3,_Z,Not applicable,AT314,Steyr-Kirchdorf,POP,Population,_T,Total,_T,Total,PS,Persons,2022,,156593,,AUT,Austria,A,Normal value,0,Units,0,Zero
DATAFLOW,OECD.CFE.EDS:DSD_REG_DEMO@DF_POP_5Y(1.0),Population by 5-year age groups - Regions,I,A,Annual,TL2,TL2,_Z,Not applicable,AT32,Salzburg,POP,Population,_T,Total,_T,Total,PS,Persons,2018,,552579,,AUT,Austria,A,Normal value,0,Units,0,Zero
DATAFLOW,OECD.CFE.EDS:DSD_REG_DEMO@DF_POP_5Y(1.0),Population by 5-year age groups - Regions,I,A,Annual,TL2,TL2,_Z,Not applicable,AT12,Lower Austria,POP,Population,_T,Total,_T,Total,PS_KM2,Persons per square kilometer,2020,,89.08,,AUT,Austria,A,Normal value,0,Units,2,Two
DATAFLOW,OECD.CFE.EDS:DSD_REG_DEMO@DF_POP_5Y(1.0),Population by 5-year age groups - Regions,I,A,Annual,TL2,TL2,_Z,Not applicable,AT12,Lower Austria,POP,Population,_T,Total,_T,Total,PS_KM2,Persons per square kilometer,2021,,89.43,,AUT,Austria,A,Normal value,0,Units,2,Two
DATAFLOW,OECD.CFE.EDS:DSD_REG_DEMO@DF_POP_5Y(1.0),Population by 5-year age groups - Regions,I,A,Annual,TL2,TL2,_Z,Not applicable,AT12,Lower Austria,POP,Population,_T,Total,_T,Total,PS_KM2,Persons per square kilometer,2022,,89.85,,AUT,Austria,A,Normal value,0,Units,2,Two
DATAFLOW,OECD.CFE.EDS:DSD_REG_DEMO@DF_POP_5Y(1.0),Population by 5-year age groups - Regions,I,A,Annual,TL2,TL2,_Z,Not applicable,AU1,New South Wales,POP,Population,_T,Total,_T,Total,PS_KM2,Persons per square kilometer,2018,,9.92,,AUS,Australia,A,Normal value,0,Units,2,Two
DATAFLOW,OECD.CFE.EDS:DSD_REG_DEMO@DF_POP_5Y(1.0),Population by 5-year age groups - Regions,I,A,Annual,TL2,TL2,_Z,Not applicable,AU1,New South Wales,POP,Population,_T,Total,_T,Total,PS_KM2,Persons per square kilometer,2019,,10.03,,AUS,Australia,A,Normal value,0,Units,2,Two
DATAFLOW,OECD.CFE.EDS:DSD_REG_DEMO@DF_POP_5Y(1.0),Population by 5-year age groups - Regions,I,A,Annual,TL2,TL2,_Z,Not applicable,AU1,New South Wales,POP,Population,_T,Total,_T,Total,PS_KM2,Persons per square kilometer,2020,,10.1,,AUS,Australia,A,Normal value,0,Units,2,Two
DATAFLOW,OECD.CFE.EDS:DSD_REG_DEMO@DF_POP_5Y(1.0),Population by 5-year age groups - Regions,I,A,Annual,TL2,TL2,_Z,Not applicable,AU1,New South Wales,POP,Population,_T,Total,_T,Total,PS_KM2,Persons per square kilometer,2021,,10.1,,AUS,Australia,A,Normal value,0,Units,2,Two
DATAFLOW,OECD.CFE.EDS:DSD_REG_DEMO@DF_POP_5Y(1.0),Population by 5-year age groups - Regions,I,A,Annual,TL2,TL2,_Z,Not applicable,AU1,New South Wales,POP,Population,_T,Total,_T,Total,PS_KM2,Persons per square kilometer,2022,,10.17,,AUS,Australia,A,Normal value,0,Units,2,Two
DATAFLOW,OECD.CFE.EDS:DSD_REG_DEMO@DF_POP_5Y(1.0),Population by 5-year age groups - Regions,I,A,Annual,TL3,TL3,_Z,Not applicable,AT334,Tyrolean Oberland,POP,Population,_T,Total,_T,Total,PS,Persons,2018,,103949,,AUT,Austria,A,Normal value,0,Units,0,Zero
DATAFLOW,OECD.CFE.EDS:DSD_REG_DEMO@DF_POP_5Y(1.0),Population by 5-year age groups - Regions,I,A,Annual,TL3,TL3,_Z,Not applicable,AT334,Tyrolean Oberland,POP,Population,_T,Total,_T,Total,PS,Persons,2019,,104418,,AUT,Austria,A,Normal value,0,Units,0,Zero
DATAFLOW,OECD.CFE.EDS:DSD_REG_DEMO@DF_POP_5Y(1.0),Population by 5-year age groups - Regions,I,A,Annual,TL3,TL3,_Z,Not applicable,AT334,Tyrolean Oberland,POP,Population,_T,Total,_T,Total,PS,Persons,2020,,104860,,AUT,Austria,A,Normal value,0,Units,0,Zero
DATAFLOW,OECD.CFE.EDS:DSD_REG_DEMO@DF_POP_5Y(1.0),Population by 5-year age groups - Regions,I,A,Annual,TL3,TL3,_Z,Not applicable,AT334,Tyrolean Oberland,POP,Population,_T,Total,_T,Total,PS,Persons,2021,,105268,,AUT,Austria,A,Normal value,0,Units,0,Zero
DATAFLOW,OECD.CFE.EDS:DSD_REG_DEMO@DF_POP_5Y(1.0),Population by 5-year age groups - Regions,I,A,Annual,TL3,TL3,_Z,Not applicable,AT334,Tyrolean Oberland,POP,Population,_T,Total,_T,Total,PS,Persons,2022,,106037,,AUT,Austria,A,Normal value,0,Units,0,Zero
DATAFLOW,OECD.CFE.EDS:DSD_REG_DEMO@DF_POP_5Y(1.0),Population by 5-year age groups - Regions,I,A,Annual,TL2,TL2,_Z,Not applicable,AU3,Queensland,POP,Population,_T,Total,_T,Total,PS_KM2,Persons per square kilometer,2018,,2.89,,AUS,Australia,A,Normal value,0,Units,2,Two
DATAFLOW,OECD.CFE.EDS:DSD_REG_DEMO@DF_POP_5Y(1.0),Population by 5-year age groups - Regions,I,A,Annual,TL2,TL2,_Z,Not applicable,AU3,Queensland,POP,Population,_T,Total,_T,Total,PS_KM2,Persons per square kilometer,2019,,2.94,,AUS,Australia,A,Normal value,0,Units,2,Two
DATAFLOW,OECD.CFE.EDS:DSD_REG_DEMO@DF_POP_5Y(1.0),Population by 5-year age groups - Regions,I,A,Annual,TL2,TL2,_Z,Not applicable,AU3,Queensland,POP,Population,_T,Total,_T,Total,PS_KM2,Persons per square kilometer,2020,,2.98,,AUS,Australia,A,Normal value,0,Units,2,Two
DATAFLOW,OECD.CFE.EDS:DSD_REG_DEMO@DF_POP_5Y(1.0),Population by 5-year age groups - Regions,I,A,Annual,TL2,TL2,_Z,Not applicable,AU3,Queensland,POP,Population,_T,Total,_T,Total,PS_KM2,Persons per square kilometer,2021,,3.01,,AUS,Australia,A,Normal value,0,Units,2,Two
DATAFLOW,OECD.CFE.EDS:DSD_REG_DEMO@DF_POP_5Y(1.0),Population by 5-year age groups - Regions,I,A,Annual,TL2,TL2,_Z,Not applicable,AU3,Queensland,POP,Population,_T,Total,_T,Total,PS_KM2,Persons per square kilometer,2022,,3.07,,AUS,Australia,A,Normal value,0,Units,2,Two
DATAFLOW,OECD.CFE.EDS:DSD_REG_DEMO@DF_POP_5Y(1.0),Population by 5-year age groups - Regions,I,A,Annual,TL3,TL3,_Z,Not applicable,AT124,Waldviertel,POP,Population,_T,Total,_T,Total,PS,Persons,2018,,218161,,AUT,Austria,A,Normal value,0,Units,0,Zero
DATAFLOW,OECD.CFE.EDS:DSD_REG_DEMO@DF_POP_5Y(1.0),Population by 5-year age groups - Regions,I,A,Annual,TL3,TL3,_Z,Not applicable,AT124,Waldviertel,POP,Population,_T,Total,_T,Total,PS,Persons,2019,,217445,,AUT,Austria,A,Normal value,0,Units,0,Zero
DATAFLOW,OECD.CFE.EDS:DSD_REG_DEMO@DF_POP_5Y(1.0),Population by 5-year age groups - Regions,I,A,Annual,TL3,TL3,_Z,Not applicable,AT124,Waldviertel,POP,Population,_T,Total,_T,Total,PS,Persons,2020,,216681,,AUT,Austria,A,Normal value,0,Units,0,Zero
DATAFLOW,OECD.CFE.EDS:DSD_REG_DEMO@DF_POP_5Y(1.0),Population by 5-year age groups - Regions,I,A,Annual,TL3,TL3,_Z,Not applicable,AT124,Waldviertel,POP,Population,_T,Total,_T,Total,PS,Persons,2021,,215867,,AUT,Austria,A,Normal value,0,Units,0,Zero
DATAFLOW,OECD.CFE.EDS:DSD_REG_DEMO@DF_POP_5Y(1.0),Population by 5-year age groups - Regions,I,A,Annual,TL3,TL3,_Z,Not applicable,AT124,Waldviertel,POP,Population,_T,Total,_T,Total,PS,Persons,2022,,215650,,AUT,Austria,A,Normal value,0,Units,0,Zero
DATAFLOW,OECD.CFE.EDS:DSD_REG_DEMO@DF_POP_5Y(1.0),Population by 5-year age groups - Regions,I,A,Annual,TL3,TL3,_Z,Not applicable,AT221,Graz,POP,Population,_T,Total,_T,Total,PS_KM2,Persons per square kilometer,2018,,366.03,,AUT,Austria,A,Normal value,0,Units,2,Two
DATAFLOW,OECD.CFE.EDS:DSD_REG_DEMO@DF_POP_5Y(1.0),Population by 5-year age groups - Regions,I,A,Annual,TL3,TL3,_Z,Not applicable,AT221,Graz,POP,Population,_T,Total,_T,Total,PS_KM2,Persons per square kilometer,2019,,369.22,,AUT,Austria,A,Normal value,0,Units,2,Two
DATAFLOW,OECD.CFE.EDS:DSD_REG_DEMO@DF_POP_5Y(1.0),Population by 5-year age groups - Regions,I,A,Annual,TL3,TL3,_Z,Not applicable,AT221,Graz,POP,Population,_T,Total,_T,Total,PS_KM2,Persons per square kilometer,2020,,372.62,,AUT,Austria,A,Normal value,0,Units,2,Two
DATAFLOW,OECD.CFE.EDS:DSD_REG_DEMO@DF_POP_5Y(1.0),Population by 5-year age groups - Regions,I,A,Annual,TL3,TL3,_Z,Not applicable,AT221,Graz,POP,Population,_T,Total,_T,Total,PS_KM2,Persons per square kilometer,2021,,374.16,,AUT,Austria,A,Normal value,0,Units,2,Two
DATAFLOW,OECD.CFE.EDS:DSD_REG_DEMO@DF_POP_5Y(1.0),Population by 5-year age groups - Regions,I,A,Annual,TL3,TL3,_Z,Not applicable,AT221,Graz,POP,Population,_T,Total,_T,Total,PS_KM2,Persons per square kilometer,2022,,377.54,,AUT,Austria,A,Normal value,0,Units,2,Two
DATAFLOW,OECD.CFE.EDS:DSD_REG_DEMO@DF_POP_5Y(1.0),Population by 5-year age groups - Regions,I,A,Annual,CTRY,Country,_Z,Not applicable,AUT,Austria,POP,Population,_T,Total,_T,Total,PS_KM2,Persons per square kilometer,2018,,106.91,,AUT,Austria,A,Normal value,0,Units,2,Two
DATAFLOW,OECD.CFE.EDS:DSD_REG_DEMO@DF_POP_5Y(1.0),Population by 5-year age groups - Regions,I,A,Annual,CTRY,Country,_Z,Not applicable,AUT,Austria,POP,Population,_T,Total,_T,Total,PS_KM2,Persons per square kilometer,2019,,107.35,,AUT,Austria,A,Normal value,0,Units,2,Two
DATAFLOW,OECD.CFE.EDS:DSD_REG_DEMO@DF_POP_5Y(1.0),Population by 5-year age groups - Regions,I,A,Annual,CTRY,Country,_Z,Not applicable,AUT,Austria,POP,Population,_T,Total,_T,Total,PS_KM2,Persons per square kilometer,2020,,107.87,,AUT,Austria,A,Normal value,0,Units,2,Two
DATAFLOW,OECD.CFE.EDS:DSD_REG_DEMO@DF_POP_5Y(1.0),Population by 5-year age groups - Regions,I,A,Annual,CTRY,Country,_Z,Not applicable,AUT,Austria,POP,Population,_T,Total,_T,Total,PS_KM2,Persons per square kilometer,2021,,108.25,,AUT,Austria,A,Normal value,0,Units,2,Two
DATAFLOW,OECD.CFE.EDS:DSD_REG_DEMO@DF_POP_5Y(1.0),Population by 5-year age groups - Regions,I,A,Annual,CTRY,Country,_Z,Not applicable,AUT,Austria,POP,Population,_T,Total,_T,Total,PS_KM2,Persons per square kilometer,2022,,108.81,,AUT,Austria,A,Normal value,0,Units,2,Two
DATAFLOW,OECD.CFE.EDS:DSD_REG_DEMO@DF_POP_5Y(1.0),Population by 5-year age groups - Regions,I,A,Annual,TL3,TL3,_Z,Not applicable,AT331,Außerfern,POP,Population,_T,Total,_T,Total,PS_KM2,Persons per square kilometer,2018,,26.8,,AUT,Austria,A,Normal value,0,Units,2,Two
DATAFLOW,OECD.CFE.EDS:DSD_REG_DEMO@DF_POP_5Y(1.0),Population by 5-year age groups - Regions,I,A,Annual,TL3,TL3,_Z,Not applicable,AT331,Außerfern,POP,Population,_T,Total,_T,Total,PS_KM2,Persons per square kilometer,2019,,26.91,,AUT,Austria,A,Normal value,0,Units,2,Two
DATAFLOW,OECD.CFE.EDS:DSD_REG_DEMO@DF_POP_5Y(1.0),Population by 5-year age groups - Regions,I,A,Annual,TL3,TL3,_Z,Not applicable,AT331,Außerfern,POP,Population,_T,Total,_T,Total,PS_KM2,Persons per square kilometer,2020,,27.05,,AUT,Austria,A,Normal value,0,Units,2,Two
DATAFLOW,OECD.CFE.EDS:DSD_REG_DEMO@DF_POP_5Y(1.0),Population by 5-year age groups - Regions,I,A,Annual,TL3,TL3,_Z,Not applicable,AT331,Außerfern,POP,Population,_T,Total,_T,Total,PS_KM2,Persons per square kilometer,2021,,27.23,,AUT,Austria,A,Normal value,0,Units,2,Two
DATAFLOW,OECD.CFE.EDS:DSD_REG_DEMO@DF_POP_5Y(1.0),Population by 5-year age groups - Regions,I,A,Annual,TL3,TL3,_Z,Not applicable,AT331,Außerfern,POP,Population,_T,Total,_T,Total,PS_KM2,Persons per square kilometer,2022,,27.42,,AUT,Austria,A,Normal value,0,Units,2,Two
DATAFLOW,OECD.CFE.EDS:DSD_REG_DEMO@DF_POP_5Y(1.0),Population by 5-year age groups - Regions,I,A,Annual,TL3,TL3,_Z,Not applicable,AT127,Wiener Umland/Südteil,POP,Population,_T,Total,_T,Total,PS,Persons,2018,,339977,,AUT,Austria,A,Normal value,0,Units,0,Zero
DATAFLOW,OECD.CFE.EDS:DSD_REG_DEMO@DF_POP_5Y(1.0),Population by 5-year age groups - Regions,I,A,Annual,TL3,TL3,_Z,Not applicable,AT127,Wiener Umland/Südteil,POP,Population,_T,Total,_T,Total,PS,Persons,2019,,342102,,AUT,Austria,A,Normal value,0,Units,0,Zero
DATAFLOW,OECD.CFE.EDS:DSD_REG_DEMO@DF_POP_5Y(1.0),Population by 5-year age groups - Regions,I,A,Annual,TL3,TL3,_Z,Not applicable,AT127,Wiener Umland/Südteil,POP,Population,_T,Total,_T,Total,PS,Persons,2020,,344573,,AUT,Austria,A,Normal value,0,Units,0,Zero
DATAFLOW,OECD.CFE.EDS:DSD_REG_DEMO@DF_POP_5Y(1.0),Population by 5-year age groups - Regions,I,A,Annual,TL3,TL3,_Z,Not applicable,AT127,Wiener Umland/Südteil,POP,Population,_T,Total,_T,Total,PS,Persons,2021,,346881,,AUT,Austria,A,Normal value,0,Units,0,Zero
DATAFLOW,OECD.CFE.EDS:DSD_REG_DEMO@DF_POP_5Y(1.0),Population by 5-year age groups - Regions,I,A,Annual,TL3,TL3,_Z,Not applicable,AT127,Wiener Umland/Südteil,POP,Population,_T,Total,_T,Total,PS,Persons,2022,,349159,,AUT,Austria,A,Normal value,0,Units,0,Zero
DATAFLOW,OECD.CFE.EDS:DSD_REG_DEMO@DF_POP_5Y(1.0),Population by 5-year age groups - Regions,I,A,Annual,TL3,TL3,_Z,Not applicable,AT212,Oberkärnten,POP,Population,_T,Total,_T,Total,PS_KM2,Persons per square kilometer,2018,,30.58,,AUT,Austria,A,Normal value,0,Units,2,Two
DATAFLOW,OECD.CFE.EDS:DSD_REG_DEMO@DF_POP_5Y(1.0),Population by 5-year age groups - Regions,I,A,Annual,TL3,TL3,_Z,Not applicable,AT212,Oberkärnten,POP,Population,_T,Total,_T,Total,PS_KM2,Persons per square kilometer,2019,,30.55,,AUT,Austria,A,Normal value,0,Units,2,Two
DATAFLOW,OECD.CFE.EDS:DSD_REG_DEMO@DF_POP_5Y(1.0),Population by 5-year age groups - Regions,I,A,Annual,TL3,TL3,_Z,Not applicable,AT212,Oberkärnten,POP,Population,_T,Total,_T,Total,PS_KM2,Persons per square kilometer,2020,,30.45,,AUT,Austria,A,Normal value,0,Units,2,Two
DATAFLOW,OECD.CFE.EDS:DSD_REG_DEMO@DF_POP_5Y(1.0),Population by 5-year age groups - Regions,I,A,Annual,TL3,TL3,_Z,Not applicable,AT212,Oberkärnten,POP,Population,_T,Total,_T,Total,PS_KM2,Persons per square kilometer,2021,,30.36,,AUT,Austria,A,Normal value,0,Units,2,Two
DATAFLOW,OECD.CFE.EDS:DSD_REG_DEMO@DF_POP_5Y(1.0),Population by 5-year age groups - Regions,I,A,Annual,TL3,TL3,_Z,Not applicable,AT212,Oberkärnten,POP,Population,_T,Total,_T,Total,PS_KM2,Persons per square kilometer,2022,,30.36,,AUT,Austria,A,Normal value,0,Units,2,Two
DATAFLOW,OECD.CFE.EDS:DSD_REG_DEMO@DF_POP_5Y(1.0),Population by 5-year age groups - Regions,I,A,Annual,TL3,TL3,_Z,Not applicable,AT321,Lungau,POP,Population,_T,Total,_T,Total,PS_KM2,Persons per square kilometer,2018,,20.08,,AUT,Austria,A,Normal value,0,Units,2,Two
DATAFLOW,OECD.CFE.EDS:DSD_REG_DEMO@DF_POP_5Y(1.0),Population by 5-year age groups - Regions,I,A,Annual,TL3,TL3,_Z,Not applicable,AT321,Lungau,POP,Population,_T,Total,_T,Total,PS_KM2,Persons per square kilometer,2019,,20.06,,AUT,Austria,A,Normal value,0,Units,2,Two
DATAFLOW,OECD.CFE.EDS:DSD_REG_DEMO@DF_POP_5Y(1.0),Population by 5-year age groups - Regions,I,A,Annual,TL3,TL3,_Z,Not applicable,AT321,Lungau,POP,Population,_T,Total,_T,Total,PS_KM2,Persons per square kilometer,2020,,19.99,,AUT,Austria,A,Normal value,0,Units,2,Two
DATAFLOW,OECD.CFE.EDS:DSD_REG_DEMO@DF_POP_5Y(1.0),Population by 5-year age groups - Regions,I,A,Annual,TL3,TL3,_Z,Not applicable,AT321,Lungau,POP,Population,_T,Total,_T,Total,PS_KM2,Persons per square kilometer,2021,,19.86,,AUT,Austria,A,Normal value,0,Units,2,Two
DATAFLOW,OECD.CFE.EDS:DSD_REG_DEMO@DF_POP_5Y(1.0),Population by 5-year age groups - Regions,I,A,Annual,TL3,TL3,_Z,Not applicable,AT321,Lungau,POP,Population,_T,Total,_T,Total,PS_KM2,Persons per square kilometer,2022,,19.9,,AUT,Austria,A,Normal value,0,Units,2,Two
DATAFLOW,OECD.CFE.EDS:DSD_REG_DEMO@DF_POP_5Y(1.0),Population by 5-year age groups - Regions,I,A,Annual,TL3,TL3,_Z,Not applicable,AT222,Liezen,POP,Population,_T,Total,_T,Total,PS_KM2,Persons per square kilometer,2018,,24.36,,AUT,Austria,A,Normal value,0,Units,2,Two
DATAFLOW,OECD.CFE.EDS:DSD_REG_DEMO@DF_POP_5Y(1.0),Population by 5-year age groups - Regions,I,A,Annual,TL3,TL3,_Z,Not applicable,AT222,Liezen,POP,Population,_T,Total,_T,Total,PS_KM2,Persons per square kilometer,2019,,24.31,,AUT,Austria,A,Normal value,0,Units,2,Two
DATAFLOW,OECD.CFE.EDS:DSD_REG_DEMO@DF_POP_5Y(1.0),Population by 5-year age groups - Regions,I,A,Annual,TL3,TL3,_Z,Not applicable,AT222,Liezen,POP,Population,_T,Total,_T,Total,PS_KM2,Persons per square kilometer,2020,,24.23,,AUT,Austria,A,Normal value,0,Units,2,Two
DATAFLOW,OECD.CFE.EDS:DSD_REG_DEMO@DF_POP_5Y(1.0),Population by 5-year age groups - Regions,I,A,Annual,TL3,TL3,_Z,Not applicable,AT222,Liezen,POP,Population,_T,Total,_T,Total,PS_KM2,Persons per square kilometer,2021,,24.21,,AUT,Austria,A,Normal value,0,Units,2,Two
DATAFLOW,OECD.CFE.EDS:DSD_REG_DEMO@DF_POP_5Y(1.0),Population by 5-year age groups - Regions,I,A,Annual,TL3,TL3,_Z,Not applicable,AT222,Liezen,POP,Population,_T,Total,_T,Total,PS_KM2,Persons per square kilometer,2022,,24.22,,AUT,Austria,A,Normal value,0,Units,2,Two
DATAFLOW,OECD.CFE.EDS:DSD_REG_DEMO@DF_POP_5Y(1.0),Population by 5-year age groups - Regions,I,A,Annual,TL3,TL3,_Z,Not applicable,AT223,Östliche Obersteiermark,POP,Population,_T,Total,_T,Total,PS_KM2,Persons per square kilometer,2018,,50.12,,AUT,Austria,A,Normal value,0,Units,2,Two
DATAFLOW,OECD.CFE.EDS:DSD_REG_DEMO@DF_POP_5Y(1.0),Population by 5-year age groups - Regions,I,A,Annual,TL3,TL3,_Z,Not applicable,AT223,Östliche Obersteiermark,POP,Population,_T,Total,_T,Total,PS_KM2,Persons per square kilometer,2019,,49.86,,AUT,Austria,A,Normal value,0,Units,2,Two
DATAFLOW,OECD.CFE.EDS:DSD_REG_DEMO@DF_POP_5Y(1.0),Population by 5-year age groups - Regions,I,A,Annual,TL3,TL3,_Z,Not applicable,AT223,Östliche Obersteiermark,POP,Population,_T,Total,_T,Total,PS_KM2,Persons per square kilometer,2020,,49.65,,AUT,Austria,A,Normal value,0,Units,2,Two
DATAFLOW,OECD.CFE.EDS:DSD_REG_DEMO@DF_POP_5Y(1.0),Population by 5-year age groups - Regions,I,A,Annual,TL3,TL3,_Z,Not applicable,AT223,Östliche Obersteiermark,POP,Population,_T,Total,_T,Total,PS_KM2,Persons per square kilometer,2021,,49.28,,AUT,Austria,A,Normal value,0,Units,2,Two
DATAFLOW,OECD.CFE.EDS:DSD_REG_DEMO@DF_POP_5Y(1.0),Population by 5-year age groups - Regions,I,A,Annual,TL3,TL3,_Z,Not applicable,AT223,Östliche Obersteiermark,POP,Population,_T,Total,_T,Total,PS_KM2,Persons per square kilometer,2022,,49.33,,AUT,Austria,A,Normal value,0,Units,2,Two
DATAFLOW,OECD.CFE.EDS:DSD_REG_DEMO@DF_POP_5Y(1.0),Population by 5-year age groups - Regions,I,A,Annual,TL3,TL3,_Z,Not applicable,AT311,Innviertel,POP,Population,_T,Total,_T,Total,PS,Persons,2018,,286047,,AUT,Austria,A,Normal value,0,Units,0,Zero
DATAFLOW,OECD.CFE.EDS:DSD_REG_DEMO@DF_POP_5Y(1.0),Population by 5-year age groups - Regions,I,A,Annual,TL3,TL3,_Z,Not applicable,AT311,Innviertel,POP,Population,_T,Total,_T,Total,PS,Persons,2019,,287640,,AUT,Austria,A,Normal value,0,Units,0,Zero
DATAFLOW,OECD.CFE.EDS:DSD_REG_DEMO@DF_POP_5Y(1.0),Population by 5-year age groups - Regions,I,A,Annual,TL3,TL3,_Z,Not applicable,AT311,Innviertel,POP,Population,_T,Total,_T,Total,PS,Persons,2020,,289509,,AUT,Austria,A,Normal value,0,Units,0,Zero
DATAFLOW,OECD.CFE.EDS:DSD_REG_DEMO@DF_POP_5Y(1.0),Population by 5-year age groups - Regions,I,A,Annual,TL3,TL3,_Z,Not applicable,AT311,Innviertel,POP,Population,_T,Total,_T,Total,PS,Persons,2021,,290917,,AUT,Austria,A,Normal value,0,Units,0,Zero
DATAFLOW,OECD.CFE.EDS:DSD_REG_DEMO@DF_POP_5Y(1.0),Population by 5-year age groups - Regions,I,A,Annual,TL3,TL3,_Z,Not applicable,AT311,Innviertel,POP,Population,_T,Total,_T,Total,PS,Persons,2022,,293141,,AUT,Austria,A,Normal value,0,Units,0,Zero
DATAFLOW,OECD.CFE.EDS:DSD_REG_DEMO@DF_POP_5Y(1.0),Population by 5-year age groups - Regions,I,A,Annual,TL2,TL2,_Z,Not applicable,AT34,Vorarlberg,POP,Population,_T,Total,_T,Total,PS_KM2,Persons per square kilometer,2018,,154.72,,AUT,Austria,A,Normal value,0,Units,2,Two
DATAFLOW,OECD.CFE.EDS:DSD_REG_DEMO@DF_POP_5Y(1.0),Population by 5-year age groups - Regions,I,A,Annual,TL2,TL2,_Z,Not applicable,AT34,Vorarlberg,POP,Population,_T,Total,_T,Total,PS_KM2,Persons per square kilometer,2019,,155.73,,AUT,Austria,A,Normal value,0,Units,2,Two
DATAFLOW,OECD.CFE.EDS:DSD_REG_DEMO@DF_POP_5Y(1.0),Population by 5-year age groups - Regions,I,A,Annual,TL2,TL2,_Z,Not applicable,AT34,Vorarlberg,POP,Population,_T,Total,_T,Total,PS_KM2,Persons per square kilometer,2020,,156.85,,AUT,Austria,A,Normal value,0,Units,2,Two
DATAFLOW,OECD.CFE.EDS:DSD_REG_DEMO@DF_POP_5Y(1.0),Population by 5-year age groups - Regions,I,A,Annual,TL2,TL2,_Z,Not applicable,AT34,Vorarlberg,POP,Population,_T,Total,_T,Total,PS_KM2,Persons per square kilometer,2021,,157.68,,AUT,Austria,A,Normal value,0,Units,2,Two
DATAFLOW,OECD.CFE.EDS:DSD_REG_DEMO@DF_POP_5Y(1.0),Population by 5-year age groups - Regions,I,A,Annual,TL2,TL2,_Z,Not applicable,AT34,Vorarlberg,POP,Population,_T,Total,_T,Total,PS_KM2,Persons per square kilometer,2022,,158.64,,AUT,Austria,A,Normal value,0,Units,2,Two
DATAFLOW,OECD.CFE.EDS:DSD_REG_DEMO@DF_POP_5Y(1.0),Population by 5-year age groups - Regions,I,A,Annual,TL3,TL3,_Z,Not applicable,AT130,Vienna,POP,Population,_T,Total,_T,Total,PS_KM2,Persons per square kilometer,2018,,4769.64,,AUT,Austria,A,Normal value,0,Units,2,Two
DATAFLOW,OECD.CFE.EDS:DSD_REG_DEMO@DF_POP_5Y(1.0),Population by 5-year age groups - Regions,I,A,Annual,TL3,TL3,_Z,Not applicable,AT130,Vienna,POP,Population,_T,Total,_T,Total,PS_KM2,Persons per square kilometer,2019,,4791.64,,AUT,Austria,A,Normal value,0,Units,2,Two
DATAFLOW,OECD.CFE.EDS:DSD_REG_DEMO@DF_POP_5Y(1.0),Population by 5-year age groups - Regions,I,A,Annual,TL3,TL3,_Z,Not applicable,AT130,Vienna,POP,Population,_T,Total,_T,Total,PS_KM2,Persons per square kilometer,2020,,4826.24,,AUT,Austria,A,Normal value,0,Units,2,Two
DATAFLOW,OECD.CFE.EDS:DSD_REG_DEMO@DF_POP_5Y(1.0),Population by 5-year age groups - Regions,I,A,Annual,TL3,TL3,_Z,Not applicable,AT130,Vienna,POP,Population,_T,Total,_T,Total,PS_KM2,Persons per square kilometer,2021,,4850.88,,AUT,Austria,A,Normal value,0,Units,2,Two
DATAFLOW,OECD.CFE.EDS:DSD_REG_DEMO@DF_POP_5Y(1.0),Population by 5-year age groups - Regions,I,A,Annual,TL3,TL3,_Z,Not applicable,AT130,Vienna,POP,Population,_T,Total,_T,Total,PS_KM2,Persons per square kilometer,2022,,4877.76,,AUT,Austria,A,Normal value,0,Units,2,Two
DATAFLOW,OECD.CFE.EDS:DSD_REG_DEMO@DF_POP_5Y(1.0),Population by 5-year age groups - Regions,I,A,Annual,TL3,TL3,_Z,Not applicable,AT323,Salzburg und Umgebung,POP,Population,_T,Total,_T,Total,PS,Persons,2018,,364797,,AUT,Austria,A,Normal value,0,Units,0,Zero
DATAFLOW,OECD.CFE.EDS:DSD_REG_DEMO@DF_POP_5Y(1.0),Population by 5-year age groups - Regions,I,A,Annual,TL3,TL3,_Z,Not applicable,AT323,Salzburg und Umgebung,POP,Population,_T,Total,_T,Total,PS,Persons,2019,,366866,,AUT,Austria,A,Normal value,0,Units,0,Zero
DATAFLOW,OECD.CFE.EDS:DSD_REG_DEMO@DF_POP_5Y(1.0),Population by 5-year age groups - Regions,I,A,Annual,TL3,TL3,_Z,Not applicable,AT323,Salzburg und Umgebung,POP,Population,_T,Total,_T,Total,PS,Persons,2020,,369337,,AUT,Austria,A,Normal value,0,Units,0,Zero
DATAFLOW,OECD.CFE.EDS:DSD_REG_DEMO@DF_POP_5Y(1.0),Population by 5-year age groups - Regions,I,A,Annual,TL3,TL3,_Z,Not applicable,AT323,Salzburg und Umgebung,POP,Population,_T,Total,_T,Total,PS,Persons,2021,,371032,,AUT,Austria,A,Normal value,0,Units,0,Zero
DATAFLOW,OECD.CFE.EDS:DSD_REG_DEMO@DF_POP_5Y(1.0),Population by 5-year age groups - Regions,I,A,Annual,TL3,TL3,_Z,Not applicable,AT323,Salzburg und Umgebung,POP,Population,_T,Total,_T,Total,PS,Persons,2022,,372095,,AUT,Austria,A,Normal value,0,Units,0,Zero
DATAFLOW,OECD.CFE.EDS:DSD_REG_DEMO@DF_POP_5Y(1.0),Population by 5-year age groups - Regions,I,A,Annual,CTRY,Country,_Z,Not applicable,AUT,Austria,POP,Population,_T,Total,_T,Total,PS,Persons,2018,,8822267,,AUT,Austria,A,Normal value,0,Units,0,Zero
DATAFLOW,OECD.CFE.EDS:DSD_REG_DEMO@DF_POP_5Y(1.0),Population by 5-year age groups - Regions,I,A,Annual,CTRY,Country,_Z,Not applicable,AUT,Austria,POP,Population,_T,Total,_T,Total,PS,Persons,2019,,8858775,,AUT,Austria,A,Normal value,0,Units,0,Zero
DATAFLOW,OECD.CFE.EDS:DSD_REG_DEMO@DF_POP_5Y(1.0),Population by 5-year age groups - Regions,I,A,Annual,CTRY,Country,_Z,Not applicable,AUT,Austria,POP,Population,_T,Total,_T,Total,PS,Persons,2020,,8901064,,AUT,Austria,A,Normal value,0,Units,0,Zero
DATAFLOW,OECD.CFE.EDS:DSD_REG_DEMO@DF_POP_5Y(1.0),Population by 5-year age groups - Regions,I,A,Annual,CTRY,Country,_Z,Not applicable,AUT,Austria,POP,Population,_T,Total,_T,Total,PS,Persons,2021,,8932664,,AUT,Austria,A,Normal value,0,Units,0,Zero
DATAFLOW,OECD.CFE.EDS:DSD_REG_DEMO@DF_POP_5Y(1.0),Population by 5-year age groups - Regions,I,A,Annual,CTRY,Country,_Z,Not applicable,AUT,Austria,POP,Population,_T,Total,_T,Total,PS,Persons,2022,,8978929,,AUT,Austria,A,Normal value,0,Units,0,Zero
DATAFLOW,OECD.CFE.EDS:DSD_REG_DEMO@DF_POP_5Y(1.0),Population by 5-year age groups - Regions,I,A,Annual,TL3,TL3,_Z,Not applicable,AT125,Weinviertel,POP,Population,_T,Total,_T,Total,PS_KM2,Persons per square kilometer,2018,,52.26,,AUT,Austria,A,Normal value,0,Units,2,Two
DATAFLOW,OECD.CFE.EDS:DSD_REG_DEMO@DF_POP_5Y(1.0),Population by 5-year age groups - Regions,I,A,Annual,TL3,TL3,_Z,Not applicable,AT125,Weinviertel,POP,Population,_T,Total,_T,Total,PS_KM2,Persons per square kilometer,2019,,52.29,,AUT,Austria,A,Normal value,0,Units,2,Two
DATAFLOW,OECD.CFE.EDS:DSD_REG_DEMO@DF_POP_5Y(1.0),Population by 5-year age groups - Regions,I,A,Annual,TL3,TL3,_Z,Not applicable,AT125,Weinviertel,POP,Population,_T,Total,_T,Total,PS_KM2,Persons per square kilometer,2020,,52.39,,AUT,Austria,A,Normal value,0,Units,2,Two
DATAFLOW,OECD.CFE.EDS:DSD_REG_DEMO@DF_POP_5Y(1.0),Population by 5-year age groups - Regions,I,A,Annual,TL3,TL3,_Z,Not applicable,AT125,Weinviertel,POP,Population,_T,Total,_T,Total,PS_KM2,Persons per square kilometer,2021,,52.51,,AUT,Austria,A,Normal value,0,Units,2,Two
DATAFLOW,OECD.CFE.EDS:DSD_REG_DEMO@DF_POP_5Y(1.0),Population by 5-year age groups - Regions,I,A,Annual,TL3,TL3,_Z,Not applicable,AT125,Weinviertel,POP,Population,_T,Total,_T,Total,PS_KM2,Persons per square kilometer,2022,,52.83,,AUT,Austria,A,Normal value,0,Units,2,Two
DATAFLOW,OECD.CFE.EDS:DSD_REG_DEMO@DF_POP_5Y(1.0),Population by 5-year age groups - Regions,I,A,Annual,TL3,TL3,_Z,Not applicable,AT223,Östliche Obersteiermark,POP,Population,_T,Total,_T,Total,PS,Persons,2019,,159044,,AUT,Austria,A,Normal value,0,Units,0,Zero
DATAFLOW,OECD.CFE.EDS:DSD_REG_DEMO@DF_POP_5Y(1.0),Population by 5-year age groups - Regions,I,A,Annual,TL3,TL3,_Z,Not applicable,AT223,Östliche Obersteiermark,POP,Population,_T,Total,_T,Total,PS,Persons,2020,,158397,,AUT,Austria,A,Normal value,0,Units,0,Zero
DATAFLOW,OECD.CFE.EDS:DSD_REG_DEMO@DF_POP_5Y(1.0),Population by 5-year age groups - Regions,I,A,Annual,TL3,TL3,_Z,Not applicable,AT223,Östliche Obersteiermark,POP,Population,_T,Total,_T,Total,PS,Persons,2021,,157205,,AUT,Austria,A,Normal value,0,Units,0,Zero
DATAFLOW,OECD.CFE.EDS:DSD_REG_DEMO@DF_POP_5Y(1.0),Population by 5-year age groups - Regions,I,A,Annual,TL3,TL3,_Z,Not applicable,AT223,Östliche Obersteiermark,POP,Population,_T,Total,_T,Total,PS,Persons,2022,,157373,,AUT,Austria,A,Normal value,0,Units,0,Zero
DATAFLOW,OECD.CFE.EDS:DSD_REG_DEMO@DF_POP_5Y(1.0),Population by 5-year age groups - Regions,I,A,Annual,TL3,TL3,_Z,Not applicable,AT223,Östliche Obersteiermark,POP,Population,_T,Total,_T,Total,PS,Persons,2018,,159888,,AUT,Austria,A,Normal value,0,Units,0,Zero
DATAFLOW,OECD.CFE.EDS:DSD_REG_DEMO@DF_POP_5Y(1.0),Population by 5-year age groups - Regions,I,A,Annual,TL3,TL3,_Z,Not applicable,AT312,Linz-Wels,POP,Population,_T,Total,_T,Total,PS_KM2,Persons per square kilometer,2018,,345.31,,AUT,Austria,A,Normal value,0,Units,2,Two
DATAFLOW,OECD.CFE.EDS:DSD_REG_DEMO@DF_POP_5Y(1.0),Population by 5-year age groups - Regions,I,A,Annual,TL3,TL3,_Z,Not applicable,AT312,Linz-Wels,POP,Population,_T,Total,_T,Total,PS_KM2,Persons per square kilometer,2019,,348.11,,AUT,Austria,A,Normal value,0,Units,2,Two
DATAFLOW,OECD.CFE.EDS:DSD_REG_DEMO@DF_POP_5Y(1.0),Population by 5-year age groups - Regions,I,A,Annual,TL3,TL3,_Z,Not applicable,AT312,Linz-Wels,POP,Population,_T,Total,_T,Total,PS_KM2,Persons per square kilometer,2020,,350.37,,AUT,Austria,A,Normal value,0,Units,2,Two
DATAFLOW,OECD.CFE.EDS:DSD_REG_DEMO@DF_POP_5Y(1.0),Population by 5-year age groups - Regions,I,A,Annual,TL3,TL3,_Z,Not applicable,AT312,Linz-Wels,POP,Population,_T,Total,_T,Total,PS_KM2,Persons per square kilometer,2021,,351.78,,AUT,Austria,A,Normal value,0,Units,2,Two
DATAFLOW,OECD.CFE.EDS:DSD_REG_DEMO@DF_POP_5Y(1.0),Population by 5-year age groups - Regions,I,A,Annual,TL3,TL3,_Z,Not applicable,AT312,Linz-Wels,POP,Population,_T,Total,_T,Total,PS_KM2,Persons per square kilometer,2022,,354.12,,AUT,Austria,A,Normal value,0,Units,2,Two
DATAFLOW,OECD.CFE.EDS:DSD_REG_DEMO@DF_POP_5Y(1.0),Population by 5-year age groups - Regions,I,A,Annual,TL2,TL2,_Z,Not applicable,AT13,Vienna,POP,Population,_T,Total,_T,Total,PS,Persons,2018,,1888776,,AUT,Austria,A,Normal value,0,Units,0,Zero
DATAFLOW,OECD.CFE.EDS:DSD_REG_DEMO@DF_POP_5Y(1.0),Population by 5-year age groups - Regions,I,A,Annual,TL2,TL2,_Z,Not applicable,AT13,Vienna,POP,Population,_T,Total,_T,Total,PS,Persons,2019,,1897491,,AUT,Austria,A,Normal value,0,Units,0,Zero
DATAFLOW,OECD.CFE.EDS:DSD_REG_DEMO@DF_POP_5Y(1.0),Population by 5-year age groups - Regions,I,A,Annual,TL2,TL2,_Z,Not applicable,AT13,Vienna,POP,Population,_T,Total,_T,Total,PS,Persons,2020,,1911191,,AUT,Austria,A,Normal value,0,Units,0,Zero
DATAFLOW,OECD.CFE.EDS:DSD_REG_DEMO@DF_POP_5Y(1.0),Population by 5-year age groups - Regions,I,A,Annual,TL2,TL2,_Z,Not applicable,AT13,Vienna,POP,Population,_T,Total,_T,Total,PS,Persons,2021,,1920949,,AUT,Austria,A,Normal value,0,Units,0,Zero
DATAFLOW,OECD.CFE.EDS:DSD_REG_DEMO@DF_POP_5Y(1.0),Population by 5-year age groups - Regions,I,A,Annual,TL2,TL2,_Z,Not applicable,AT13,Vienna,POP,Population,_T,Total,_T,Total,PS,Persons,2022,,1931593,,AUT,Austria,A,Normal value,0,Units,0,Zero
DATAFLOW,OECD.CFE.EDS:DSD_REG_DEMO@DF_POP_5Y(1.0),Population by 5-year age groups - Regions,I,A,Annual,TL3,TL3,_Z,Not applicable,AT124,Waldviertel,POP,Population,_T,Total,_T,Total,PS_KM2,Persons per square kilometer,2018,,47.92,,AUT,Austria,A,Normal value,0,Units,2,Two
DATAFLOW,OECD.CFE.EDS:DSD_REG_DEMO@DF_POP_5Y(1.0),Population by 5-year age groups - Regions,I,A,Annual,TL3,TL3,_Z,Not applicable,AT124,Waldviertel,POP,Population,_T,Total,_T,Total,PS_KM2,Persons per square kilometer,2019,,47.76,,AUT,Austria,A,Normal value,0,Units,2,Two
DATAFLOW,OECD.CFE.EDS:DSD_REG_DEMO@DF_POP_5Y(1.0),Population by 5-year age groups - Regions,I,A,Annual,TL3,TL3,_Z,Not applicable,AT124,Waldviertel,POP,Population,_T,Total,_T,Total,PS_KM2,Persons per square kilometer,2020,,47.59,,AUT,Austria,A,Normal value,0,Units,2,Two
DATAFLOW,OECD.CFE.EDS:DSD_REG_DEMO@DF_POP_5Y(1.0),Population by 5-year age groups - Regions,I,A,Annual,TL3,TL3,_Z,Not applicable,AT124,Waldviertel,POP,Population,_T,Total,_T,Total,PS_KM2,Persons per square kilometer,2021,,47.41,,AUT,Austria,A,Normal value,0,Units,2,Two
DATAFLOW,OECD.CFE.EDS:DSD_REG_DEMO@DF_POP_5Y(1.0),Population by 5-year age groups - Regions,I,A,Annual,TL3,TL3,_Z,Not applicable,AT124,Waldviertel,POP,Population,_T,Total,_T,Total,PS_KM2,Persons per square kilometer,2022,,47.36,,AUT,Austria,A,Normal value,0,Units,2,Two
DATAFLOW,OECD.CFE.EDS:DSD_REG_DEMO@DF_POP_5Y(1.0),Population by 5-year age groups - Regions,I,A,Annual,TL3,TL3,_Z,Not applicable,AT211,Klagenfurt-Villach,POP,Population,_T,Total,_T,Total,PS_KM2,Persons per square kilometer,2022,,149.61,,AUT,Austria,A,Normal value,0,Units,2,Two
DATAFLOW,OECD.CFE.EDS:DSD_REG_DEMO@DF_POP_5Y(1.0),Population by 5-year age groups - Regions,I,A,Annual,TL3,TL3,_Z,Not applicable,AT112,Nordburgenland,POP,Population,_T,Total,_T,Total,PS,Persons,2018,,157840,,AUT,Austria,A,Normal value,0,Units,0,Zero
DATAFLOW,OECD.CFE.EDS:DSD_REG_DEMO@DF_POP_5Y(1.0),Population by 5-year age groups - Regions,I,A,Annual,TL3,TL3,_Z,Not applicable,AT112,Nordburgenland,POP,Population,_T,Total,_T,Total,PS,Persons,2019,,158981,,AUT,Austria,A,Normal value,0,Units,0,Zero
DATAFLOW,OECD.CFE.EDS:DSD_REG_DEMO@DF_POP_5Y(1.0),Population by 5-year age groups - Regions,I,A,Annual,TL3,TL3,_Z,Not applicable,AT112,Nordburgenland,POP,Population,_T,Total,_T,Total,PS,Persons,2020,,160064,,AUT,Austria,A,Normal value,0,Units,0,Zero
DATAFLOW,OECD.CFE.EDS:DSD_REG_DEMO@DF_POP_5Y(1.0),Population by 5-year age groups - Regions,I,A,Annual,TL3,TL3,_Z,Not applicable,AT112,Nordburgenland,POP,Population,_T,Total,_T,Total,PS,Persons,2021,,161469,,AUT,Austria,A,Normal value,0,Units,0,Zero
DATAFLOW,OECD.CFE.EDS:DSD_REG_DEMO@DF_POP_5Y(1.0),Population by 5-year age groups - Regions,I,A,Annual,TL3,TL3,_Z,Not applicable,AT112,Nordburgenland,POP,Population,_T,Total,_T,Total,PS,Persons,2022,,162880,,AUT,Austria,A,Normal value,0,Units,0,Zero
DATAFLOW,OECD.CFE.EDS:DSD_REG_DEMO@DF_POP_5Y(1.0),Population by 5-year age groups - Regions,I,A,Annual,TL2,TL2,_Z,Not applicable,AU6,Tasmania,POP,Population,_T,Total,_T,Total,PS,Persons,2018,,540112,,AUS,Australia,A,Normal value,0,Units,0,Zero
DATAFLOW,OECD.CFE.EDS:DSD_REG_DEMO@DF_POP_5Y(1.0),Population by 5-year age groups - Regions,I,A,Annual,TL2,TL2,_Z,Not applicable,AU6,Tasmania,POP,Population,_T,Total,_T,Total,PS,Persons,2019,,552310,,AUS,Australia,A,Normal value,0,Units,0,Zero
DATAFLOW,OECD.CFE.EDS:DSD_REG_DEMO@DF_POP_5Y(1.0),Population by 5-year age groups - Regions,I,A,Annual,TL2,TL2,_Z,Not applicable,AU6,Tasmania,POP,Population,_T,Total,_T,Total,PS,Persons,2020,,563507,,AUS,Australia,A,Normal value,0,Units,0,Zero
DATAFLOW,OECD.CFE.EDS:DSD_REG_DEMO@DF_POP_5Y(1.0),Population by 5-year age groups - Regions,I,A,Annual,TL2,TL2,_Z,Not applicable,AU6,Tasmania,POP,Population,_T,Total,_T,Total,PS,Persons,2021,,567909,,AUS,Australia,A,Normal value,0,Units,0,Zero
DATAFLOW,OECD.CFE.EDS:DSD_REG_DEMO@DF_POP_5Y(1.0),Population by 5-year age groups - Regions,I,A,Annual,TL2,TL2,_Z,Not applicable,AU6,Tasmania,POP,Population,_T,Total,_T,Total,PS,Persons,2022,,571517,,AUS,Australia,A,Normal value,0,Units,0,Zero
DATAFLOW,OECD.CFE.EDS:DSD_REG_DEMO@DF_POP_5Y(1.0),Population by 5-year age groups - Regions,I,A,Annual,TL3,TL3,_Z,Not applicable,AT222,Liezen,POP,Population,_T,Total,_T,Total,PS,Persons,2018,,80082,,AUT,Austria,A,Normal value,0,Units,0,Zero
DATAFLOW,OECD.CFE.EDS:DSD_REG_DEMO@DF_POP_5Y(1.0),Population by 5-year age groups - Regions,I,A,Annual,TL3,TL3,_Z,Not applicable,AT222,Liezen,POP,Population,_T,Total,_T,Total,PS,Persons,2019,,79901,,AUT,Austria,A,Normal value,0,Units,0,Zero
DATAFLOW,OECD.CFE.EDS:DSD_REG_DEMO@DF_POP_5Y(1.0),Population by 5-year age groups - Regions,I,A,Annual,TL3,TL3,_Z,Not applicable,AT222,Liezen,POP,Population,_T,Total,_T,Total,PS,Persons,2020,,79652,,AUT,Austria,A,Normal value,0,Units,0,Zero
DATAFLOW,OECD.CFE.EDS:DSD_REG_DEMO@DF_POP_5Y(1.0),Population by 5-year age groups - Regions,I,A,Annual,TL3,TL3,_Z,Not applicable,AT222,Liezen,POP,Population,_T,Total,_T,Total,PS,Persons,2021,,79592,,AUT,Austria,A,Normal value,0,Units,0,Zero
DATAFLOW,OECD.CFE.EDS:DSD_REG_DEMO@DF_POP_5Y(1.0),Population by 5-year age groups - Regions,I,A,Annual,TL3,TL3,_Z,Not applicable,AT222,Liezen,POP,Population,_T,Total,_T,Total,PS,Persons,2022,,79609,,AUT,Austria,A,Normal value,0,Units,0,Zero
DATAFLOW,OECD.CFE.EDS:DSD_REG_DEMO@DF_POP_5Y(1.0),Population by 5-year age groups - Regions,I,A,Annual,TL2,TL2,_Z,Not applicable,AT32,Salzburg,POP,Population,_T,Total,_T,Total,PS_KM2,Persons per square kilometer,2018,,78.3,,AUT,Austria,A,Normal value,0,Units,2,Two
DATAFLOW,OECD.CFE.EDS:DSD_REG_DEMO@DF_POP_5Y(1.0),Population by 5-year age groups - Regions,I,A,Annual,TL2,TL2,_Z,Not applicable,AT32,Salzburg,POP,Population,_T,Total,_T,Total,PS_KM2,Persons per square kilometer,2019,,78.68,,AUT,Austria,A,Normal value,0,Units,2,Two
DATAFLOW,OECD.CFE.EDS:DSD_REG_DEMO@DF_POP_5Y(1.0),Population by 5-year age groups - Regions,I,A,Annual,TL2,TL2,_Z,Not applicable,AT32,Salzburg,POP,Population,_T,Total,_T,Total,PS_KM2,Persons per square kilometer,2020,,79.13,,AUT,Austria,A,Normal value,0,Units,2,Two
DATAFLOW,OECD.CFE.EDS:DSD_REG_DEMO@DF_POP_5Y(1.0),Population by 5-year age groups - Regions,I,A,Annual,TL2,TL2,_Z,Not applicable,AT32,Salzburg,POP,Population,_T,Total,_T,Total,PS_KM2,Persons per square kilometer,2021,,79.45,,AUT,Austria,A,Normal value,0,Units,2,Two
DATAFLOW,OECD.CFE.EDS:DSD_REG_DEMO@DF_POP_5Y(1.0),Population by 5-year age groups - Regions,I,A,Annual,TL2,TL2,_Z,Not applicable,AT32,Salzburg,POP,Population,_T,Total,_T,Total,PS_KM2,Persons per square kilometer,2022,,79.72,,AUT,Austria,A,Normal value,0,Units,2,Two
DATAFLOW,OECD.CFE.EDS:DSD_REG_DEMO@DF_POP_5Y(1.0),Population by 5-year age groups - Regions,I,A,Annual,TL3,TL3,_Z,Not applicable,AT113,Südburgenland,POP,Population,_T,Total,_T,Total,PS,Persons,2018,,97174,,AUT,Austria,A,Normal value,0,Units,0,Zero
DATAFLOW,OECD.CFE.EDS:DSD_REG_DEMO@DF_POP_5Y(1.0),Population by 5-year age groups - Regions,I,A,Annual,TL3,TL3,_Z,Not applicable,AT113,Südburgenland,POP,Population,_T,Total,_T,Total,PS,Persons,2019,,96939,,AUT,Austria,A,Normal value,0,Units,0,Zero
DATAFLOW,OECD.CFE.EDS:DSD_REG_DEMO@DF_POP_5Y(1.0),Population by 5-year age groups - Regions,I,A,Annual,TL3,TL3,_Z,Not applicable,AT113,Südburgenland,POP,Population,_T,Total,_T,Total,PS,Persons,2020,,96988,,AUT,Austria,A,Normal value,0,Units,0,Zero
DATAFLOW,OECD.CFE.EDS:DSD_REG_DEMO@DF_POP_5Y(1.0),Population by 5-year age groups - Regions,I,A,Annual,TL3,TL3,_Z,Not applicable,AT113,Südburgenland,POP,Population,_T,Total,_T,Total,PS,Persons,2021,,97088,,AUT,Austria,A,Normal value,0,Units,0,Zero
DATAFLOW,OECD.CFE.EDS:DSD_REG_DEMO@DF_POP_5Y(1.0),Population by 5-year age groups - Regions,I,A,Annual,TL3,TL3,_Z,Not applicable,AT113,Südburgenland,POP,Population,_T,Total,_T,Total,PS,Persons,2022,,97179,,AUT,Austria,A,Normal value,0,Units,0,Zero
DATAFLOW,OECD.CFE.EDS:DSD_REG_DEMO@DF_POP_5Y(1.0),Population by 5-year age groups - Regions,I,A,Annual,CTRY,Country,_Z,Not applicable,AUS,Australia,POP,Population,_T,Total,_T,Total,PS,Persons,2022,,25978935,,AUS,Australia,A,Normal value,0,Units,0,Zero
DATAFLOW,OECD.CFE.EDS:DSD_REG_DEMO@DF_POP_5Y(1.0),Population by 5-year age groups - Regions,I,A,Annual,CTRY,Country,_Z,Not applicable,AUS,Australia,POP,Population,_T,Total,_T,Total,PS,Persons,2018,,24966643,,AUS,Australia,A,Normal value,0,Units,0,Zero
DATAFLOW,OECD.CFE.EDS:DSD_REG_DEMO@DF_POP_5Y(1.0),Population by 5-year age groups - Regions,I,A,Annual,CTRY,Country,_Z,Not applicable,AUS,Australia,POP,Population,_T,Total,_T,Total,PS,Persons,2019,,25340217,,AUS,Australia,A,Normal value,0,Units,0,Zero
DATAFLOW,OECD.CFE.EDS:DSD_REG_DEMO@DF_POP_5Y(1.0),Population by 5-year age groups - Regions,I,A,Annual,CTRY,Country,_Z,Not applicable,AUS,Australia,POP,Population,_T,Total,_T,Total,PS,Persons,2020,,25655289,,AUS,Australia,A,Normal value,0,Units,0,Zero
DATAFLOW,OECD.CFE.EDS:DSD_REG_DEMO@DF_POP_5Y(1.0),Population by 5-year age groups - Regions,I,A,Annual,CTRY,Country,_Z,Not applicable,AUS,Australia,POP,Population,_T,Total,_T,Total,PS,Persons,2021,,25688079,,AUS,Australia,A,Normal value,0,Units,0,Zero
DATAFLOW,OECD.CFE.EDS:DSD_REG_DEMO@DF_POP_5Y(1.0),Population by 5-year age groups - Regions,I,A,Annual,TL3,TL3,_Z,Not applicable,AT332,Innsbruck,POP,Population,_T,Total,_T,Total,PS_KM2,Persons per square kilometer,2018,,149.25,,AUT,Austria,A,Normal value,0,Units,2,Two
DATAFLOW,OECD.CFE.EDS:DSD_REG_DEMO@DF_POP_5Y(1.0),Population by 5-year age groups - Regions,I,A,Annual,TL3,TL3,_Z,Not applicable,AT332,Innsbruck,POP,Population,_T,Total,_T,Total,PS_KM2,Persons per square kilometer,2019,,149.8,,AUT,Austria,A,Normal value,0,Units,2,Two
DATAFLOW,OECD.CFE.EDS:DSD_REG_DEMO@DF_POP_5Y(1.0),Population by 5-year age groups - Regions,I,A,Annual,TL3,TL3,_Z,Not applicable,AT332,Innsbruck,POP,Population,_T,Total,_T,Total,PS_KM2,Persons per square kilometer,2020,,150.27,,AUT,Austria,A,Normal value,0,Units,2,Two
DATAFLOW,OECD.CFE.EDS:DSD_REG_DEMO@DF_POP_5Y(1.0),Population by 5-year age groups - Regions,I,A,Annual,TL3,TL3,_Z,Not applicable,AT332,Innsbruck,POP,Population,_T,Total,_T,Total,PS_KM2,Persons per square kilometer,2021,,150.44,,AUT,Austria,A,Normal value,0,Units,2,Two
DATAFLOW,OECD.CFE.EDS:DSD_REG_DEMO@DF_POP_5Y(1.0),Population by 5-year age groups - Regions,I,A,Annual,TL3,TL3,_Z,Not applicable,AT332,Innsbruck,POP,Population,_T,Total,_T,Total,PS_KM2,Persons per square kilometer,2022,,150.8,,AUT,Austria,A,Normal value,0,Units,2,Two
DATAFLOW,OECD.CFE.EDS:DSD_REG_DEMO@DF_POP_5Y(1.0),Population by 5-year age groups - Regions,I,A,Annual,TL3,TL3,_Z,Not applicable,AT212,Oberkärnten,POP,Population,_T,Total,_T,Total,PS,Persons,2018,,124389,,AUT,Austria,A,Normal value,0,Units,0,Zero
DATAFLOW,OECD.CFE.EDS:DSD_REG_DEMO@DF_POP_5Y(1.0),Population by 5-year age groups - Regions,I,A,Annual,TL3,TL3,_Z,Not applicable,AT212,Oberkärnten,POP,Population,_T,Total,_T,Total,PS,Persons,2019,,124252,,AUT,Austria,A,Normal value,0,Units,0,Zero
DATAFLOW,OECD.CFE.EDS:DSD_REG_DEMO@DF_POP_5Y(1.0),Population by 5-year age groups - Regions,I,A,Annual,TL3,TL3,_Z,Not applicable,AT212,Oberkärnten,POP,Population,_T,Total,_T,Total,PS,Persons,2020,,123824,,AUT,Austria,A,Normal value,0,Units,0,Zero
DATAFLOW,OECD.CFE.EDS:DSD_REG_DEMO@DF_POP_5Y(1.0),Population by 5-year age groups - Regions,I,A,Annual,TL3,TL3,_Z,Not applicable,AT212,Oberkärnten,POP,Population,_T,Total,_T,Total,PS,Persons,2021,,123463,,AUT,Austria,A,Normal value,0,Units,0,Zero
DATAFLOW,OECD.CFE.EDS:DSD_REG_DEMO@DF_POP_5Y(1.0),Population by 5-year age groups - Regions,I,A,Annual,TL3,TL3,_Z,Not applicable,AT212,Oberkärnten,POP,Population,_T,Total,_T,Total,PS,Persons,2022,,123469,,AUT,Austria,A,Normal value,0,Units,0,Zero
DATAFLOW,OECD.CFE.EDS:DSD_REG_DEMO@DF_POP_5Y(1.0),Population by 5-year age groups - Regions,I,A,Annual,TL3,TL3,_Z,Not applicable,AT335,Tyrolean Unterland,POP,Population,_T,Total,_T,Total,PS_KM2,Persons per square kilometer,2018,,65.12,,AUT,Austria,A,Normal value,0,Units,2,Two
DATAFLOW,OECD.CFE.EDS:DSD_REG_DEMO@DF_POP_5Y(1.0),Population by 5-year age groups - Regions,I,A,Annual,TL3,TL3,_Z,Not applicable,AT335,Tyrolean Unterland,POP,Population,_T,Total,_T,Total,PS_KM2,Persons per square kilometer,2019,,65.61,,AUT,Austria,A,Normal value,0,Units,2,Two
DATAFLOW,OECD.CFE.EDS:DSD_REG_DEMO@DF_POP_5Y(1.0),Population by 5-year age groups - Regions,I,A,Annual,TL3,TL3,_Z,Not applicable,AT335,Tyrolean Unterland,POP,Population,_T,Total,_T,Total,PS_KM2,Persons per square kilometer,2020,,65.95,,AUT,Austria,A,Normal value,0,Units,2,Two
DATAFLOW,OECD.CFE.EDS:DSD_REG_DEMO@DF_POP_5Y(1.0),Population by 5-year age groups - Regions,I,A,Annual,TL3,TL3,_Z,Not applicable,AT335,Tyrolean Unterland,POP,Population,_T,Total,_T,Total,PS_KM2,Persons per square kilometer,2021,,66.31,,AUT,Austria,A,Normal value,0,Units,2,Two
DATAFLOW,OECD.CFE.EDS:DSD_REG_DEMO@DF_POP_5Y(1.0),Population by 5-year age groups - Regions,I,A,Annual,TL3,TL3,_Z,Not applicable,AT335,Tyrolean Unterland,POP,Population,_T,Total,_T,Total,PS_KM2,Persons per square kilometer,2022,,66.89,,AUT,Austria,A,Normal value,0,Units,2,Two
DATAFLOW,OECD.CFE.EDS:DSD_REG_DEMO@DF_POP_5Y(1.0),Population by 5-year age groups - Regions,I,A,Annual,TL2,TL2,_Z,Not applicable,AU8,Australian Capital Territory,POP,Population,_T,Total,_T,Total,PS_KM2,Persons per square kilometer,2018,,183.12,,AUS,Australia,A,Normal value,0,Units,2,Two
DATAFLOW,OECD.CFE.EDS:DSD_REG_DEMO@DF_POP_5Y(1.0),Population by 5-year age groups - Regions,I,A,Annual,TL2,TL2,_Z,Not applicable,AU8,Australian Capital Territory,POP,Population,_T,Total,_T,Total,PS_KM2,Persons per square kilometer,2019,,187.86,,AUS,Australia,A,Normal value,0,Units,2,Two
DATAFLOW,OECD.CFE.EDS:DSD_REG_DEMO@DF_POP_5Y(1.0),Population by 5-year age groups - Regions,I,A,Annual,TL2,TL2,_Z,Not applicable,AU8,Australian Capital Territory,POP,Population,_T,Total,_T,Total,PS_KM2,Persons per square kilometer,2020,,191.84,,AUS,Australia,A,Normal value,0,Units,2,Two
DATAFLOW,OECD.CFE.EDS:DSD_REG_DEMO@DF_POP_5Y(1.0),Population by 5-year age groups - Regions,I,A,Annual,TL2,TL2,_Z,Not applicable,AU8,Australian Capital Territory,POP,Population,_T,Total,_T,Total,PS_KM2,Persons per square kilometer,2021,,193.09,,AUS,Australia,A,Normal value,0,Units,2,Two
DATAFLOW,OECD.CFE.EDS:DSD_REG_DEMO@DF_POP_5Y(1.0),Population by 5-year age groups - Regions,I,A,Annual,TL2,TL2,_Z,Not applicable,AU8,Australian Capital Territory,POP,Population,_T,Total,_T,Total,PS_KM2,Persons per square kilometer,2022,,194.4,,AUS,Australia,A,Normal value,0,Units,2,Two
DATAFLOW,OECD.CFE.EDS:DSD_REG_DEMO@DF_POP_5Y(1.0),Population by 5-year age groups - Regions,I,A,Annual,TL3,TL3,_Z,Not applicable,AT332,Innsbruck,POP,Population,_T,Total,_T,Total,PS,Persons,2018,,310297,,AUT,Austria,A,Normal value,0,Units,0,Zero
DATAFLOW,OECD.CFE.EDS:DSD_REG_DEMO@DF_POP_5Y(1.0),Population by 5-year age groups - Regions,I,A,Annual,TL3,TL3,_Z,Not applicable,AT332,Innsbruck,POP,Population,_T,Total,_T,Total,PS,Persons,2019,,311428,,AUT,Austria,A,Normal value,0,Units,0,Zero
DATAFLOW,OECD.CFE.EDS:DSD_REG_DEMO@DF_POP_5Y(1.0),Population by 5-year age groups - Regions,I,A,Annual,TL3,TL3,_Z,Not applicable,AT332,Innsbruck,POP,Population,_T,Total,_T,Total,PS,Persons,2020,,312414,,AUT,Austria,A,Normal value,0,Units,0,Zero
DATAFLOW,OECD.CFE.EDS:DSD_REG_DEMO@DF_POP_5Y(1.0),Population by 5-year age groups - Regions,I,A,Annual,TL3,TL3,_Z,Not applicable,AT332,Innsbruck,POP,Population,_T,Total,_T,Total,PS,Persons,2021,,312757,,AUT,Austria,A,Normal value,0,Units,0,Zero
DATAFLOW,OECD.CFE.EDS:DSD_REG_DEMO@DF_POP_5Y(1.0),Population by 5-year age groups - Regions,I,A,Annual,TL3,TL3,_Z,Not applicable,AT332,Innsbruck,POP,Population,_T,Total,_T,Total,PS,Persons,2022,,313503,,AUT,Austria,A,Normal value,0,Units,0,Zero
DATAFLOW,OECD.CFE.EDS:DSD_REG_DEMO@DF_POP_5Y(1.0),Population by 5-year age groups - Regions,I,A,Annual,TL3,TL3,_Z,Not applicable,AT224,Oststeiermark,POP,Population,_T,Total,_T,Total,PS,Persons,2018,,266518,,AUT,Austria,A,Normal value,0,Units,0,Zero
DATAFLOW,OECD.CFE.EDS:DSD_REG_DEMO@DF_POP_5Y(1.0),Population by 5-year age groups - Regions,I,A,Annual,TL3,TL3,_Z,Not applicable,AT224,Oststeiermark,POP,Population,_T,Total,_T,Total,PS,Persons,2019,,266912,,AUT,Austria,A,Normal value,0,Units,0,Zero
DATAFLOW,OECD.CFE.EDS:DSD_REG_DEMO@DF_POP_5Y(1.0),Population by 5-year age groups - Regions,I,A,Annual,TL3,TL3,_Z,Not applicable,AT224,Oststeiermark,POP,Population,_T,Total,_T,Total,PS,Persons,2020,,266971,,AUT,Austria,A,Normal value,0,Units,0,Zero
DATAFLOW,OECD.CFE.EDS:DSD_REG_DEMO@DF_POP_5Y(1.0),Population by 5-year age groups - Regions,I,A,Annual,TL3,TL3,_Z,Not applicable,AT224,Oststeiermark,POP,Population,_T,Total,_T,Total,PS,Persons,2021,,265376,,AUT,Austria,A,Normal value,0,Units,0,Zero
DATAFLOW,OECD.CFE.EDS:DSD_REG_DEMO@DF_POP_5Y(1.0),Population by 5-year age groups - Regions,I,A,Annual,TL3,TL3,_Z,Not applicable,AT224,Oststeiermark,POP,Population,_T,Total,_T,Total,PS,Persons,2022,,266130,,AUT,Austria,A,Normal value,0,Units,0,Zero
DATAFLOW,OECD.CFE.EDS:DSD_REG_DEMO@DF_POP_5Y(1.0),Population by 5-year age groups - Regions,I,A,Annual,TL3,TL3,_Z,Not applicable,AT126,Wiener Umland/Nordteil,POP,Population,_T,Total,_T,Total,PS_KM2,Persons per square kilometer,2022,,127.16,,AUT,Austria,A,Normal value,0,Units,2,Two
DATAFLOW,OECD.CFE.EDS:DSD_REG_DEMO@DF_POP_5Y(1.0),Population by 5-year age groups - Regions,I,A,Annual,TL3,TL3,_Z,Not applicable,AT126,Wiener Umland/Nordteil,POP,Population,_T,Total,_T,Total,PS_KM2,Persons per square kilometer,2018,,123.05,,AUT,Austria,A,Normal value,0,Units,2,Two
DATAFLOW,OECD.CFE.EDS:DSD_REG_DEMO@DF_POP_5Y(1.0),Population by 5-year age groups - Regions,I,A,Annual,TL3,TL3,_Z,Not applicable,AT126,Wiener Umland/Nordteil,POP,Population,_T,Total,_T,Total,PS_KM2,Persons per square kilometer,2019,,124.29,,AUT,Austria,A,Normal value,0,Units,2,Two
DATAFLOW,OECD.CFE.EDS:DSD_REG_DEMO@DF_POP_5Y(1.0),Population by 5-year age groups - Regions,I,A,Annual,TL3,TL3,_Z,Not applicable,AT126,Wiener Umland/Nordteil,POP,Population,_T,Total,_T,Total,PS_KM2,Persons per square kilometer,2020,,125.27,,AUT,Austria,A,Normal value,0,Units,2,Two
DATAFLOW,OECD.CFE.EDS:DSD_REG_DEMO@DF_POP_5Y(1.0),Population by 5-year age groups - Regions,I,A,Annual,TL3,TL3,_Z,Not applicable,AT126,Wiener Umland/Nordteil,POP,Population,_T,Total,_T,Total,PS_KM2,Persons per square kilometer,2021,,126.33,,AUT,Austria,A,Normal value,0,Units,2,Two
DATAFLOW,OECD.CFE.EDS:DSD_REG_DEMO@DF_POP_5Y(1.0),Population by 5-year age groups - Regions,I,A,Annual,TL2,TL2,_Z,Not applicable,AT11,Burgenland (AT),POP,Population,_T,Total,_T,Total,PS_KM2,Persons per square kilometer,2018,,77.43,,AUT,Austria,A,Normal value,0,Units,2,Two
DATAFLOW,OECD.CFE.EDS:DSD_REG_DEMO@DF_POP_5Y(1.0),Population by 5-year age groups - Regions,I,A,Annual,TL2,TL2,_Z,Not applicable,AT11,Burgenland (AT),POP,Population,_T,Total,_T,Total,PS_KM2,Persons per square kilometer,2019,,77.63,,AUT,Austria,A,Normal value,0,Units,2,Two
DATAFLOW,OECD.CFE.EDS:DSD_REG_DEMO@DF_POP_5Y(1.0),Population by 5-year age groups - Regions,I,A,Annual,TL2,TL2,_Z,Not applicable,AT11,Burgenland (AT),POP,Population,_T,Total,_T,Total,PS_KM2,Persons per square kilometer,2020,,77.89,,AUT,Austria,A,Normal value,0,Units,2,Two
DATAFLOW,OECD.CFE.EDS:DSD_REG_DEMO@DF_POP_5Y(1.0),Population by 5-year age groups - Regions,I,A,Annual,TL2,TL2,_Z,Not applicable,AT11,Burgenland (AT),POP,Population,_T,Total,_T,Total,PS_KM2,Persons per square kilometer,2021,,78.31,,AUT,Austria,A,Normal value,0,Units,2,Two
DATAFLOW,OECD.CFE.EDS:DSD_REG_DEMO@DF_POP_5Y(1.0),Population by 5-year age groups - Regions,I,A,Annual,TL2,TL2,_Z,Not applicable,AT11,Burgenland (AT),POP,Population,_T,Total,_T,Total,PS_KM2,Persons per square kilometer,2022,,78.73,,AUT,Austria,A,Normal value,0,Units,2,Two
DATAFLOW,OECD.CFE.EDS:DSD_REG_DEMO@DF_POP_5Y(1.0),Population by 5-year age groups - Regions,I,A,Annual,TL3,TL3,_Z,Not applicable,AT313,Mühlviertel,POP,Population,_T,Total,_T,Total,PS_KM2,Persons per square kilometer,2018,,79.27,,AUT,Austria,A,Normal value,0,Units,2,Two
DATAFLOW,OECD.CFE.EDS:DSD_REG_DEMO@DF_POP_5Y(1.0),Population by 5-year age groups - Regions,I,A,Annual,TL3,TL3,_Z,Not applicable,AT313,Mühlviertel,POP,Population,_T,Total,_T,Total,PS_KM2,Persons per square kilometer,2019,,79.58,,AUT,Austria,A,Normal value,0,Units,2,Two
DATAFLOW,OECD.CFE.EDS:DSD_REG_DEMO@DF_POP_5Y(1.0),Population by 5-year age groups - Regions,I,A,Annual,TL3,TL3,_Z,Not applicable,AT313,Mühlviertel,POP,Population,_T,Total,_T,Total,PS_KM2,Persons per square kilometer,2020,,79.9,,AUT,Austria,A,Normal value,0,Units,2,Two
DATAFLOW,OECD.CFE.EDS:DSD_REG_DEMO@DF_POP_5Y(1.0),Population by 5-year age groups - Regions,I,A,Annual,TL3,TL3,_Z,Not applicable,AT313,Mühlviertel,POP,Population,_T,Total,_T,Total,PS_KM2,Persons per square kilometer,2021,,80.04,,AUT,Austria,A,Normal value,0,Units,2,Two
DATAFLOW,OECD.CFE.EDS:DSD_REG_DEMO@DF_POP_5Y(1.0),Population by 5-year age groups - Regions,I,A,Annual,TL3,TL3,_Z,Not applicable,AT313,Mühlviertel,POP,Population,_T,Total,_T,Total,PS_KM2,Persons per square kilometer,2022,,80.48,,AUT,Austria,A,Normal value,0,Units,2,Two
DATAFLOW,OECD.CFE.EDS:DSD_REG_DEMO@DF_POP_5Y(1.0),Population by 5-year age groups - Regions,I,A,Annual,TL3,TL3,_Z,Not applicable,AT121,Mostviertel-Eisenwurzen,POP,Population,_T,Total,_T,Total,PS,Persons,2018,,246050,,AUT,Austria,A,Normal value,0,Units,0,Zero
DATAFLOW,OECD.CFE.EDS:DSD_REG_DEMO@DF_POP_5Y(1.0),Population by 5-year age groups - Regions,I,A,Annual,TL3,TL3,_Z,Not applicable,AT121,Mostviertel-Eisenwurzen,POP,Population,_T,Total,_T,Total,PS,Persons,2019,,246740,,AUT,Austria,A,Normal value,0,Units,0,Zero
DATAFLOW,OECD.CFE.EDS:DSD_REG_DEMO@DF_POP_5Y(1.0),Population by 5-year age groups - Regions,I,A,Annual,TL3,TL3,_Z,Not applicable,AT121,Mostviertel-Eisenwurzen,POP,Population,_T,Total,_T,Total,PS,Persons,2020,,247347,,AUT,Austria,A,Normal value,0,Units,0,Zero
DATAFLOW,OECD.CFE.EDS:DSD_REG_DEMO@DF_POP_5Y(1.0),Population by 5-year age groups - Regions,I,A,Annual,TL3,TL3,_Z,Not applicable,AT121,Mostviertel-Eisenwurzen,POP,Population,_T,Total,_T,Total,PS,Persons,2021,,247574,,AUT,Austria,A,Normal value,0,Units,0,Zero
DATAFLOW,OECD.CFE.EDS:DSD_REG_DEMO@DF_POP_5Y(1.0),Population by 5-year age groups - Regions,I,A,Annual,TL3,TL3,_Z,Not applicable,AT121,Mostviertel-Eisenwurzen,POP,Population,_T,Total,_T,Total,PS,Persons,2022,,248164,,AUT,Austria,A,Normal value,0,Units,0,Zero
DATAFLOW,OECD.CFE.EDS:DSD_REG_DEMO@DF_POP_5Y(1.0),Population by 5-year age groups - Regions,I,A,Annual,TL2,TL2,_Z,Not applicable,AU4,South Australia,POP,Population,_T,Total,_T,Total,PS,Persons,2018,,1748010,,AUS,Australia,A,Normal value,0,Units,0,Zero
DATAFLOW,OECD.CFE.EDS:DSD_REG_DEMO@DF_POP_5Y(1.0),Population by 5-year age groups - Regions,I,A,Annual,TL2,TL2,_Z,Not applicable,AU4,South Australia,POP,Population,_T,Total,_T,Total,PS,Persons,2019,,1770048,,AUS,Australia,A,Normal value,0,Units,0,Zero
DATAFLOW,OECD.CFE.EDS:DSD_REG_DEMO@DF_POP_5Y(1.0),Population by 5-year age groups - Regions,I,A,Annual,TL2,TL2,_Z,Not applicable,AU4,South Australia,POP,Population,_T,Total,_T,Total,PS,Persons,2020,,1793547,,AUS,Australia,A,Normal value,0,Units,0,Zero
DATAFLOW,OECD.CFE.EDS:DSD_REG_DEMO@DF_POP_5Y(1.0),Population by 5-year age groups - Regions,I,A,Annual,TL2,TL2,_Z,Not applicable,AU4,South Australia,POP,Population,_T,Total,_T,Total,PS,Persons,2021,,1803192,,AUS,Australia,A,Normal value,0,Units,0,Zero
DATAFLOW,OECD.CFE.EDS:DSD_REG_DEMO@DF_POP_5Y(1.0),Population by 5-year age groups - Regions,I,A,Annual,TL2,TL2,_Z,Not applicable,AU4,South Australia,POP,Population,_T,Total,_T,Total,PS,Persons,2022,,1820530,,AUS,Australia,A,Normal value,0,Units,0,Zero
DATAFLOW,OECD.CFE.EDS:DSD_REG_DEMO@DF_POP_5Y(1.0),Population by 5-year age groups - Regions,I,A,Annual,TL3,TL3,_Z,Not applicable,AT122,Niederösterreich-Süd,POP,Population,_T,Total,_T,Total,PS,Persons,2018,,259630,,AUT,Austria,A,Normal value,0,Units,0,Zero
DATAFLOW,OECD.CFE.EDS:DSD_REG_DEMO@DF_POP_5Y(1.0),Population by 5-year age groups - Regions,I,A,Annual,TL3,TL3,_Z,Not applicable,AT122,Niederösterreich-Süd,POP,Population,_T,Total,_T,Total,PS,Persons,2019,,260480,,AUT,Austria,A,Normal value,0,Units,0,Zero
DATAFLOW,OECD.CFE.EDS:DSD_REG_DEMO@DF_POP_5Y(1.0),Population by 5-year age groups - Regions,I,A,Annual,TL3,TL3,_Z,Not applicable,AT122,Niederösterreich-Süd,POP,Population,_T,Total,_T,Total,PS,Persons,2020,,261156,,AUT,Austria,A,Normal value,0,Units,0,Zero
DATAFLOW,OECD.CFE.EDS:DSD_REG_DEMO@DF_POP_5Y(1.0),Population by 5-year age groups - Regions,I,A,Annual,TL3,TL3,_Z,Not applicable,AT122,Niederösterreich-Süd,POP,Population,_T,Total,_T,Total,PS,Persons,2021,,262265,,AUT,Austria,A,Normal value,0,Units,0,Zero
DATAFLOW,OECD.CFE.EDS:DSD_REG_DEMO@DF_POP_5Y(1.0),Population by 5-year age groups - Regions,I,A,Annual,TL3,TL3,_Z,Not applicable,AT122,Niederösterreich-Süd,POP,Population,_T,Total,_T,Total,PS,Persons,2022,,263484,,AUT,Austria,A,Normal value,0,Units,0,Zero
DATAFLOW,OECD.CFE.EDS:DSD_REG_DEMO@DF_POP_5Y(1.0),Population by 5-year age groups - Regions,I,A,Annual,TL3,TL3,_Z,Not applicable,AT130,Vienna,POP,Population,_T,Total,_T,Total,PS,Persons,2018,,1888776,,AUT,Austria,A,Normal value,0,Units,0,Zero
DATAFLOW,OECD.CFE.EDS:DSD_REG_DEMO@DF_POP_5Y(1.0),Population by 5-year age groups - Regions,I,A,Annual,TL3,TL3,_Z,Not applicable,AT130,Vienna,POP,Population,_T,Total,_T,Total,PS,Persons,2019,,1897491,,AUT,Austria,A,Normal value,0,Units,0,Zero
DATAFLOW,OECD.CFE.EDS:DSD_REG_DEMO@DF_POP_5Y(1.0),Population by 5-year age groups - Regions,I,A,Annual,TL3,TL3,_Z,Not applicable,AT130,Vienna,POP,Population,_T,Total,_T,Total,PS,Persons,2020,,1911191,,AUT,Austria,A,Normal value,0,Units,0,Zero
DATAFLOW,OECD.CFE.EDS:DSD_REG_DEMO@DF_POP_5Y(1.0),Population by 5-year age groups - Regions,I,A,Annual,TL3,TL3,_Z,Not applicable,AT130,Vienna,POP,Population,_T,Total,_T,Total,PS,Persons,2021,,1920949,,AUT,Austria,A,Normal value,0,Units,0,Zero
DATAFLOW,OECD.CFE.EDS:DSD_REG_DEMO@DF_POP_5Y(1.0),Population by 5-year age groups - Regions,I,A,Annual,TL3,TL3,_Z,Not applicable,AT130,Vienna,POP,Population,_T,Total,_T,Total,PS,Persons,2022,,1931593,,AUT,Austria,A,Normal value,0,Units,0,Zero
DATAFLOW,OECD.CFE.EDS:DSD_REG_DEMO@DF_POP_5Y(1.0),Population by 5-year age groups - Regions,I,A,Annual,TL3,TL3,_Z,Not applicable,AT225,West- und Südsteiermark,POP,Population,_T,Total,_T,Total,PS,Persons,2018,,194100,,AUT,Austria,A,Normal value,0,Units,0,Zero
DATAFLOW,OECD.CFE.EDS:DSD_REG_DEMO@DF_POP_5Y(1.0),Population by 5-year age groups - Regions,I,A,Annual,TL3,TL3,_Z,Not applicable,AT225,West- und Südsteiermark,POP,Population,_T,Total,_T,Total,PS,Persons,2019,,194466,,AUT,Austria,A,Normal value,0,Units,0,Zero
DATAFLOW,OECD.CFE.EDS:DSD_REG_DEMO@DF_POP_5Y(1.0),Population by 5-year age groups - Regions,I,A,Annual,TL3,TL3,_Z,Not applicable,AT225,West- und Südsteiermark,POP,Population,_T,Total,_T,Total,PS,Persons,2020,,194992,,AUT,Austria,A,Normal value,0,Units,0,Zero
DATAFLOW,OECD.CFE.EDS:DSD_REG_DEMO@DF_POP_5Y(1.0),Population by 5-year age groups - Regions,I,A,Annual,TL3,TL3,_Z,Not applicable,AT225,West- und Südsteiermark,POP,Population,_T,Total,_T,Total,PS,Persons,2021,,197112,,AUT,Austria,A,Normal value,0,Units,0,Zero
DATAFLOW,OECD.CFE.EDS:DSD_REG_DEMO@DF_POP_5Y(1.0),Population by 5-year age groups - Regions,I,A,Annual,TL3,TL3,_Z,Not applicable,AT225,West- und Südsteiermark,POP,Population,_T,Total,_T,Total,PS,Persons,2022,,198271,,AUT,Austria,A,Normal value,0,Units,0,Zero
DATAFLOW,OECD.CFE.EDS:DSD_REG_DEMO@DF_POP_5Y(1.0),Population by 5-year age groups - Regions,I,A,Annual,TL3,TL3,_Z,Not applicable,AT213,Unterkärnten,POP,Population,_T,Total,_T,Total,PS_KM2,Persons per square kilometer,2018,,44.86,,AUT,Austria,A,Normal value,0,Units,2,Two
DATAFLOW,OECD.CFE.EDS:DSD_REG_DEMO@DF_POP_5Y(1.0),Population by 5-year age groups - Regions,I,A,Annual,TL3,TL3,_Z,Not applicable,AT213,Unterkärnten,POP,Population,_T,Total,_T,Total,PS_KM2,Persons per square kilometer,2019,,44.63,,AUT,Austria,A,Normal value,0,Units,2,Two
DATAFLOW,OECD.CFE.EDS:DSD_REG_DEMO@DF_POP_5Y(1.0),Population by 5-year age groups - Regions,I,A,Annual,TL3,TL3,_Z,Not applicable,AT213,Unterkärnten,POP,Population,_T,Total,_T,Total,PS_KM2,Persons per square kilometer,2020,,44.48,,AUT,Austria,A,Normal value,0,Units,2,Two
DATAFLOW,OECD.CFE.EDS:DSD_REG_DEMO@DF_POP_5Y(1.0),Population by 5-year age groups - Regions,I,A,Annual,TL3,TL3,_Z,Not applicable,AT213,Unterkärnten,POP,Population,_T,Total,_T,Total,PS_KM2,Persons per square kilometer,2021,,44.35,,AUT,Austria,A,Normal value,0,Units,2,Two
DATAFLOW,OECD.CFE.EDS:DSD_REG_DEMO@DF_POP_5Y(1.0),Population by 5-year age groups - Regions,I,A,Annual,TL3,TL3,_Z,Not applicable,AT213,Unterkärnten,POP,Population,_T,Total,_T,Total,PS_KM2,Persons per square kilometer,2022,,44.31,,AUT,Austria,A,Normal value,0,Units,2,Two
DATAFLOW,OECD.CFE.EDS:DSD_REG_DEMO@DF_POP_5Y(1.0),Population by 5-year age groups - Regions,I,A,Annual,TL3,TL3,_Z,Not applicable,AT322,Pinzgau-Pongau,POP,Population,_T,Total,_T,Total,PS,Persons,2018,,167438,,AUT,Austria,A,Normal value,0,Units,0,Zero
DATAFLOW,OECD.CFE.EDS:DSD_REG_DEMO@DF_POP_5Y(1.0),Population by 5-year age groups - Regions,I,A,Annual,TL3,TL3,_Z,Not applicable,AT322,Pinzgau-Pongau,POP,Population,_T,Total,_T,Total,PS,Persons,2019,,168035,,AUT,Austria,A,Normal value,0,Units,0,Zero
DATAFLOW,OECD.CFE.EDS:DSD_REG_DEMO@DF_POP_5Y(1.0),Population by 5-year age groups - Regions,I,A,Annual,TL3,TL3,_Z,Not applicable,AT322,Pinzgau-Pongau,POP,Population,_T,Total,_T,Total,PS,Persons,2020,,168822,,AUT,Austria,A,Normal value,0,Units,0,Zero
DATAFLOW,OECD.CFE.EDS:DSD_REG_DEMO@DF_POP_5Y(1.0),Population by 5-year age groups - Regions,I,A,Annual,TL3,TL3,_Z,Not applicable,AT322,Pinzgau-Pongau,POP,Population,_T,Total,_T,Total,PS,Persons,2021,,169560,,AUT,Austria,A,Normal value,0,Units,0,Zero
DATAFLOW,OECD.CFE.EDS:DSD_REG_DEMO@DF_POP_5Y(1.0),Population by 5-year age groups - Regions,I,A,Annual,TL3,TL3,_Z,Not applicable,AT322,Pinzgau-Pongau,POP,Population,_T,Total,_T,Total,PS,Persons,2022,,170352,,AUT,Austria,A,Normal value,0,Units,0,Zero
DATAFLOW,OECD.CFE.EDS:DSD_REG_DEMO@DF_POP_5Y(1.0),Population by 5-year age groups - Regions,I,A,Annual,CTRY,Country,_Z,Not applicable,AUS,Australia,POP,Population,_T,Total,_T,Total,PS_KM2,Persons per square kilometer,2018,,3.24,,AUS,Australia,A,Normal value,0,Units,2,Two
DATAFLOW,OECD.CFE.EDS:DSD_REG_DEMO@DF_POP_5Y(1.0),Population by 5-year age groups - Regions,I,A,Annual,CTRY,Country,_Z,Not applicable,AUS,Australia,POP,Population,_T,Total,_T,Total,PS_KM2,Persons per square kilometer,2019,,3.29,,AUS,Australia,A,Normal value,0,Units,2,Two
DATAFLOW,OECD.CFE.EDS:DSD_REG_DEMO@DF_POP_5Y(1.0),Population by 5-year age groups - Regions,I,A,Annual,CTRY,Country,_Z,Not applicable,AUS,Australia,POP,Population,_T,Total,_T,Total,PS_KM2,Persons per square kilometer,2020,,3.33,,AUS,Australia,A,Normal value,0,Units,2,Two
DATAFLOW,OECD.CFE.EDS:DSD_REG_DEMO@DF_POP_5Y(1.0),Population by 5-year age groups - Regions,I,A,Annual,CTRY,Country,_Z,Not applicable,AUS,Australia,POP,Population,_T,Total,_T,Total,PS_KM2,Persons per square kilometer,2021,,3.33,,AUS,Australia,A,Normal value,0,Units,2,Two
DATAFLOW,OECD.CFE.EDS:DSD_REG_DEMO@DF_POP_5Y(1.0),Population by 5-year age groups - Regions,I,A,Annual,CTRY,Country,_Z,Not applicable,AUS,Australia,POP,Population,_T,Total,_T,Total,PS_KM2,Persons per square kilometer,2022,,3.37,,AUS,Australia,A,Normal value,0,Units,2,Two
DATAFLOW,OECD.CFE.EDS:DSD_REG_DEMO@DF_POP_5Y(1.0),Population by 5-year age groups - Regions,I,A,Annual,TL3,TL3,_Z,Not applicable,AT112,Nordburgenland,POP,Population,_T,Total,_T,Total,PS_KM2,Persons per square kilometer,2018,,96.54,,AUT,Austria,A,Normal value,0,Units,2,Two
DATAFLOW,OECD.CFE.EDS:DSD_REG_DEMO@DF_POP_5Y(1.0),Population by 5-year age groups - Regions,I,A,Annual,TL3,TL3,_Z,Not applicable,AT112,Nordburgenland,POP,Population,_T,Total,_T,Total,PS_KM2,Persons per square kilometer,2019,,97.24,,AUT,Austria,A,Normal value,0,Units,2,Two
DATAFLOW,OECD.CFE.EDS:DSD_REG_DEMO@DF_POP_5Y(1.0),Population by 5-year age groups - Regions,I,A,Annual,TL3,TL3,_Z,Not applicable,AT112,Nordburgenland,POP,Population,_T,Total,_T,Total,PS_KM2,Persons per square kilometer,2020,,97.9,,AUT,Austria,A,Normal value,0,Units,2,Two
DATAFLOW,OECD.CFE.EDS:DSD_REG_DEMO@DF_POP_5Y(1.0),Population by 5-year age groups - Regions,I,A,Annual,TL3,TL3,_Z,Not applicable,AT112,Nordburgenland,POP,Population,_T,Total,_T,Total,PS_KM2,Persons per square kilometer,2021,,98.76,,AUT,Austria,A,Normal value,0,Units,2,Two
DATAFLOW,OECD.CFE.EDS:DSD_REG_DEMO@DF_POP_5Y(1.0),Population by 5-year age groups - Regions,I,A,Annual,TL3,TL3,_Z,Not applicable,AT112,Nordburgenland,POP,Population,_T,Total,_T,Total,PS_KM2,Persons per square kilometer,2022,,99.62,,AUT,Austria,A,Normal value,0,Units,2,Two
DATAFLOW,OECD.CFE.EDS:DSD_REG_DEMO@DF_POP_5Y(1.0),Population by 5-year age groups - Regions,I,A,Annual,TL2,TL2,_Z,Not applicable,AT12,Lower Austria,POP,Population,_T,Total,_T,Total,PS_KM2,Persons per square kilometer,2018,,88.36,,AUT,Austria,A,Normal value,0,Units,2,Two
DATAFLOW,OECD.CFE.EDS:DSD_REG_DEMO@DF_POP_5Y(1.0),Population by 5-year age groups - Regions,I,A,Annual,TL2,TL2,_Z,Not applicable,AT12,Lower Austria,POP,Population,_T,Total,_T,Total,PS_KM2,Persons per square kilometer,2019,,88.73,,AUT,Austria,A,Normal value,0,Units,2,Two
DATAFLOW,OECD.CFE.EDS:DSD_REG_DEMO@DF_POP_5Y(1.0),Population by 5-year age groups - Regions,I,A,Annual,TL3,TL3,_Z,Not applicable,AT127,Wiener Umland/Südteil,POP,Population,_T,Total,_T,Total,PS_KM2,Persons per square kilometer,2019,,237.08,,AUT,Austria,A,Normal value,0,Units,2,Two
DATAFLOW,OECD.CFE.EDS:DSD_REG_DEMO@DF_POP_5Y(1.0),Population by 5-year age groups - Regions,I,A,Annual,TL3,TL3,_Z,Not applicable,AT127,Wiener Umland/Südteil,POP,Population,_T,Total,_T,Total,PS_KM2,Persons per square kilometer,2020,,238.79,,AUT,Austria,A,Normal value,0,Units,2,Two
DATAFLOW,OECD.CFE.EDS:DSD_REG_DEMO@DF_POP_5Y(1.0),Population by 5-year age groups - Regions,I,A,Annual,TL3,TL3,_Z,Not applicable,AT127,Wiener Umland/Südteil,POP,Population,_T,Total,_T,Total,PS_KM2,Persons per square kilometer,2021,,240.39,,AUT,Austria,A,Normal value,0,Units,2,Two
DATAFLOW,OECD.CFE.EDS:DSD_REG_DEMO@DF_POP_5Y(1.0),Population by 5-year age groups - Regions,I,A,Annual,TL3,TL3,_Z,Not applicable,AT127,Wiener Umland/Südteil,POP,Population,_T,Total,_T,Total,PS_KM2,Persons per square kilometer,2022,,241.97,,AUT,Austria,A,Normal value,0,Units,2,Two
DATAFLOW,OECD.CFE.EDS:DSD_REG_DEMO@DF_POP_5Y(1.0),Population by 5-year age groups - Regions,I,A,Annual,TL2,TL2,_Z,Not applicable,AT34,Vorarlberg,POP,Population,_T,Total,_T,Total,PS,Persons,2022,,401674,,AUT,Austria,A,Normal value,0,Units,0,Zero
DATAFLOW,OECD.CFE.EDS:DSD_REG_DEMO@DF_POP_5Y(1.0),Population by 5-year age groups - Regions,I,A,Annual,TL2,TL2,_Z,Not applicable,AT34,Vorarlberg,POP,Population,_T,Total,_T,Total,PS,Persons,2018,,391741,,AUT,Austria,A,Normal value,0,Units,0,Zero
DATAFLOW,OECD.CFE.EDS:DSD_REG_DEMO@DF_POP_5Y(1.0),Population by 5-year age groups - Regions,I,A,Annual,TL2,TL2,_Z,Not applicable,AT34,Vorarlberg,POP,Population,_T,Total,_T,Total,PS,Persons,2019,,394297,,AUT,Austria,A,Normal value,0,Units,0,Zero
DATAFLOW,OECD.CFE.EDS:DSD_REG_DEMO@DF_POP_5Y(1.0),Population by 5-year age groups - Regions,I,A,Annual,TL2,TL2,_Z,Not applicable,AT34,Vorarlberg,POP,Population,_T,Total,_T,Total,PS,Persons,2020,,397139,,AUT,Austria,A,Normal value,0,Units,0,Zero
DATAFLOW,OECD.CFE.EDS:DSD_REG_DEMO@DF_POP_5Y(1.0),Population by 5-year age groups - Regions,I,A,Annual,TL2,TL2,_Z,Not applicable,AT34,Vorarlberg,POP,Population,_T,Total,_T,Total,PS,Persons,2021,,399237,,AUT,Austria,A,Normal value,0,Units,0,Zero
DATAFLOW,OECD.CFE.EDS:DSD_REG_DEMO@DF_POP_5Y(1.0),Population by 5-year age groups - Regions,I,A,Annual,TL2,TL2,_Z,Not applicable,AT21,Carinthia,POP,Population,_T,Total,_T,Total,PS,Persons,2018,,560898,,AUT,Austria,A,Normal value,0,Units,0,Zero
DATAFLOW,OECD.CFE.EDS:DSD_REG_DEMO@DF_POP_5Y(1.0),Population by 5-year age groups - Regions,I,A,Annual,TL2,TL2,_Z,Not applicable,AT21,Carinthia,POP,Population,_T,Total,_T,Total,PS,Persons,2019,,560939,,AUT,Austria,A,Normal value,0,Units,0,Zero
DATAFLOW,OECD.CFE.EDS:DSD_REG_DEMO@DF_POP_5Y(1.0),Population by 5-year age groups - Regions,I,A,Annual,TL2,TL2,_Z,Not applicable,AT21,Carinthia,POP,Population,_T,Total,_T,Total,PS,Persons,2020,,561293,,AUT,Austria,A,Normal value,0,Units,0,Zero
DATAFLOW,OECD.CFE.EDS:DSD_REG_DEMO@DF_POP_5Y(1.0),Population by 5-year age groups - Regions,I,A,Annual,TL2,TL2,_Z,Not applicable,AT21,Carinthia,POP,Population,_T,Total,_T,Total,PS,Persons,2021,,562089,,AUT,Austria,A,Normal value,0,Units,0,Zero
DATAFLOW,OECD.CFE.EDS:DSD_REG_DEMO@DF_POP_5Y(1.0),Population by 5-year age groups - Regions,I,A,Annual,TL2,TL2,_Z,Not applicable,AT21,Carinthia,POP,Population,_T,Total,_T,Total,PS,Persons,2022,,564513,,AUT,Austria,A,Normal value,0,Units,0,Zero
DATAFLOW,OECD.CFE.EDS:DSD_REG_DEMO@DF_POP_5Y(1.0),Population by 5-year age groups - Regions,I,A,Annual,TL3,TL3,_Z,Not applicable,AT113,Südburgenland,POP,Population,_T,Total,_T,Total,PS_KM2,Persons per square kilometer,2018,,66.97,,AUT,Austria,A,Normal value,0,Units,2,Two
DATAFLOW,OECD.CFE.EDS:DSD_REG_DEMO@DF_POP_5Y(1.0),Population by 5-year age groups - Regions,I,A,Annual,TL3,TL3,_Z,Not applicable,AT113,Südburgenland,POP,Population,_T,Total,_T,Total,PS_KM2,Persons per square kilometer,2019,,66.81,,AUT,Austria,A,Normal value,0,Units,2,Two
DATAFLOW,OECD.CFE.EDS:DSD_REG_DEMO@DF_POP_5Y(1.0),Population by 5-year age groups - Regions,I,A,Annual,TL3,TL3,_Z,Not applicable,AT113,Südburgenland,POP,Population,_T,Total,_T,Total,PS_KM2,Persons per square kilometer,2020,,66.84,,AUT,Austria,A,Normal value,0,Units,2,Two
DATAFLOW,OECD.CFE.EDS:DSD_REG_DEMO@DF_POP_5Y(1.0),Population by 5-year age groups - Regions,I,A,Annual,TL3,TL3,_Z,Not applicable,AT113,Südburgenland,POP,Population,_T,Total,_T,Total,PS_KM2,Persons per square kilometer,2021,,66.91,,AUT,Austria,A,Normal value,0,Units,2,Two
DATAFLOW,OECD.CFE.EDS:DSD_REG_DEMO@DF_POP_5Y(1.0),Population by 5-year age groups - Regions,I,A,Annual,TL3,TL3,_Z,Not applicable,AT113,Südburgenland,POP,Population,_T,Total,_T,Total,PS_KM2,Persons per square kilometer,2022,,66.97,,AUT,Austria,A,Normal value,0,Units,2,Two
DATAFLOW,OECD.CFE.EDS:DSD_REG_DEMO@DF_POP_5Y(1.0),Population by 5-year age groups - Regions,I,A,Annual,TL2,TL2,_Z,Not applicable,AU4,South Australia,POP,Population,_T,Total,_T,Total,PS_KM2,Persons per square kilometer,2018,,1.77,,AUS,Australia,A,Normal value,0,Units,2,Two
DATAFLOW,OECD.CFE.EDS:DSD_REG_DEMO@DF_POP_5Y(1.0),Population by 5-year age groups - Regions,I,A,Annual,TL2,TL2,_Z,Not applicable,AU4,South Australia,POP,Population,_T,Total,_T,Total,PS_KM2,Persons per square kilometer,2019,,1.8,,AUS,Australia,A,Normal value,0,Units,2,Two
DATAFLOW,OECD.CFE.EDS:DSD_REG_DEMO@DF_POP_5Y(1.0),Population by 5-year age groups - Regions,I,A,Annual,TL2,TL2,_Z,Not applicable,AU4,South Australia,POP,Population,_T,Total,_T,Total,PS_KM2,Persons per square kilometer,2020,,1.82,,AUS,Australia,A,Normal value,0,Units,2,Two
DATAFLOW,OECD.CFE.EDS:DSD_REG_DEMO@DF_POP_5Y(1.0),Population by 5-year age groups - Regions,I,A,Annual,TL2,TL2,_Z,Not applicable,AU4,South Australia,POP,Population,_T,Total,_T,Total,PS_KM2,Persons per square kilometer,2021,,1.83,,AUS,Australia,A,Normal value,0,Units,2,Two
DATAFLOW,OECD.CFE.EDS:DSD_REG_DEMO@DF_POP_5Y(1.0),Population by 5-year age groups - Regions,I,A,Annual,TL2,TL2,_Z,Not applicable,AU4,South Australia,POP,Population,_T,Total,_T,Total,PS_KM2,Persons per square kilometer,2022,,1.85,,AUS,Australia,A,Normal value,0,Units,2,Two
DATAFLOW,OECD.CFE.EDS:DSD_REG_DEMO@DF_POP_5Y(1.0),Population by 5-year age groups - Regions,I,A,Annual,TL2,TL2,_Z,Not applicable,AT22,Styria,POP,Population,_T,Total,_T,Total,PS,Persons,2018,,1240214,,AUT,Austria,A,Normal value,0,Units,0,Zero
DATAFLOW,OECD.CFE.EDS:DSD_REG_DEMO@DF_POP_5Y(1.0),Population by 5-year age groups - Regions,I,A,Annual,TL2,TL2,_Z,Not applicable,AT22,Styria,POP,Population,_T,Total,_T,Total,PS,Persons,2019,,1243052,,AUT,Austria,A,Normal value,0,Units,0,Zero
DATAFLOW,OECD.CFE.EDS:DSD_REG_DEMO@DF_POP_5Y(1.0),Population by 5-year age groups - Regions,I,A,Annual,TL2,TL2,_Z,Not applicable,AT22,Styria,POP,Population,_T,Total,_T,Total,PS,Persons,2020,,1246395,,AUT,Austria,A,Normal value,0,Units,0,Zero
DATAFLOW,OECD.CFE.EDS:DSD_REG_DEMO@DF_POP_5Y(1.0),Population by 5-year age groups - Regions,I,A,Annual,TL2,TL2,_Z,Not applicable,AT22,Styria,POP,Population,_T,Total,_T,Total,PS,Persons,2021,,1247077,,AUT,Austria,A,Normal value,0,Units,0,Zero
DATAFLOW,OECD.CFE.EDS:DSD_REG_DEMO@DF_POP_5Y(1.0),Population by 5-year age groups - Regions,I,A,Annual,TL2,TL2,_Z,Not applicable,AT22,Styria,POP,Population,_T,Total,_T,Total,PS,Persons,2022,,1252922,,AUT,Austria,A,Normal value,0,Units,0,Zero
DATAFLOW,OECD.CFE.EDS:DSD_REG_DEMO@DF_POP_5Y(1.0),Population by 5-year age groups - Regions,I,A,Annual,TL2,TL2,_Z,Not applicable,AU1,New South Wales,POP,Population,_T,Total,_T,Total,PS,Persons,2019,,8034305,,AUS,Australia,A,Normal value,0,Units,0,Zero
DATAFLOW,OECD.CFE.EDS:DSD_REG_DEMO@DF_POP_5Y(1.0),Population by 5-year age groups - Regions,I,A,Annual,TL2,TL2,_Z,Not applicable,AU1,New South Wales,POP,Population,_T,Total,_T,Total,PS,Persons,2020,,8094317,,AUS,Australia,A,Normal value,0,Units,0,Zero
DATAFLOW,OECD.CFE.EDS:DSD_REG_DEMO@DF_POP_5Y(1.0),Population by 5-year age groups - Regions,I,A,Annual,TL2,TL2,_Z,Not applicable,AU1,New South Wales,POP,Population,_T,Total,_T,Total,PS,Persons,2021,,8093815,,AUS,Australia,A,Normal value,0,Units,0,Zero
DATAFLOW,OECD.CFE.EDS:DSD_REG_DEMO@DF_POP_5Y(1.0),Population by 5-year age groups - Regions,I,A,Annual,TL2,TL2,_Z,Not applicable,AU1,New South Wales,POP,Population,_T,Total,_T,Total,PS,Persons,2022,,8153584,,AUS,Australia,A,Normal value,0,Units,0,Zero
DATAFLOW,OECD.CFE.EDS:DSD_REG_DEMO@DF_POP_5Y(1.0),Population by 5-year age groups - Regions,I,A,Annual,TL2,TL2,_Z,Not applicable,AU1,New South Wales,POP,Population,_T,Total,_T,Total,PS,Persons,2018,,7945580,,AUS,Australia,A,Normal value,0,Units,0,Zero
DATAFLOW,OECD.CFE.EDS:DSD_REG_DEMO@DF_POP_5Y(1.0),Population by 5-year age groups - Regions,I,A,Annual,TL3,TL3,_Z,Not applicable,AT342,Rheintal-Bodenseegebiet,POP,Population,_T,Total,_T,Total,PS_KM2,Persons per square kilometer,2018,,442.98,,AUT,Austria,A,Normal value,0,Units,2,Two
DATAFLOW,OECD.CFE.EDS:DSD_REG_DEMO@DF_POP_5Y(1.0),Population by 5-year age groups - Regions,I,A,Annual,TL3,TL3,_Z,Not applicable,AT342,Rheintal-Bodenseegebiet,POP,Population,_T,Total,_T,Total,PS_KM2,Persons per square kilometer,2019,,446.03,,AUT,Austria,A,Normal value,0,Units,2,Two
DATAFLOW,OECD.CFE.EDS:DSD_REG_DEMO@DF_POP_5Y(1.0),Population by 5-year age groups - Regions,I,A,Annual,TL3,TL3,_Z,Not applicable,AT342,Rheintal-Bodenseegebiet,POP,Population,_T,Total,_T,Total,PS_KM2,Persons per square kilometer,2020,,449.52,,AUT,Austria,A,Normal value,0,Units,2,Two
DATAFLOW,OECD.CFE.EDS:DSD_REG_DEMO@DF_POP_5Y(1.0),Population by 5-year age groups - Regions,I,A,Annual,TL3,TL3,_Z,Not applicable,AT342,Rheintal-Bodenseegebiet,POP,Population,_T,Total,_T,Total,PS_KM2,Persons per square kilometer,2021,,452.18,,AUT,Austria,A,Normal value,0,Units,2,Two
DATAFLOW,OECD.CFE.EDS:DSD_REG_DEMO@DF_POP_5Y(1.0),Population by 5-year age groups - Regions,I,A,Annual,TL3,TL3,_Z,Not applicable,AT342,Rheintal-Bodenseegebiet,POP,Population,_T,Total,_T,Total,PS_KM2,Persons per square kilometer,2022,,454.84,,AUT,Austria,A,Normal value,0,Units,2,Two
DATAFLOW,OECD.CFE.EDS:DSD_REG_DEMO@DF_POP_5Y(1.0),Population by 5-year age groups - Regions,I,A,Annual,TL3,TL3,_Z,Not applicable,AT322,Pinzgau-Pongau,POP,Population,_T,Total,_T,Total,PS_KM2,Persons per square kilometer,2018,,38.43,,AUT,Austria,A,Normal value,0,Units,2,Two
DATAFLOW,OECD.CFE.EDS:DSD_REG_DEMO@DF_POP_5Y(1.0),Population by 5-year age groups - Regions,I,A,Annual,TL3,TL3,_Z,Not applicable,AT322,Pinzgau-Pongau,POP,Population,_T,Total,_T,Total,PS_KM2,Persons per square kilometer,2019,,38.57,,AUT,Austria,A,Normal value,0,Units,2,Two
DATAFLOW,OECD.CFE.EDS:DSD_REG_DEMO@DF_POP_5Y(1.0),Population by 5-year age groups - Regions,I,A,Annual,TL3,TL3,_Z,Not applicable,AT322,Pinzgau-Pongau,POP,Population,_T,Total,_T,Total,PS_KM2,Persons per square kilometer,2020,,38.75,,AUT,Austria,A,Normal value,0,Units,2,Two
DATAFLOW,OECD.CFE.EDS:DSD_REG_DEMO@DF_POP_5Y(1.0),Population by 5-year age groups - Regions,I,A,Annual,TL3,TL3,_Z,Not applicable,AT322,Pinzgau-Pongau,POP,Population,_T,Total,_T,Total,PS_KM2,Persons per square kilometer,2021,,38.92,,AUT,Austria,A,Normal value,0,Units,2,Two
DATAFLOW,OECD.CFE.EDS:DSD_REG_DEMO@DF_POP_5Y(1.0),Population by 5-year age groups - Regions,I,A,Annual,TL3,TL3,_Z,Not applicable,AT322,Pinzgau-Pongau,POP,Population,_T,Total,_T,Total,PS_KM2,Persons per square kilometer,2022,,39.1,,AUT,Austria,A,Normal value,0,Units,2,Two
DATAFLOW,OECD.CFE.EDS:DSD_REG_DEMO@DF_POP_5Y(1.0),Population by 5-year age groups - Regions,I,A,Annual,TL2,TL2,_Z,Not applicable,AU2,Victoria,POP,Population,_T,Total,_T,Total,PS_KM2,Persons per square kilometer,2018,,28.2,,AUS,Australia,A,Normal value,0,Units,2,Two
DATAFLOW,OECD.CFE.EDS:DSD_REG_DEMO@DF_POP_5Y(1.0),Population by 5-year age groups - Regions,I,A,Annual,TL2,TL2,_Z,Not applicable,AU2,Victoria,POP,Population,_T,Total,_T,Total,PS_KM2,Persons per square kilometer,2019,,28.7,,AUS,Australia,A,Normal value,0,Units,2,Two
DATAFLOW,OECD.CFE.EDS:DSD_REG_DEMO@DF_POP_5Y(1.0),Population by 5-year age groups - Regions,I,A,Annual,TL2,TL2,_Z,Not applicable,AU2,Victoria,POP,Population,_T,Total,_T,Total,PS_KM2,Persons per square kilometer,2020,,29.03,,AUS,Australia,A,Normal value,0,Units,2,Two
DATAFLOW,OECD.CFE.EDS:DSD_REG_DEMO@DF_POP_5Y(1.0),Population by 5-year age groups - Regions,I,A,Annual,TL2,TL2,_Z,Not applicable,AU2,Victoria,POP,Population,_T,Total,_T,Total,PS_KM2,Persons per square kilometer,2021,,28.77,,AUS,Australia,A,Normal value,0,Units,2,Two
DATAFLOW,OECD.CFE.EDS:DSD_REG_DEMO@DF_POP_5Y(1.0),Population by 5-year age groups - Regions,I,A,Annual,TL2,TL2,_Z,Not applicable,AU2,Victoria,POP,Population,_T,Total,_T,Total,PS_KM2,Persons per square kilometer,2022,,29.06,,AUS,Australia,A,Normal value,0,Units,2,Two
DATAFLOW,OECD.CFE.EDS:DSD_REG_DEMO@DF_POP_5Y(1.0),Population by 5-year age groups - Regions,I,A,Annual,TL3,TL3,_Z,Not applicable,AT333,Osttirol,POP,Population,_T,Total,_T,Total,PS_KM2,Persons per square kilometer,2018,,24.33,,AUT,Austria,A,Normal value,0,Units,2,Two
DATAFLOW,OECD.CFE.EDS:DSD_REG_DEMO@DF_POP_5Y(1.0),Population by 5-year age groups - Regions,I,A,Annual,TL3,TL3,_Z,Not applicable,AT333,Osttirol,POP,Population,_T,Total,_T,Total,PS_KM2,Persons per square kilometer,2019,,24.29,,AUT,Austria,A,Normal value,0,Units,2,Two
DATAFLOW,OECD.CFE.EDS:DSD_REG_DEMO@DF_POP_5Y(1.0),Population by 5-year age groups - Regions,I,A,Annual,TL3,TL3,_Z,Not applicable,AT333,Osttirol,POP,Population,_T,Total,_T,Total,PS_KM2,Persons per square kilometer,2020,,24.28,,AUT,Austria,A,Normal value,0,Units,2,Two
DATAFLOW,OECD.CFE.EDS:DSD_REG_DEMO@DF_POP_5Y(1.0),Population by 5-year age groups - Regions,I,A,Annual,TL3,TL3,_Z,Not applicable,AT333,Osttirol,POP,Population,_T,Total,_T,Total,PS_KM2,Persons per square kilometer,2021,,24.32,,AUT,Austria,A,Normal value,0,Units,2,Two
DATAFLOW,OECD.CFE.EDS:DSD_REG_DEMO@DF_POP_5Y(1.0),Population by 5-year age groups - Regions,I,A,Annual,TL3,TL3,_Z,Not applicable,AT333,Osttirol,POP,Population,_T,Total,_T,Total,PS_KM2,Persons per square kilometer,2022,,24.32,,AUT,Austria,A,Normal value,0,Units,2,Two
DATAFLOW,OECD.CFE.EDS:DSD_REG_DEMO@DF_POP_5Y(1.0),Population by 5-year age groups - Regions,I,A,Annual,TL3,TL3,_Z,Not applicable,AT323,Salzburg und Umgebung,POP,Population,_T,Total,_T,Total,PS_KM2,Persons per square kilometer,2018,,216.24,,AUT,Austria,A,Normal value,0,Units,2,Two
DATAFLOW,OECD.CFE.EDS:DSD_REG_DEMO@DF_POP_5Y(1.0),Population by 5-year age groups - Regions,I,A,Annual,TL3,TL3,_Z,Not applicable,AT323,Salzburg und Umgebung,POP,Population,_T,Total,_T,Total,PS_KM2,Persons per square kilometer,2019,,217.47,,AUT,Austria,A,Normal value,0,Units,2,Two
DATAFLOW,OECD.CFE.EDS:DSD_REG_DEMO@DF_POP_5Y(1.0),Population by 5-year age groups - Regions,I,A,Annual,TL3,TL3,_Z,Not applicable,AT323,Salzburg und Umgebung,POP,Population,_T,Total,_T,Total,PS_KM2,Persons per square kilometer,2020,,218.93,,AUT,Austria,A,Normal value,0,Units,2,Two
DATAFLOW,OECD.CFE.EDS:DSD_REG_DEMO@DF_POP_5Y(1.0),Population by 5-year age groups - Regions,I,A,Annual,TL3,TL3,_Z,Not applicable,AT323,Salzburg und Umgebung,POP,Population,_T,Total,_T,Total,PS_KM2,Persons per square kilometer,2021,,219.94,,AUT,Austria,A,Normal value,0,Units,2,Two
DATAFLOW,OECD.CFE.EDS:DSD_REG_DEMO@DF_POP_5Y(1.0),Population by 5-year age groups - Regions,I,A,Annual,TL3,TL3,_Z,Not applicable,AT323,Salzburg und Umgebung,POP,Population,_T,Total,_T,Total,PS_KM2,Persons per square kilometer,2022,,220.57,,AUT,Austria,A,Normal value,0,Units,2,Two
DATAFLOW,OECD.CFE.EDS:DSD_REG_DEMO@DF_POP_5Y(1.0),Population by 5-year age groups - Regions,I,A,Annual,TL3,TL3,_Z,Not applicable,AT122,Niederösterreich-Süd,POP,Population,_T,Total,_T,Total,PS_KM2,Persons per square kilometer,2018,,77.55,,AUT,Austria,A,Normal value,0,Units,2,Two
DATAFLOW,OECD.CFE.EDS:DSD_REG_DEMO@DF_POP_5Y(1.0),Population by 5-year age groups - Regions,I,A,Annual,TL3,TL3,_Z,Not applicable,AT122,Niederösterreich-Süd,POP,Population,_T,Total,_T,Total,PS_KM2,Persons per square kilometer,2019,,77.8,,AUT,Austria,A,Normal value,0,Units,2,Two
DATAFLOW,OECD.CFE.EDS:DSD_REG_DEMO@DF_POP_5Y(1.0),Population by 5-year age groups - Regions,I,A,Annual,TL3,TL3,_Z,Not applicable,AT122,Niederösterreich-Süd,POP,Population,_T,Total,_T,Total,PS_KM2,Persons per square kilometer,2020,,78,,AUT,Austria,A,Normal value,0,Units,2,Two
DATAFLOW,OECD.CFE.EDS:DSD_REG_DEMO@DF_POP_5Y(1.0),Population by 5-year age groups - Regions,I,A,Annual,TL3,TL3,_Z,Not applicable,AT122,Niederösterreich-Süd,POP,Population,_T,Total,_T,Total,PS_KM2,Persons per square kilometer,2021,,78.33,,AUT,Austria,A,Normal value,0,Units,2,Two
DATAFLOW,OECD.CFE.EDS:DSD_REG_DEMO@DF_POP_5Y(1.0),Population by 5-year age groups - Regions,I,A,Annual,TL3,TL3,_Z,Not applicable,AT122,Niederösterreich-Süd,POP,Population,_T,Total,_T,Total,PS_KM2,Persons per square kilometer,2022,,78.7,,AUT,Austria,A,Normal value,0,Units,2,Two
DATAFLOW,OECD.CFE.EDS:DSD_REG_DEMO@DF_POP_5Y(1.0),Population by 5-year age groups - Regions,I,A,Annual,TL3,TL3,_Z,Not applicable,AT213,Unterkärnten,POP,Population,_T,Total,_T,Total,PS,Persons,2018,,149930,,AUT,Austria,A,Normal value,0,Units,0,Zero
DATAFLOW,OECD.CFE.EDS:DSD_REG_DEMO@DF_POP_5Y(1.0),Population by 5-year age groups - Regions,I,A,Annual,TL3,TL3,_Z,Not applicable,AT213,Unterkärnten,POP,Population,_T,Total,_T,Total,PS,Persons,2019,,149159,,AUT,Austria,A,Normal value,0,Units,0,Zero
DATAFLOW,OECD.CFE.EDS:DSD_REG_DEMO@DF_POP_5Y(1.0),Population by 5-year age groups - Regions,I,A,Annual,TL3,TL3,_Z,Not applicable,AT213,Unterkärnten,POP,Population,_T,Total,_T,Total,PS,Persons,2020,,148655,,AUT,Austria,A,Normal value,0,Units,0,Zero
DATAFLOW,OECD.CFE.EDS:DSD_REG_DEMO@DF_POP_5Y(1.0),Population by 5-year age groups - Regions,I,A,Annual,TL3,TL3,_Z,Not applicable,AT213,Unterkärnten,POP,Population,_T,Total,_T,Total,PS,Persons,2021,,148202,,AUT,Austria,A,Normal value,0,Units,0,Zero
DATAFLOW,OECD.CFE.EDS:DSD_REG_DEMO@DF_POP_5Y(1.0),Population by 5-year age groups - Regions,I,A,Annual,TL3,TL3,_Z,Not applicable,AT213,Unterkärnten,POP,Population,_T,Total,_T,Total,PS,Persons,2022,,148099,,AUT,Austria,A,Normal value,0,Units,0,Zero
DATAFLOW,OECD.CFE.EDS:DSD_REG_DEMO@DF_POP_5Y(1.0),Population by 5-year age groups - Regions,I,A,Annual,TL3,TL3,_Z,Not applicable,AT121,Mostviertel-Eisenwurzen,POP,Population,_T,Total,_T,Total,PS_KM2,Persons per square kilometer,2018,,74.54,,AUT,Austria,A,Normal value,0,Units,2,Two
DATAFLOW,OECD.CFE.EDS:DSD_REG_DEMO@DF_POP_5Y(1.0),Population by 5-year age groups - Regions,I,A,Annual,TL3,TL3,_Z,Not applicable,AT121,Mostviertel-Eisenwurzen,POP,Population,_T,Total,_T,Total,PS_KM2,Persons per square kilometer,2019,,74.75,,AUT,Austria,A,Normal value,0,Units,2,Two
DATAFLOW,OECD.CFE.EDS:DSD_REG_DEMO@DF_POP_5Y(1.0),Population by 5-year age groups - Regions,I,A,Annual,TL3,TL3,_Z,Not applicable,AT121,Mostviertel-Eisenwurzen,POP,Population,_T,Total,_T,Total,PS_KM2,Persons per square kilometer,2020,,74.93,,AUT,Austria,A,Normal value,0,Units,2,Two
DATAFLOW,OECD.CFE.EDS:DSD_REG_DEMO@DF_POP_5Y(1.0),Population by 5-year age groups - Regions,I,A,Annual,TL3,TL3,_Z,Not applicable,AT121,Mostviertel-Eisenwurzen,POP,Population,_T,Total,_T,Total,PS_KM2,Persons per square kilometer,2021,,75,,AUT,Austria,A,Normal value,0,Units,2,Two
DATAFLOW,OECD.CFE.EDS:DSD_REG_DEMO@DF_POP_5Y(1.0),Population by 5-year age groups - Regions,I,A,Annual,TL3,TL3,_Z,Not applicable,AT121,Mostviertel-Eisenwurzen,POP,Population,_T,Total,_T,Total,PS_KM2,Persons per square kilometer,2022,,75.18,,AUT,Austria,A,Normal value,0,Units,2,Two
DATAFLOW,OECD.CFE.EDS:DSD_REG_DEMO@DF_POP_5Y(1.0),Population by 5-year age groups - Regions,I,A,Annual,TL3,TL3,_Z,Not applicable,AT315,Traunviertel,POP,Population,_T,Total,_T,Total,PS_KM2,Persons per square kilometer,2018,,98.98,,AUT,Austria,A,Normal value,0,Units,2,Two
DATAFLOW,OECD.CFE.EDS:DSD_REG_DEMO@DF_POP_5Y(1.0),Population by 5-year age groups - Regions,I,A,Annual,TL3,TL3,_Z,Not applicable,AT315,Traunviertel,POP,Population,_T,Total,_T,Total,PS_KM2,Persons per square kilometer,2019,,99.53,,AUT,Austria,A,Normal value,0,Units,2,Two
DATAFLOW,OECD.CFE.EDS:DSD_REG_DEMO@DF_POP_5Y(1.0),Population by 5-year age groups - Regions,I,A,Annual,TL3,TL3,_Z,Not applicable,AT315,Traunviertel,POP,Population,_T,Total,_T,Total,PS_KM2,Persons per square kilometer,2020,,100.07,,AUT,Austria,A,Normal value,0,Units,2,Two
DATAFLOW,OECD.CFE.EDS:DSD_REG_DEMO@DF_POP_5Y(1.0),Population by 5-year age groups - Regions,I,A,Annual,TL3,TL3,_Z,Not applicable,AT315,Traunviertel,POP,Population,_T,Total,_T,Total,PS_KM2,Persons per square kilometer,2021,,100.46,,AUT,Austria,A,Normal value,0,Units,2,Two
DATAFLOW,OECD.CFE.EDS:DSD_REG_DEMO@DF_POP_5Y(1.0),Population by 5-year age groups - Regions,I,A,Annual,TL3,TL3,_Z,Not applicable,AT315,Traunviertel,POP,Population,_T,Total,_T,Total,PS_KM2,Persons per square kilometer,2022,,101.15,,AUT,Austria,A,Normal value,0,Units,2,Two
DATAFLOW,OECD.CFE.EDS:DSD_REG_DEMO@DF_POP_5Y(1.0),Population by 5-year age groups - Regions,I,A,Annual,TL2,TL2,_Z,Not applicable,AU8,Australian Capital Territory,POP,Population,_T,Total,_T,Total,PS,Persons,2018,,430140,,AUS,Australia,A,Normal value,0,Units,0,Zero
DATAFLOW,OECD.CFE.EDS:DSD_REG_DEMO@DF_POP_5Y(1.0),Population by 5-year age groups - Regions,I,A,Annual,TL2,TL2,_Z,Not applicable,AU8,Australian Capital Territory,POP,Population,_T,Total,_T,Total,PS,Persons,2019,,441277,,AUS,Australia,A,Normal value,0,Units,0,Zero
DATAFLOW,OECD.CFE.EDS:DSD_REG_DEMO@DF_POP_5Y(1.0),Population by 5-year age groups - Regions,I,A,Annual,TL2,TL2,_Z,Not applicable,AU8,Australian Capital Territory,POP,Population,_T,Total,_T,Total,PS,Persons,2020,,450632,,AUS,Australia,A,Normal value,0,Units,0,Zero
DATAFLOW,OECD.CFE.EDS:DSD_REG_DEMO@DF_POP_5Y(1.0),Population by 5-year age groups - Regions,I,A,Annual,TL2,TL2,_Z,Not applicable,AU8,Australian Capital Territory,POP,Population,_T,Total,_T,Total,PS,Persons,2021,,453558,,AUS,Australia,A,Normal value,0,Units,0,Zero
DATAFLOW,OECD.CFE.EDS:DSD_REG_DEMO@DF_POP_5Y(1.0),Population by 5-year age groups - Regions,I,A,Annual,TL2,TL2,_Z,Not applicable,AU8,Australian Capital Territory,POP,Population,_T,Total,_T,Total,PS,Persons,2022,,456652,,AUS,Australia,A,Normal value,0,Units,0,Zero
DATAFLOW,OECD.CFE.EDS:DSD_REG_DEMO@DF_POP_5Y(1.0),Population by 5-year age groups - Regions,I,A,Annual,TL3,TL3,_Z,Not applicable,AT221,Graz,POP,Population,_T,Total,_T,Total,PS,Persons,2018,,439236,,AUT,Austria,A,Normal value,0,Units,0,Zero
DATAFLOW,OECD.CFE.EDS:DSD_REG_DEMO@DF_POP_5Y(1.0),Population by 5-year age groups - Regions,I,A,Annual,TL3,TL3,_Z,Not applicable,AT221,Graz,POP,Population,_T,Total,_T,Total,PS,Persons,2019,,443066,,AUT,Austria,A,Normal value,0,Units,0,Zero
DATAFLOW,OECD.CFE.EDS:DSD_REG_DEMO@DF_POP_5Y(1.0),Population by 5-year age groups - Regions,I,A,Annual,TL3,TL3,_Z,Not applicable,AT221,Graz,POP,Population,_T,Total,_T,Total,PS,Persons,2020,,447142,,AUT,Austria,A,Normal value,0,Units,0,Zero
DATAFLOW,OECD.CFE.EDS:DSD_REG_DEMO@DF_POP_5Y(1.0),Population by 5-year age groups - Regions,I,A,Annual,TL3,TL3,_Z,Not applicable,AT221,Graz,POP,Population,_T,Total,_T,Total,PS,Persons,2021,,448987,,AUT,Austria,A,Normal value,0,Units,0,Zero
DATAFLOW,OECD.CFE.EDS:DSD_REG_DEMO@DF_POP_5Y(1.0),Population by 5-year age groups - Regions,I,A,Annual,TL3,TL3,_Z,Not applicable,AT221,Graz,POP,Population,_T,Total,_T,Total,PS,Persons,2022,,453042,,AUT,Austria,A,Normal value,0,Units,0,Zero
DATAFLOW,OECD.CFE.EDS:DSD_REG_DEMO@DF_POP_5Y(1.0),Population by 5-year age groups - Regions,I,A,Annual,TL2,TL2,_Z,Not applicable,AU7,Northern Territory,POP,Population,_T,Total,_T,Total,PS,Persons,2020,,248943,,AUS,Australia,A,Normal value,0,Units,0,Zero
DATAFLOW,OECD.CFE.EDS:DSD_REG_DEMO@DF_POP_5Y(1.0),Population by 5-year age groups - Regions,I,A,Annual,TL2,TL2,_Z,Not applicable,AU7,Northern Territory,POP,Population,_T,Total,_T,Total,PS,Persons,2021,,249200,,AUS,Australia,A,Normal value,0,Units,0,Zero
DATAFLOW,OECD.CFE.EDS:DSD_REG_DEMO@DF_POP_5Y(1.0),Population by 5-year age groups - Regions,I,A,Annual,TL2,TL2,_Z,Not applicable,AU7,Northern Territory,POP,Population,_T,Total,_T,Total,PS,Persons,2022,,250635,,AUS,Australia,A,Normal value,0,Units,0,Zero
DATAFLOW,OECD.CFE.EDS:DSD_REG_DEMO@DF_POP_5Y(1.0),Population by 5-year age groups - Regions,I,A,Annual,TL2,TL2,_Z,Not applicable,AU7,Northern Territory,POP,Population,_T,Total,_T,Total,PS,Persons,2018,,248363,,AUS,Australia,A,Normal value,0,Units,0,Zero
DATAFLOW,OECD.CFE.EDS:DSD_REG_DEMO@DF_POP_5Y(1.0),Population by 5-year age groups - Regions,I,A,Annual,TL2,TL2,_Z,Not applicable,AU7,Northern Territory,POP,Population,_T,Total,_T,Total,PS,Persons,2019,,248153,,AUS,Australia,A,Normal value,0,Units,0,Zero
DATAFLOW,OECD.CFE.EDS:DSD_REG_DEMO@DF_POP_5Y(1.0),Population by 5-year age groups - Regions,I,A,Annual,TL2,TL2,_Z,Not applicable,AT12,Lower Austria,POP,Population,_T,Total,_T,Total,PS,Persons,2018,,1670668,,AUT,Austria,A,Normal value,0,Units,0,Zero
DATAFLOW,OECD.CFE.EDS:DSD_REG_DEMO@DF_POP_5Y(1.0),Population by 5-year age groups - Regions,I,A,Annual,TL2,TL2,_Z,Not applicable,AT12,Lower Austria,POP,Population,_T,Total,_T,Total,PS,Persons,2019,,1677542,,AUT,Austria,A,Normal value,0,Units,0,Zero
DATAFLOW,OECD.CFE.EDS:DSD_REG_DEMO@DF_POP_5Y(1.0),Population by 5-year age groups - Regions,I,A,Annual,TL2,TL2,_Z,Not applicable,AT12,Lower Austria,POP,Population,_T,Total,_T,Total,PS,Persons,2020,,1684287,,AUT,Austria,A,Normal value,0,Units,0,Zero
DATAFLOW,OECD.CFE.EDS:DSD_REG_DEMO@DF_POP_5Y(1.0),Population by 5-year age groups - Regions,I,A,Annual,TL2,TL2,_Z,Not applicable,AT12,Lower Austria,POP,Population,_T,Total,_T,Total,PS,Persons,2021,,1690879,,AUT,Austria,A,Normal value,0,Units,0,Zero
DATAFLOW,OECD.CFE.EDS:DSD_REG_DEMO@DF_POP_5Y(1.0),Population by 5-year age groups - Regions,I,A,Annual,TL2,TL2,_Z,Not applicable,AT12,Lower Austria,POP,Population,_T,Total,_T,Total,PS,Persons,2022,,1698796,,AUT,Austria,A,Normal value,0,Units,0,Zero
DATAFLOW,OECD.CFE.EDS:DSD_REG_DEMO@DF_POP_5Y(1.0),Population by 5-year age groups - Regions,I,A,Annual,TL3,TL3,_Z,Not applicable,AT125,Weinviertel,POP,Population,_T,Total,_T,Total,PS,Persons,2018,,124893,,AUT,Austria,A,Normal value,0,Units,0,Zero
DATAFLOW,OECD.CFE.EDS:DSD_REG_DEMO@DF_POP_5Y(1.0),Population by 5-year age groups - Regions,I,A,Annual,TL3,TL3,_Z,Not applicable,AT125,Weinviertel,POP,Population,_T,Total,_T,Total,PS,Persons,2019,,124967,,AUT,Austria,A,Normal value,0,Units,0,Zero
DATAFLOW,OECD.CFE.EDS:DSD_REG_DEMO@DF_POP_5Y(1.0),Population by 5-year age groups - Regions,I,A,Annual,TL3,TL3,_Z,Not applicable,AT125,Weinviertel,POP,Population,_T,Total,_T,Total,PS,Persons,2020,,125210,,AUT,Austria,A,Normal value,0,Units,0,Zero
DATAFLOW,OECD.CFE.EDS:DSD_REG_DEMO@DF_POP_5Y(1.0),Population by 5-year age groups - Regions,I,A,Annual,TL3,TL3,_Z,Not applicable,AT125,Weinviertel,POP,Population,_T,Total,_T,Total,PS,Persons,2021,,125490,,AUT,Austria,A,Normal value,0,Units,0,Zero
DATAFLOW,OECD.CFE.EDS:DSD_REG_DEMO@DF_POP_5Y(1.0),Population by 5-year age groups - Regions,I,A,Annual,TL3,TL3,_Z,Not applicable,AT125,Weinviertel,POP,Population,_T,Total,_T,Total,PS,Persons,2022,,126272,,AUT,Austria,A,Normal value,0,Units,0,Zero
DATAFLOW,OECD.CFE.EDS:DSD_REG_DEMO@DF_POP_5Y(1.0),Population by 5-year age groups - Regions,I,A,Annual,TL2,TL2,_Z,Not applicable,AT31,Upper Austria,POP,Population,_T,Total,_T,Total,PS_KM2,Persons per square kilometer,2018,,125.76,,AUT,Austria,A,Normal value,0,Units,2,Two
DATAFLOW,OECD.CFE.EDS:DSD_REG_DEMO@DF_POP_5Y(1.0),Population by 5-year age groups - Regions,I,A,Annual,TL2,TL2,_Z,Not applicable,AT31,Upper Austria,POP,Population,_T,Total,_T,Total,PS_KM2,Persons per square kilometer,2019,,126.49,,AUT,Austria,A,Normal value,0,Units,2,Two
DATAFLOW,OECD.CFE.EDS:DSD_REG_DEMO@DF_POP_5Y(1.0),Population by 5-year age groups - Regions,I,A,Annual,TL2,TL2,_Z,Not applicable,AT31,Upper Austria,POP,Population,_T,Total,_T,Total,PS_KM2,Persons per square kilometer,2020,,127.19,,AUT,Austria,A,Normal value,0,Units,2,Two
DATAFLOW,OECD.CFE.EDS:DSD_REG_DEMO@DF_POP_5Y(1.0),Population by 5-year age groups - Regions,I,A,Annual,TL2,TL2,_Z,Not applicable,AT31,Upper Austria,POP,Population,_T,Total,_T,Total,PS_KM2,Persons per square kilometer,2021,,127.64,,AUT,Austria,A,Normal value,0,Units,2,Two
DATAFLOW,OECD.CFE.EDS:DSD_REG_DEMO@DF_POP_5Y(1.0),Population by 5-year age groups - Regions,I,A,Annual,TL2,TL2,_Z,Not applicable,AT31,Upper Austria,POP,Population,_T,Total,_T,Total,PS_KM2,Persons per square kilometer,2022,,128.46,,AUT,Austria,A,Normal value,0,Units,2,Two
DATAFLOW,OECD.CFE.EDS:DSD_REG_DEMO@DF_POP_5Y(1.0),Population by 5-year age groups - Regions,I,A,Annual,TL3,TL3,_Z,Not applicable,AT335,Tyrolean Unterland,POP,Population,_T,Total,_T,Total,PS,Persons,2019,,257436,,AUT,Austria,A,Normal value,0,Units,0,Zero
DATAFLOW,OECD.CFE.EDS:DSD_REG_DEMO@DF_POP_5Y(1.0),Population by 5-year age groups - Regions,I,A,Annual,TL3,TL3,_Z,Not applicable,AT335,Tyrolean Unterland,POP,Population,_T,Total,_T,Total,PS,Persons,2020,,258784,,AUT,Austria,A,Normal value,0,Units,0,Zero
DATAFLOW,OECD.CFE.EDS:DSD_REG_DEMO@DF_POP_5Y(1.0),Population by 5-year age groups - Regions,I,A,Annual,TL3,TL3,_Z,Not applicable,AT335,Tyrolean Unterland,POP,Population,_T,Total,_T,Total,PS,Persons,2021,,260212,,AUT,Austria,A,Normal value,0,Units,0,Zero
DATAFLOW,OECD.CFE.EDS:DSD_REG_DEMO@DF_POP_5Y(1.0),Population by 5-year age groups - Regions,I,A,Annual,TL3,TL3,_Z,Not applicable,AT335,Tyrolean Unterland,POP,Population,_T,Total,_T,Total,PS,Persons,2022,,262460,,AUT,Austria,A,Normal value,0,Units,0,Zero
DATAFLOW,OECD.CFE.EDS:DSD_REG_DEMO@DF_POP_5Y(1.0),Population by 5-year age groups - Regions,I,A,Annual,TL3,TL3,_Z,Not applicable,AT335,Tyrolean Unterland,POP,Population,_T,Total,_T,Total,PS,Persons,2018,,255529,,AUT,Austria,A,Normal value,0,Units,0,Zero
DATAFLOW,OECD.CFE.EDS:DSD_REG_DEMO@DF_POP_5Y(1.0),Population by 5-year age groups - Regions,I,A,Annual,TL3,TL3,_Z,Not applicable,AT224,Oststeiermark,POP,Population,_T,Total,_T,Total,PS_KM2,Persons per square kilometer,2019,,80.98,,AUT,Austria,A,Normal value,0,Units,2,Two
DATAFLOW,OECD.CFE.EDS:DSD_REG_DEMO@DF_POP_5Y(1.0),Population by 5-year age groups - Regions,I,A,Annual,TL3,TL3,_Z,Not applicable,AT224,Oststeiermark,POP,Population,_T,Total,_T,Total,PS_KM2,Persons per square kilometer,2020,,81,,AUT,Austria,A,Normal value,0,Units,2,Two
DATAFLOW,OECD.CFE.EDS:DSD_REG_DEMO@DF_POP_5Y(1.0),Population by 5-year age groups - Regions,I,A,Annual,TL3,TL3,_Z,Not applicable,AT224,Oststeiermark,POP,Population,_T,Total,_T,Total,PS_KM2,Persons per square kilometer,2021,,80.51,,AUT,Austria,A,Normal value,0,Units,2,Two
DATAFLOW,OECD.CFE.EDS:DSD_REG_DEMO@DF_POP_5Y(1.0),Population by 5-year age groups - Regions,I,A,Annual,TL3,TL3,_Z,Not applicable,AT224,Oststeiermark,POP,Population,_T,Total,_T,Total,PS_KM2,Persons per square kilometer,2022,,80.74,,AUT,Austria,A,Normal value,0,Units,2,Two
DATAFLOW,OECD.CFE.EDS:DSD_REG_DEMO@DF_POP_5Y(1.0),Population by 5-year age groups - Regions,I,A,Annual,TL3,TL3,_Z,Not applicable,AT224,Oststeiermark,POP,Population,_T,Total,_T,Total,PS_KM2,Persons per square kilometer,2018,,80.86,,AUT,Austria,A,Normal value,0,Units,2,Two
DATAFLOW,OECD.CFE.EDS:DSD_REG_DEMO@DF_POP_5Y(1.0),Population by 5-year age groups - Regions,I,A,Annual,TL3,TL3,_Z,Not applicable,AT211,Klagenfurt-Villach,POP,Population,_T,Total,_T,Total,PS_KM2,Persons per square kilometer,2018,,146.36,,AUT,Austria,A,Normal value,0,Units,2,Two
DATAFLOW,OECD.CFE.EDS:DSD_REG_DEMO@DF_POP_5Y(1.0),Population by 5-year age groups - Regions,I,A,Annual,TL3,TL3,_Z,Not applicable,AT211,Klagenfurt-Villach,POP,Population,_T,Total,_T,Total,PS_KM2,Persons per square kilometer,2019,,146.85,,AUT,Austria,A,Normal value,0,Units,2,Two
DATAFLOW,OECD.CFE.EDS:DSD_REG_DEMO@DF_POP_5Y(1.0),Population by 5-year age groups - Regions,I,A,Annual,TL3,TL3,_Z,Not applicable,AT211,Klagenfurt-Villach,POP,Population,_T,Total,_T,Total,PS_KM2,Persons per square kilometer,2020,,147.5,,AUT,Austria,A,Normal value,0,Units,2,Two
DATAFLOW,OECD.CFE.EDS:DSD_REG_DEMO@DF_POP_5Y(1.0),Population by 5-year age groups - Regions,I,A,Annual,TL3,TL3,_Z,Not applicable,AT211,Klagenfurt-Villach,POP,Population,_T,Total,_T,Total,PS_KM2,Persons per square kilometer,2021,,148.33,,AUT,Austria,A,Normal value,0,Units,2,Two
DATAFLOW,OECD.CFE.EDS:DSD_REG_DEMO@DF_POP_5Y(1.0),Population by 5-year age groups - Regions,I,A,Annual,TL2,TL2,_Z,Not applicable,AU3,Queensland,POP,Population,_T,Total,_T,Total,PS,Persons,2018,,5010502,,AUS,Australia,A,Normal value,0,Units,0,Zero
DATAFLOW,OECD.CFE.EDS:DSD_REG_DEMO@DF_POP_5Y(1.0),Population by 5-year age groups - Regions,I,A,Annual,TL2,TL2,_Z,Not applicable,AU3,Queensland,POP,Population,_T,Total,_T,Total,PS,Persons,2019,,5094718,,AUS,Australia,A,Normal value,0,Units,0,Zero
DATAFLOW,OECD.CFE.EDS:DSD_REG_DEMO@DF_POP_5Y(1.0),Population by 5-year age groups - Regions,I,A,Annual,TL2,TL2,_Z,Not applicable,AU3,Queensland,POP,Population,_T,Total,_T,Total,PS,Persons,2020,,5175003,,AUS,Australia,A,Normal value,0,Units,0,Zero
DATAFLOW,OECD.CFE.EDS:DSD_REG_DEMO@DF_POP_5Y(1.0),Population by 5-year age groups - Regions,I,A,Annual,TL2,TL2,_Z,Not applicable,AU3,Queensland,POP,Population,_T,Total,_T,Total,PS,Persons,2021,,5217653,,AUS,Australia,A,Normal value,0,Units,0,Zero
DATAFLOW,OECD.CFE.EDS:DSD_REG_DEMO@DF_POP_5Y(1.0),Population by 5-year age groups - Regions,I,A,Annual,TL2,TL2,_Z,Not applicable,AU3,Queensland,POP,Population,_T,Total,_T,Total,PS,Persons,2022,,5322058,,AUS,Australia,A,Normal value,0,Units,0,Zero
DATAFLOW,OECD.CFE.EDS:DSD_REG_DEMO@DF_POP_5Y(1.0),Population by 5-year age groups - Regions,I,A,Annual,TL2,TL2,_Z,Not applicable,AT22,Styria,POP,Population,_T,Total,_T,Total,PS_KM2,Persons per square kilometer,2018,,76.31,,AUT,Austria,A,Normal value,0,Units,2,Two
DATAFLOW,OECD.CFE.EDS:DSD_REG_DEMO@DF_POP_5Y(1.0),Population by 5-year age groups - Regions,I,A,Annual,TL2,TL2,_Z,Not applicable,AT22,Styria,POP,Population,_T,Total,_T,Total,PS_KM2,Persons per square kilometer,2019,,76.49,,AUT,Austria,A,Normal value,0,Units,2,Two
DATAFLOW,OECD.CFE.EDS:DSD_REG_DEMO@DF_POP_5Y(1.0),Population by 5-year age groups - Regions,I,A,Annual,TL2,TL2,_Z,Not applicable,AT22,Styria,POP,Population,_T,Total,_T,Total,PS_KM2,Persons per square kilometer,2020,,76.69,,AUT,Austria,A,Normal value,0,Units,2,Two
DATAFLOW,OECD.CFE.EDS:DSD_REG_DEMO@DF_POP_5Y(1.0),Population by 5-year age groups - Regions,I,A,Annual,TL2,TL2,_Z,Not applicable,AT22,Styria,POP,Population,_T,Total,_T,Total,PS_KM2,Persons per square kilometer,2021,,76.73,,AUT,Austria,A,Normal value,0,Units,2,Two
DATAFLOW,OECD.CFE.EDS:DSD_REG_DEMO@DF_POP_5Y(1.0),Population by 5-year age groups - Regions,I,A,Annual,TL2,TL2,_Z,Not applicable,AT22,Styria,POP,Population,_T,Total,_T,Total,PS_KM2,Persons per square kilometer,2022,,77.09,,AUT,Austria,A,Normal value,0,Units,2,Two
DATAFLOW,OECD.CFE.EDS:DSD_REG_DEMO@DF_POP_5Y(1.0),Population by 5-year age groups - Regions,I,A,Annual,TL2,TL2,_Z,Not applicable,AT13,Vienna,POP,Population,_T,Total,_T,Total,PS_KM2,Persons per square kilometer,2018,,4769.64,,AUT,Austria,A,Normal value,0,Units,2,Two
DATAFLOW,OECD.CFE.EDS:DSD_REG_DEMO@DF_POP_5Y(1.0),Population by 5-year age groups - Regions,I,A,Annual,TL2,TL2,_Z,Not applicable,AT13,Vienna,POP,Population,_T,Total,_T,Total,PS_KM2,Persons per square kilometer,2019,,4791.64,,AUT,Austria,A,Normal value,0,Units,2,Two
DATAFLOW,OECD.CFE.EDS:DSD_REG_DEMO@DF_POP_5Y(1.0),Population by 5-year age groups - Regions,I,A,Annual,TL2,TL2,_Z,Not applicable,AT13,Vienna,POP,Population,_T,Total,_T,Total,PS_KM2,Persons per square kilometer,2020,,4826.24,,AUT,Austria,A,Normal value,0,Units,2,Two
DATAFLOW,OECD.CFE.EDS:DSD_REG_DEMO@DF_POP_5Y(1.0),Population by 5-year age groups - Regions,I,A,Annual,TL2,TL2,_Z,Not applicable,AT13,Vienna,POP,Population,_T,Total,_T,Total,PS_KM2,Persons per square kilometer,2021,,4850.88,,AUT,Austria,A,Normal value,0,Units,2,Two
DATAFLOW,OECD.CFE.EDS:DSD_REG_DEMO@DF_POP_5Y(1.0),Population by 5-year age groups - Regions,I,A,Annual,TL2,TL2,_Z,Not applicable,AT13,Vienna,POP,Population,_T,Total,_T,Total,PS_KM2,Persons per square kilometer,2022,,4877.76,,AUT,Austria,A,Normal value,0,Units,2,Two
DATAFLOW,OECD.CFE.EDS:DSD_REG_DEMO@DF_POP_5Y(1.0),Population by 5-year age groups - Regions,I,A,Annual,TL2,TL2,_Z,Not applicable,AU6,Tasmania,POP,Population,_T,Total,_T,Total,PS_KM2,Persons per square kilometer,2022,,8.42,,AUS,Australia,A,Normal value,0,Units,2,Two
DATAFLOW,OECD.CFE.EDS:DSD_REG_DEMO@DF_POP_5Y(1.0),Population by 5-year age groups - Regions,I,A,Annual,TL2,TL2,_Z,Not applicable,AU6,Tasmania,POP,Population,_T,Total,_T,Total,PS_KM2,Persons per square kilometer,2018,,7.95,,AUS,Australia,A,Normal value,0,Units,2,Two
DATAFLOW,OECD.CFE.EDS:DSD_REG_DEMO@DF_POP_5Y(1.0),Population by 5-year age groups - Regions,I,A,Annual,TL2,TL2,_Z,Not applicable,AU6,Tasmania,POP,Population,_T,Total,_T,Total,PS_KM2,Persons per square kilometer,2019,,8.13,,AUS,Australia,A,Normal value,0,Units,2,Two
DATAFLOW,OECD.CFE.EDS:DSD_REG_DEMO@DF_POP_5Y(1.0),Population by 5-year age groups - Regions,I,A,Annual,TL2,TL2,_Z,Not applicable,AU6,Tasmania,POP,Population,_T,Total,_T,Total,PS_KM2,Persons per square kilometer,2020,,8.3,,AUS,Australia,A,Normal value,0,Units,2,Two
DATAFLOW,OECD.CFE.EDS:DSD_REG_DEMO@DF_POP_5Y(1.0),Population by 5-year age groups - Regions,I,A,Annual,TL2,TL2,_Z,Not applicable,AU6,Tasmania,POP,Population,_T,Total,_T,Total,PS_KM2,Persons per square kilometer,2021,,8.36,,AUS,Australia,A,Normal value,0,Units,2,Two
DATAFLOW,OECD.CFE.EDS:DSD_REG_DEMO@DF_POP_5Y(1.0),Population by 5-year age groups - Regions,I,A,Annual,TL3,TL3,_Z,Not applicable,AT334,Tyrolean Oberland,POP,Population,_T,Total,_T,Total,PS_KM2,Persons per square kilometer,2018,,31.62,,AUT,Austria,A,Normal value,0,Units,2,Two
DATAFLOW,OECD.CFE.EDS:DSD_REG_DEMO@DF_POP_5Y(1.0),Population by 5-year age groups - Regions,I,A,Annual,TL3,TL3,_Z,Not applicable,AT334,Tyrolean Oberland,POP,Population,_T,Total,_T,Total,PS_KM2,Persons per square kilometer,2019,,31.77,,AUT,Austria,A,Normal value,0,Units,2,Two
DATAFLOW,OECD.CFE.EDS:DSD_REG_DEMO@DF_POP_5Y(1.0),Population by 5-year age groups - Regions,I,A,Annual,TL3,TL3,_Z,Not applicable,AT334,Tyrolean Oberland,POP,Population,_T,Total,_T,Total,PS_KM2,Persons per square kilometer,2020,,31.9,,AUT,Austria,A,Normal value,0,Units,2,Two
DATAFLOW,OECD.CFE.EDS:DSD_REG_DEMO@DF_POP_5Y(1.0),Population by 5-year age groups - Regions,I,A,Annual,TL3,TL3,_Z,Not applicable,AT334,Tyrolean Oberland,POP,Population,_T,Total,_T,Total,PS_KM2,Persons per square kilometer,2021,,32.03,,AUT,Austria,A,Normal value,0,Units,2,Two
DATAFLOW,OECD.CFE.EDS:DSD_REG_DEMO@DF_POP_5Y(1.0),Population by 5-year age groups - Regions,I,A,Annual,TL3,TL3,_Z,Not applicable,AT334,Tyrolean Oberland,POP,Population,_T,Total,_T,Total,PS_KM2,Persons per square kilometer,2022,,32.26,,AUT,Austria,A,Normal value,0,Units,2,Two
DATAFLOW,OECD.CFE.EDS:DSD_REG_DEMO@DF_POP_5Y(1.0),Population by 5-year age groups - Regions,I,A,Annual,TL2,TL2,_Z,Not applicable,AU5,Western Australia,POP,Population,_T,Total,_T,Total,PS,Persons,2018,,2621052,,AUS,Australia,A,Normal value,0,Units,0,Zero
DATAFLOW,OECD.CFE.EDS:DSD_REG_DEMO@DF_POP_5Y(1.0),Population by 5-year age groups - Regions,I,A,Annual,TL2,TL2,_Z,Not applicable,AU5,Western Australia,POP,Population,_T,Total,_T,Total,PS,Persons,2019,,2663795,,AUS,Australia,A,Normal value,0,Units,0,Zero
DATAFLOW,OECD.CFE.EDS:DSD_REG_DEMO@DF_POP_5Y(1.0),Population by 5-year age groups - Regions,I,A,Annual,TL2,TL2,_Z,Not applicable,AU5,Western Australia,POP,Population,_T,Total,_T,Total,PS,Persons,2020,,2718400,,AUS,Australia,A,Normal value,0,Units,0,Zero
DATAFLOW,OECD.CFE.EDS:DSD_REG_DEMO@DF_POP_5Y(1.0),Population by 5-year age groups - Regions,I,A,Annual,TL2,TL2,_Z,Not applicable,AU5,Western Australia,POP,Population,_T,Total,_T,Total,PS,Persons,2021,,2749864,,AUS,Australia,A,Normal value,0,Units,0,Zero
DATAFLOW,OECD.CFE.EDS:DSD_REG_DEMO@DF_POP_5Y(1.0),Population by 5-year age groups - Regions,I,A,Annual,TL2,TL2,_Z,Not applicable,AU5,Western Australia,POP,Population,_T,Total,_T,Total,PS,Persons,2022,,2785312,,AUS,Australia,A,Normal value,0,Units,0,Zero
DATAFLOW,OECD.CFE.EDS:DSD_REG_DEMO@DF_POP_5Y(1.0),Population by 5-year age groups - Regions,I,A,Annual,TL2,TL2,_Z,Not applicable,AT33,Tyrol,POP,Population,_T,Total,_T,Total,PS_KM2,Persons per square kilometer,2018,,60.04,,AUT,Austria,A,Normal value,0,Units,2,Two
DATAFLOW,OECD.CFE.EDS:DSD_REG_DEMO@DF_POP_5Y(1.0),Population by 5-year age groups - Regions,I,A,Annual,TL2,TL2,_Z,Not applicable,AT33,Tyrol,POP,Population,_T,Total,_T,Total,PS_KM2,Persons per square kilometer,2019,,60.32,,AUT,Austria,A,Normal value,0,Units,2,Two
DATAFLOW,OECD.CFE.EDS:DSD_REG_DEMO@DF_POP_5Y(1.0),Population by 5-year age groups - Regions,I,A,Annual,TL2,TL2,_Z,Not applicable,AT33,Tyrol,POP,Population,_T,Total,_T,Total,PS_KM2,Persons per square kilometer,2020,,60.56,,AUT,Austria,A,Normal value,0,Units,2,Two
DATAFLOW,OECD.CFE.EDS:DSD_REG_DEMO@DF_POP_5Y(1.0),Population by 5-year age groups - Regions,I,A,Annual,TL2,TL2,_Z,Not applicable,AT33,Tyrol,POP,Population,_T,Total,_T,Total,PS_KM2,Persons per square kilometer,2021,,60.75,,AUT,Austria,A,Normal value,0,Units,2,Two
DATAFLOW,OECD.CFE.EDS:DSD_REG_DEMO@DF_POP_5Y(1.0),Population by 5-year age groups - Regions,I,A,Annual,TL2,TL2,_Z,Not applicable,AT33,Tyrol,POP,Population,_T,Total,_T,Total,PS_KM2,Persons per square kilometer,2022,,61.07,,AUT,Austria,A,Normal value,0,Units,2,Two
DATAFLOW,OECD.CFE.EDS:DSD_REG_DEMO@DF_POP_5Y(1.0),Population by 5-year age groups - Regions,I,A,Annual,TL3,TL3,_Z,Not applicable,AT312,Linz-Wels,POP,Population,_T,Total,_T,Total,PS,Persons,2018,,587029,,AUT,Austria,A,Normal value,0,Units,0,Zero
DATAFLOW,OECD.CFE.EDS:DSD_REG_DEMO@DF_POP_5Y(1.0),Population by 5-year age groups - Regions,I,A,Annual,TL3,TL3,_Z,Not applicable,AT312,Linz-Wels,POP,Population,_T,Total,_T,Total,PS,Persons,2021,,598030,,AUT,Austria,A,Normal value,0,Units,0,Zero
DATAFLOW,OECD.CFE.EDS:DSD_REG_DEMO@DF_POP_5Y(1.0),Population by 5-year age groups - Regions,I,A,Annual,TL3,TL3,_Z,Not applicable,AT312,Linz-Wels,POP,Population,_T,Total,_T,Total,PS,Persons,2022,,601998,,AUT,Austria,A,Normal value,0,Units,0,Zero
DATAFLOW,OECD.CFE.EDS:DSD_REG_DEMO@DF_POP_5Y(1.0),Population by 5-year age groups - Regions,I,A,Annual,TL3,TL3,_Z,Not applicable,AT312,Linz-Wels,POP,Population,_T,Total,_T,Total,PS,Persons,2019,,591781,,AUT,Austria,A,Normal value,0,Units,0,Zero
DATAFLOW,OECD.CFE.EDS:DSD_REG_DEMO@DF_POP_5Y(1.0),Population by 5-year age groups - Regions,I,A,Annual,TL3,TL3,_Z,Not applicable,AT312,Linz-Wels,POP,Population,_T,Total,_T,Total,PS,Persons,2020,,595637,,AUT,Austria,A,Normal value,0,Units,0,Zero
DATAFLOW,OECD.CFE.EDS:DSD_REG_DEMO@DF_POP_5Y(1.0),Population by 5-year age groups - Regions,I,A,Annual,TL2,TL2,_Z,Not applicable,AT31,Upper Austria,POP,Population,_T,Total,_T,Total,PS,Persons,2018,,1473576,,AUT,Austria,A,Normal value,0,Units,0,Zero
DATAFLOW,OECD.CFE.EDS:DSD_REG_DEMO@DF_POP_5Y(1.0),Population by 5-year age groups - Regions,I,A,Annual,TL2,TL2,_Z,Not applicable,AT31,Upper Austria,POP,Population,_T,Total,_T,Total,PS,Persons,2019,,1482095,,AUT,Austria,A,Normal value,0,Units,0,Zero
DATAFLOW,OECD.CFE.EDS:DSD_REG_DEMO@DF_POP_5Y(1.0),Population by 5-year age groups - Regions,I,A,Annual,TL2,TL2,_Z,Not applicable,AT31,Upper Austria,POP,Population,_T,Total,_T,Total,PS,Persons,2020,,1490279,,AUT,Austria,A,Normal value,0,Units,0,Zero
DATAFLOW,OECD.CFE.EDS:DSD_REG_DEMO@DF_POP_5Y(1.0),Population by 5-year age groups - Regions,I,A,Annual,TL2,TL2,_Z,Not applicable,AT31,Upper Austria,POP,Population,_T,Total,_T,Total,PS,Persons,2021,,1495608,,AUT,Austria,A,Normal value,0,Units,0,Zero
DATAFLOW,OECD.CFE.EDS:DSD_REG_DEMO@DF_POP_5Y(1.0),Population by 5-year age groups - Regions,I,A,Annual,TL2,TL2,_Z,Not applicable,AT31,Upper Austria,POP,Population,_T,Total,_T,Total,PS,Persons,2022,,1505140,,AUT,Austria,A,Normal value,0,Units,0,Zero
DATAFLOW,OECD.CFE.EDS:DSD_REG_DEMO@DF_POP_5Y(1.0),Population by 5-year age groups - Regions,I,A,Annual,TL3,TL3,_Z,Not applicable,AT226,Westliche Obersteiermark,POP,Population,_T,Total,_T,Total,PS_KM2,Persons per square kilometer,2018,,33,,AUT,Austria,A,Normal value,0,Units,2,Two
DATAFLOW,OECD.CFE.EDS:DSD_REG_DEMO@DF_POP_5Y(1.0),Population by 5-year age groups - Regions,I,A,Annual,TL3,TL3,_Z,Not applicable,AT226,Westliche Obersteiermark,POP,Population,_T,Total,_T,Total,PS_KM2,Persons per square kilometer,2019,,32.76,,AUT,Austria,A,Normal value,0,Units,2,Two
DATAFLOW,OECD.CFE.EDS:DSD_REG_DEMO@DF_POP_5Y(1.0),Population by 5-year age groups - Regions,I,A,Annual,TL3,TL3,_Z,Not applicable,AT226,Westliche Obersteiermark,POP,Population,_T,Total,_T,Total,PS_KM2,Persons per square kilometer,2020,,32.62,,AUT,Austria,A,Normal value,0,Units,2,Two
DATAFLOW,OECD.CFE.EDS:DSD_REG_DEMO@DF_POP_5Y(1.0),Population by 5-year age groups - Regions,I,A,Annual,TL3,TL3,_Z,Not applicable,AT226,Westliche Obersteiermark,POP,Population,_T,Total,_T,Total,PS_KM2,Persons per square kilometer,2021,,32.48,,AUT,Austria,A,Normal value,0,Units,2,Two
DATAFLOW,OECD.CFE.EDS:DSD_REG_DEMO@DF_POP_5Y(1.0),Population by 5-year age groups - Regions,I,A,Annual,TL3,TL3,_Z,Not applicable,AT226,Westliche Obersteiermark,POP,Population,_T,Total,_T,Total,PS_KM2,Persons per square kilometer,2022,,32.38,,AUT,Austria,A,Normal value,0,Units,2,Two
DATAFLOW,OECD.CFE.EDS:DSD_REG_DEMO@DF_POP_5Y(1.0),Population by 5-year age groups - Regions,I,A,Annual,TL3,TL3,_Z,Not applicable,AT314,Steyr-Kirchdorf,POP,Population,_T,Total,_T,Total,PS_KM2,Persons per square kilometer,2018,,70.21,,AUT,Austria,A,Normal value,0,Units,2,Two
DATAFLOW,OECD.CFE.EDS:DSD_REG_DEMO@DF_POP_5Y(1.0),Population by 5-year age groups - Regions,I,A,Annual,TL3,TL3,_Z,Not applicable,AT314,Steyr-Kirchdorf,POP,Population,_T,Total,_T,Total,PS_KM2,Persons per square kilometer,2019,,70.23,,AUT,Austria,A,Normal value,0,Units,2,Two
DATAFLOW,OECD.CFE.EDS:DSD_REG_DEMO@DF_POP_5Y(1.0),Population by 5-year age groups - Regions,I,A,Annual,TL3,TL3,_Z,Not applicable,AT314,Steyr-Kirchdorf,POP,Population,_T,Total,_T,Total,PS_KM2,Persons per square kilometer,2020,,70.39,,AUT,Austria,A,Normal value,0,Units,2,Two
DATAFLOW,OECD.CFE.EDS:DSD_REG_DEMO@DF_POP_5Y(1.0),Population by 5-year age groups - Regions,I,A,Annual,TL3,TL3,_Z,Not applicable,AT314,Steyr-Kirchdorf,POP,Population,_T,Total,_T,Total,PS_KM2,Persons per square kilometer,2021,,70.48,,AUT,Austria,A,Normal value,0,Units,2,Two
DATAFLOW,OECD.CFE.EDS:DSD_REG_DEMO@DF_POP_5Y(1.0),Population by 5-year age groups - Regions,I,A,Annual,TL3,TL3,_Z,Not applicable,AT314,Steyr-Kirchdorf,POP,Population,_T,Total,_T,Total,PS_KM2,Persons per square kilometer,2022,,70.73,,AUT,Austria,A,Normal value,0,Units,2,Two
DATAFLOW,OECD.CFE.EDS:DSD_REG_DEMO@DF_POP_5Y(1.0),Population by 5-year age groups - Regions,I,A,Annual,TL3,TL3,_Z,Not applicable,AT321,Lungau,POP,Population,_T,Total,_T,Total,PS,Persons,2018,,20344,,AUT,Austria,A,Normal value,0,Units,0,Zero
DATAFLOW,OECD.CFE.EDS:DSD_REG_DEMO@DF_POP_5Y(1.0),Population by 5-year age groups - Regions,I,A,Annual,TL3,TL3,_Z,Not applicable,AT321,Lungau,POP,Population,_T,Total,_T,Total,PS,Persons,2019,,20320,,AUT,Austria,A,Normal value,0,Units,0,Zero
DATAFLOW,OECD.CFE.EDS:DSD_REG_DEMO@DF_POP_5Y(1.0),Population by 5-year age groups - Regions,I,A,Annual,TL3,TL3,_Z,Not applicable,AT321,Lungau,POP,Population,_T,Total,_T,Total,PS,Persons,2020,,20251,,AUT,Austria,A,Normal value,0,Units,0,Zero
DATAFLOW,OECD.CFE.EDS:DSD_REG_DEMO@DF_POP_5Y(1.0),Population by 5-year age groups - Regions,I,A,Annual,TL3,TL3,_Z,Not applicable,AT321,Lungau,POP,Population,_T,Total,_T,Total,PS,Persons,2021,,20118,,AUT,Austria,A,Normal value,0,Units,0,Zero
DATAFLOW,OECD.CFE.EDS:DSD_REG_DEMO@DF_POP_5Y(1.0),Population by 5-year age groups - Regions,I,A,Annual,TL3,TL3,_Z,Not applicable,AT321,Lungau,POP,Population,_T,Total,_T,Total,PS,Persons,2022,,20159,,AUT,Austria,A,Normal value,0,Units,0,Zero
DATAFLOW,OECD.CFE.EDS:DSD_REG_DEMO@DF_POP_5Y(1.0),Population by 5-year age groups - Regions,I,A,Annual,TL3,TL3,_Z,Not applicable,AT111,Mittelburgenland,POP,Population,_T,Total,_T,Total,PS,Persons,2018,,37661,,AUT,Austria,A,Normal value,0,Units,0,Zero
DATAFLOW,OECD.CFE.EDS:DSD_REG_DEMO@DF_POP_5Y(1.0),Population by 5-year age groups - Regions,I,A,Annual,TL3,TL3,_Z,Not applicable,AT111,Mittelburgenland,POP,Population,_T,Total,_T,Total,PS,Persons,2019,,37513,,AUT,Austria,A,Normal value,0,Units,0,Zero
DATAFLOW,OECD.CFE.EDS:DSD_REG_DEMO@DF_POP_5Y(1.0),Population by 5-year age groups - Regions,I,A,Annual,TL3,TL3,_Z,Not applicable,AT111,Mittelburgenland,POP,Population,_T,Total,_T,Total,PS,Persons,2020,,37384,,AUT,Austria,A,Normal value,0,Units,0,Zero
DATAFLOW,OECD.CFE.EDS:DSD_REG_DEMO@DF_POP_5Y(1.0),Population by 5-year age groups - Regions,I,A,Annual,TL3,TL3,_Z,Not applicable,AT111,Mittelburgenland,POP,Population,_T,Total,_T,Total,PS,Persons,2021,,37453,,AUT,Austria,A,Normal value,0,Units,0,Zero
DATAFLOW,OECD.CFE.EDS:DSD_REG_DEMO@DF_POP_5Y(1.0),Population by 5-year age groups - Regions,I,A,Annual,TL3,TL3,_Z,Not applicable,AT111,Mittelburgenland,POP,Population,_T,Total,_T,Total,PS,Persons,2022,,37524,,AUT,Austria,A,Normal value,0,Units,0,Zero
DATAFLOW,OECD.CFE.EDS:DSD_REG_DEMO@DF_POP_5Y(1.0),Population by 5-year age groups - Regions,I,A,Annual,TL3,TL3,_Z,Not applicable,AT315,Traunviertel,POP,Population,_T,Total,_T,Total,PS,Persons,2018,,236572,,AUT,Austria,A,Normal value,0,Units,0,Zero
DATAFLOW,OECD.CFE.EDS:DSD_REG_DEMO@DF_POP_5Y(1.0),Population by 5-year age groups - Regions,I,A,Annual,TL3,TL3,_Z,Not applicable,AT315,Traunviertel,POP,Population,_T,Total,_T,Total,PS,Persons,2019,,237884,,AUT,Austria,A,Normal value,0,Units,0,Zero
DATAFLOW,OECD.CFE.EDS:DSD_REG_DEMO@DF_POP_5Y(1.0),Population by 5-year age groups - Regions,I,A,Annual,TL3,TL3,_Z,Not applicable,AT315,Traunviertel,POP,Population,_T,Total,_T,Total,PS,Persons,2020,,239156,,AUT,Austria,A,Normal value,0,Units,0,Zero
DATAFLOW,OECD.CFE.EDS:DSD_REG_DEMO@DF_POP_5Y(1.0),Population by 5-year age groups - Regions,I,A,Annual,TL3,TL3,_Z,Not applicable,AT315,Traunviertel,POP,Population,_T,Total,_T,Total,PS,Persons,2021,,240095,,AUT,Austria,A,Normal value,0,Units,0,Zero
DATAFLOW,OECD.CFE.EDS:DSD_REG_DEMO@DF_POP_5Y(1.0),Population by 5-year age groups - Regions,I,A,Annual,TL3,TL3,_Z,Not applicable,AT315,Traunviertel,POP,Population,_T,Total,_T,Total,PS,Persons,2022,,241751,,AUT,Austria,A,Normal value,0,Units,0,Zero
DATAFLOW,OECD.CFE.EDS:DSD_REG_DEMO@DF_POP_5Y(1.0),Population by 5-year age groups - Regions,I,A,Annual,TL2,TL2,_Z,Not applicable,AT21,Carinthia,POP,Population,_T,Total,_T,Total,PS_KM2,Persons per square kilometer,2018,,59.88,,AUT,Austria,A,Normal value,0,Units,2,Two
DATAFLOW,OECD.CFE.EDS:DSD_REG_DEMO@DF_POP_5Y(1.0),Population by 5-year age groups - Regions,I,A,Annual,TL2,TL2,_Z,Not applicable,AT21,Carinthia,POP,Population,_T,Total,_T,Total,PS_KM2,Persons per square kilometer,2019,,59.88,,AUT,Austria,A,Normal value,0,Units,2,Two
DATAFLOW,OECD.CFE.EDS:DSD_REG_DEMO@DF_POP_5Y(1.0),Population by 5-year age groups - Regions,I,A,Annual,TL2,TL2,_Z,Not applicable,AT21,Carinthia,POP,Population,_T,Total,_T,Total,PS_KM2,Persons per square kilometer,2020,,59.92,,AUT,Austria,A,Normal value,0,Units,2,Two
DATAFLOW,OECD.CFE.EDS:DSD_REG_DEMO@DF_POP_5Y(1.0),Population by 5-year age groups - Regions,I,A,Annual,TL2,TL2,_Z,Not applicable,AT21,Carinthia,POP,Population,_T,Total,_T,Total,PS_KM2,Persons per square kilometer,2021,,60.01,,AUT,Austria,A,Normal value,0,Units,2,Two
DATAFLOW,OECD.CFE.EDS:DSD_REG_DEMO@DF_POP_5Y(1.0),Population by 5-year age groups - Regions,I,A,Annual,TL2,TL2,_Z,Not applicable,AT21,Carinthia,POP,Population,_T,Total,_T,Total,PS_KM2,Persons per square kilometer,2022,,60.27,,AUT,Austria,A,Normal value,0,Units,2,Two
DATAFLOW,OECD.CFE.EDS:DSD_REG_DEMO@DF_POP_5Y(1.0),Population by 5-year age groups - Regions,I,A,Annual,TL3,TL3,_Z,Not applicable,AT342,Rheintal-Bodenseegebiet,POP,Population,_T,Total,_T,Total,PS,Persons,2018,,300342,,AUT,Austria,A,Normal value,0,Units,0,Zero
DATAFLOW,OECD.CFE.EDS:DSD_REG_DEMO@DF_POP_5Y(1.0),Population by 5-year age groups - Regions,I,A,Annual,TL3,TL3,_Z,Not applicable,AT342,Rheintal-Bodenseegebiet,POP,Population,_T,Total,_T,Total,PS,Persons,2019,,302408,,AUT,Austria,A,Normal value,0,Units,0,Zero
DATAFLOW,OECD.CFE.EDS:DSD_REG_DEMO@DF_POP_5Y(1.0),Population by 5-year age groups - Regions,I,A,Annual,TL3,TL3,_Z,Not applicable,AT342,Rheintal-Bodenseegebiet,POP,Population,_T,Total,_T,Total,PS,Persons,2020,,304777,,AUT,Austria,A,Normal value,0,Units,0,Zero
DATAFLOW,OECD.CFE.EDS:DSD_REG_DEMO@DF_POP_5Y(1.0),Population by 5-year age groups - Regions,I,A,Annual,TL3,TL3,_Z,Not applicable,AT342,Rheintal-Bodenseegebiet,POP,Population,_T,Total,_T,Total,PS,Persons,2021,,306581,,AUT,Austria,A,Normal value,0,Units,0,Zero
